time_s,east_m,north_m,terrain_msl_m,uav_msl_m,phase_code,target_index,cruise,agl_m,phase
0,0,0,9.31999999993042,9.31999999993042,1,0,0,0,Takeoff
0.493827160493827,0,0,9.31999999993042,10.8014814814119,1,0,0,1.48148148148148,Takeoff
0.987654320987654,0,0,9.31999999993042,12.2829629628934,1,0,0,2.96296296296296,Takeoff
1.48148148148148,0,0,9.31999999993042,13.7644444443749,1,0,0,4.44444444444444,Takeoff
1.97530864197531,0,0,9.31999999993042,15.2459259258563,1,0,0,5.92592592592593,Takeoff
2.46913580246914,0,0,9.31999999993042,16.7274074073378,1,0,0,7.4074074074074,Takeoff
2.96296296296296,0,0,9.31999999993042,18.2088888888193,1,0,0,8.88888888888889,Takeoff
3.45679012345679,0,0,9.31999999993042,19.6903703703008,1,0,0,10.3703703703704,Takeoff
3.95061728395062,0,0,9.31999999993042,21.1718518517823,1,0,0,11.8518518518519,Takeoff
4.44444444444444,0,0,9.31999999993042,22.6533333332638,1,0,0,13.3333333333333,Takeoff
4.93827160493827,0,0,9.31999999993042,24.1348148147452,1,0,0,14.8148148148148,Takeoff
5.4320987654321,0,0,9.31999999993042,25.6162962962267,1,0,0,16.2962962962963,Takeoff
5.92592592592593,0,0,9.31999999993042,27.0977777777082,1,0,0,17.7777777777778,Takeoff
6.41975308641975,0,0,9.31999999993042,28.5792592591897,1,0,0,19.2592592592593,Takeoff
6.91358024691358,0,0,9.31999999993042,30.0607407406712,1,0,0,20.7407407407407,Takeoff
7.40740740740741,0,0,9.31999999993042,31.5422222221526,1,0,0,22.2222222222222,Takeoff
7.90123456790123,0,0,9.31999999993042,33.0237037036341,1,0,0,23.7037037037037,Takeoff
8.39506172839506,0,0,9.31999999993042,34.5051851851156,1,0,0,25.1851851851852,Takeoff
8.88888888888889,0,0,9.31999999993042,35.9866666665971,1,0,0,26.6666666666667,Takeoff
9.38271604938272,0,0,9.31999999993042,37.4681481480786,1,0,0,28.1481481481481,Takeoff
9.87654320987654,0,0,9.31999999993042,38.9496296295601,1,0,0,29.6296296296296,Takeoff
10.3703703703704,0,0,9.31999999993042,40.4311111110415,1,0,0,31.1111111111111,Takeoff
10.8641975308642,0,0,9.31999999993042,41.912592592523,1,0,0,32.5925925925926,Takeoff
11.358024691358,0,0,9.31999999993042,43.3940740740045,1,0,0,34.0740740740741,Takeoff
11.8518518518519,0,0,9.31999999993042,44.875555555486,1,0,0,35.5555555555556,Takeoff
12.3456790123457,0,0,9.31999999993042,46.3570370369675,1,0,0,37.037037037037,Takeoff
12.8395061728395,0,0,9.31999999993042,47.8385185184489,1,0,0,38.5185185185185,Takeoff
13.3333333333333,0,0,9.31999999993042,49.3199999999304,1,0,0,40,Takeoff
13.8271604938272,0,0,9.31999999993042,50.8014814814119,1,0,0,41.4814814814815,Takeoff
14.320987654321,0,0,9.31999999993042,52.2829629628934,1,0,0,42.962962962963,Takeoff
14.8148148148148,0,0,9.31999999993042,53.7644444443749,1,0,0,44.4444444444444,Takeoff
15.3086419753086,0,0,9.31999999993042,55.2459259258563,1,0,0,45.9259259259259,Takeoff
15.8024691358025,0,0,9.31999999993042,56.7274074073378,1,0,0,47.4074074074074,Takeoff
16.2962962962963,0,0,9.31999999993042,58.2088888888193,1,0,0,48.8888888888889,Takeoff
16.7901234567901,0,0,9.31999999993042,59.6903703703008,1,0,0,50.3703703703704,Takeoff
17.283950617284,0,0,9.31999999993042,61.1718518517823,1,0,0,51.8518518518518,Takeoff
17.7777777777778,0,0,9.31999999993042,62.6533333332638,1,0,0,53.3333333333333,Takeoff
18.2716049382716,0,0,9.31999999993042,64.1348148147452,1,0,0,54.8148148148148,Takeoff
18.7654320987654,0,0,9.31999999993042,65.6162962962267,1,0,0,56.2962962962963,Takeoff
19.2592592592593,0,0,9.31999999993042,67.0977777777082,1,0,0,57.7777777777778,Takeoff
19.7530864197531,0,0,9.31999999993042,68.5792592591897,1,0,0,59.2592592592593,Takeoff
20.2469135802469,0,0,9.31999999993042,70.0607407406712,1,0,0,60.7407407407408,Takeoff
20.7407407407407,0,0,9.31999999993042,71.5422222221526,1,0,0,62.2222222222222,Takeoff
21.2345679012346,0,0,9.31999999993042,73.0237037036341,1,0,0,63.7037037037037,Takeoff
21.7283950617284,0,0,9.31999999993042,74.5051851851156,1,0,0,65.1851851851852,Takeoff
22.2222222222222,0,0,9.31999999993042,75.9866666665971,1,0,0,66.6666666666667,Takeoff
22.7160493827161,0,0,9.31999999993042,77.4681481480786,1,0,0,68.1481481481482,Takeoff
23.2098765432099,0,0,9.31999999993042,78.9496296295601,1,0,0,69.6296296296296,Takeoff
23.7037037037037,0,0,9.31999999993042,80.4311111110415,1,0,0,71.1111111111111,Takeoff
24.1975308641975,0,0,9.31999999993042,81.912592592523,1,0,0,72.5925925925926,Takeoff
24.6913580246914,0,0,9.31999999993042,83.3940740740045,1,0,0,74.0740740740741,Takeoff
25.1851851851852,0,0,9.31999999993042,84.875555555486,1,0,0,75.5555555555556,Takeoff
25.679012345679,0,0,9.31999999993042,86.3570370369675,1,0,0,77.037037037037,Takeoff
26.1728395061728,0,0,9.31999999993042,87.838518518449,1,0,0,78.5185185185185,Takeoff
26.6666666666667,0,0,9.31999999993042,89.3199999999304,1,0,0,80,Takeoff
26.9990162545268,4.61302606951105,1.89014454630797,8.72720306495727,88.7272030649573,2,1,1,80,Transit
27.3313658423869,9.22605213902209,3.78028909261593,8.09495338430613,88.0949533843061,2,1,1,80,Transit
27.663715430247,13.8390782085331,5.6704336389239,7.42325095780179,87.4232509578018,2,1,1,80,Transit
27.9960650181071,18.4521042780442,7.56057818523186,6.71209578579256,86.7120957857926,2,1,1,80,Transit
28.3284146059672,23.0651303475552,9.45072273153983,5.98530683968978,85.9853068396898,2,1,1,80,Transit
28.6607641938273,27.6781564170663,11.3408672778478,5.77118908911055,85.7711890891105,2,1,1,80,Transit
28.9931137816874,32.2911824865773,13.2310118241558,5.53734496569233,85.5373449656923,2,1,1,80,Transit
29.3254633695475,36.9042085560884,15.1211563704637,5.28377446939987,85.2837744693999,2,1,1,80,Transit
29.6578129574076,41.5172346255994,17.0113009167717,5.01047760033446,85.0104776003345,2,1,1,80,Transit
29.9901625452677,46.1302606951105,18.9014454630797,4.7174543583982,84.7174543583982,2,1,1,80,Transit
30.3225121331279,50.7432867646215,20.7915900093876,4.40470474362295,84.4047047436229,2,1,1,80,Transit
30.654861720988,55.3563128341326,22.6817345556956,4.85381687194163,84.8538168719416,2,1,1,80,Transit
30.9872113088481,59.9693389036436,24.5718791020035,5.49963254854721,85.4996325485472,2,1,1,80,Transit
31.3195608967082,64.5823649731546,26.4620236483115,6.32985773256658,86.3298577325666,2,1,1,80,Transit
31.6519104845683,69.1953910426657,28.3521681946195,7.11814703881861,87.1181470388186,2,1,1,80,Transit
31.9842600724284,73.8084171121767,30.2423127409274,7.84725722655936,87.8472572265594,2,1,1,80,Transit
32.3166096602885,78.4214431816878,32.1324572872354,8.51718829599996,88.517188296,2,1,1,80,Transit
32.6489592481486,83.0344692511988,34.0226018335434,9.19067146609648,89.1906714660965,2,1,1,80,Transit
32.9813088360087,87.6474953207099,35.9127463798513,9.8716415610476,89.8716415610476,2,1,1,80,Transit
33.3136584238688,92.2605213902209,37.8028909261593,10.5328852831782,90.5328852831782,2,1,1,80,Transit
33.6460080117289,96.873547459732,39.6930354724673,11.1744026324539,91.1744026324539,2,1,1,80,Transit
33.978357599589,101.486573529243,41.5831800187752,11.7961936091188,91.7961936091188,2,1,1,80,Transit
34.3107071874492,106.099599598754,43.4733245650832,12.3982582127139,92.3982582127139,2,1,1,80,Transit
34.6430567753093,110.712625668265,45.3634691113912,13.0532100112358,93.0532100112358,2,1,1,80,Transit
34.9754063631694,115.325651737776,47.2536136576991,13.7771807677967,93.7771807677967,2,1,1,80,Transit
35.3077559510295,119.938677807287,49.1437582040071,14.4814251515494,94.4814251515494,2,1,1,80,Transit
35.6401055388896,124.551703876798,51.0339027503151,15.1659431626983,95.1659431626983,2,1,1,80,Transit
35.9724551267497,129.164729946309,52.924047296623,15.8307348007419,95.8307348007419,2,1,1,80,Transit
36.3048047146098,133.77775601582,54.814191842931,16.4758000659468,96.4758000659468,2,1,1,80,Transit
36.6371543024699,138.390782085331,56.704336389239,17.0813538603761,97.0813538603761,2,1,1,80,Transit
36.96950389033,143.003808154842,58.5944809355469,17.8263068766646,97.8263068766646,2,1,1,80,Transit
37.3018534781901,147.616834224353,60.4846254818549,18.551533520545,98.551533520545,2,1,1,80,Transit
37.6342030660502,152.229860293865,62.3747700281628,19.257033791153,99.257033791153,2,1,1,80,Transit
37.9665526539103,156.842886363376,64.2649145744708,19.9428076889213,99.9428076889213,2,1,1,80,Transit
38.2989022417704,161.455912432887,66.1550591207788,20.6088552138498,100.60885521385,2,1,1,80,Transit
38.6312518296306,166.068938502398,68.0452036670867,21.2569745555809,101.256974555581,2,1,1,80,Transit
38.9636014174907,170.681964571909,69.9353482133947,21.9473218663349,101.947321866335,2,1,1,80,Transit
39.2959510053508,175.29499064142,71.8254927597027,22.6771219224994,102.677121922499,2,1,1,80,Transit
39.6283005932109,179.908016710931,73.7156373060106,23.4463747242563,103.446374724256,2,1,1,80,Transit
39.960650181071,184.521042780442,75.6057818523186,24.2550802716906,104.255080271691,2,1,1,80,Transit
40.2929997689311,189.134068849953,77.4959263986266,25.1032385648025,105.103238564802,2,1,1,80,Transit
40.6253493567912,193.747094919464,79.3860709449345,25.9908496039772,105.990849603977,2,1,1,80,Transit
40.9576989446513,198.360120988975,81.2762154912425,26.3404288821185,106.340428882118,2,1,1,80,Transit
41.2900485325114,202.973147058486,83.1663600375505,26.6521469053438,106.652146905344,2,1,1,80,Transit
41.6223981203715,207.586173127997,85.0565045838584,27.0230440470854,107.023044047085,2,1,1,80,Transit
41.9547477082316,212.199199197508,86.9466491301664,27.4311109753908,107.431110975391,2,1,1,80,Transit
42.2870972960917,216.812225267019,88.8367936764744,27.7709177356602,107.77091773566,2,1,1,80,Transit
42.6194468839519,221.42525133653,90.7269382227823,28.1107244959296,108.11072449593,2,1,1,80,Transit
42.951796471812,226.038277406041,92.6170827690903,28.5987205004433,108.598720500443,2,1,1,80,Transit
43.2841460596721,230.651303475552,94.5072273153983,29.1956252750517,109.195625275052,2,1,1,80,Transit
43.6164956475322,235.264329545063,96.3973718617062,29.8319827956278,109.831982795628,2,1,1,80,Transit
43.9488452353923,239.877355614574,98.2875164080142,30.5077930616014,110.507793061601,2,1,1,80,Transit
44.2811948232524,244.490381684085,100.177660954322,31.2230560732546,111.223056073255,2,1,1,80,Transit
44.6135444111125,249.103407753596,102.06780550063,31.9777718305872,111.977771830587,2,1,1,80,Transit
44.9458939989726,253.716433823108,103.957950046938,32.7534297164433,112.753429716443,2,1,1,80,Transit
45.2782435868327,258.329459892619,105.848094593246,33.4893606506569,113.489360650657,2,1,1,80,Transit
45.6105931746928,262.94248596213,107.738239139554,34.1858388388924,114.185838838892,2,1,1,80,Transit
45.9429427625529,267.555512031641,109.628383685862,34.8428642814504,114.84286428145,2,1,1,80,Transit
46.275292350413,272.168538101152,111.51852823217,35.460436978331,115.460436978331,2,1,1,80,Transit
46.6076419382731,276.781564170663,113.408672778478,36.038556929595,116.038556929595,2,1,1,80,Transit
46.9399915261333,281.394590240174,115.298817324786,36.4853195623649,116.485319562365,2,1,1,80,Transit
47.2723411139934,286.007616309685,117.188961871094,36.663767423991,116.663767423991,2,1,1,80,Transit
47.6046907018535,290.620642379196,119.079106417402,36.6062168286076,116.606216828608,2,1,1,80,Transit
47.9370402897136,295.233668448707,120.96925096371,36.5194642011337,116.519464201134,2,1,1,80,Transit
48.2693898775737,299.846694518218,122.859395510018,36.4524379464988,116.452437946499,2,1,1,80,Transit
48.6017394654338,304.459720587729,124.749540056326,36.4051380649853,116.405138064985,2,1,1,80,Transit
48.9340890532939,309.07274665724,126.639684602634,36.3444259260652,116.344425926065,2,1,1,80,Transit
49.266438641154,313.685772726751,128.529829148942,35.8525020940215,115.852502094022,2,1,1,80,Transit
49.5987882290141,318.298798796262,130.41997369525,35.3803046348179,115.380304634818,2,1,1,80,Transit
49.9311378168742,322.911824865773,132.310118241558,34.9278335484542,114.927833548454,2,1,1,80,Transit
50.2634874047343,327.524850935284,134.200262787866,34.4950888349581,114.495088834958,2,1,1,80,Transit
50.5958369925944,332.137877004795,136.090407334173,34.0820704943822,114.082070494382,2,1,1,80,Transit
50.9281865804546,336.750903074306,137.980551880481,33.6887785265396,113.68877852654,2,1,1,80,Transit
51.2605361683147,341.363929143817,139.870696426789,33.1357628422495,113.135762842249,2,1,1,80,Transit
51.5928857561748,345.976955213328,141.760840973097,32.594372735516,112.594372735516,2,1,1,80,Transit
51.9252353440349,350.589981282839,143.650985519405,32.0924353744446,112.092435374445,2,1,1,80,Transit
52.257584931895,355.203007352351,145.541130065713,31.6299507590733,111.629950759073,2,1,1,80,Transit
52.5899345197551,359.816033421862,147.431274612021,31.2069188894622,111.206918889462,2,1,1,80,Transit
52.9222841076152,364.429059491373,149.321419158329,31.0213187230668,111.021318723067,2,1,1,80,Transit
53.2546336954753,369.042085560884,151.211563704637,31.8706260759138,111.870626075914,2,1,1,80,Transit
53.6722067041001,373.655111630395,153.101708250945,33.1233451017883,113.123345101788,2,1,1,80,Transit
54.1029306279508,378.268137699906,154.991852797253,34.4155168733403,114.41551687334,2,1,1,80,Transit
54.5468054670179,382.881163769417,156.881997343561,35.7471413905418,115.747141390542,2,1,1,80,Transit
55.0038312213189,387.494189838928,158.772141889869,37.1182186534446,117.118218653445,2,1,1,80,Transit
55.4740078909785,392.107215908439,160.662286436177,38.5287486624234,118.528748662423,2,1,1,80,Transit
55.714027818892,394.413728943194,161.607358709331,39.248808446164,119.248808446164,2,1,1,80,Transit
56.0737398538648,396.72024197795,162.552430982485,40.3279445510822,120.327944551082,2,1,1,80,Transit
56.4409107613382,399.026755012706,163.497503255639,41.4294572735025,121.429457273502,2,1,1,80,Transit
56.8097255334413,401.333268047461,164.442575528793,42.5359015898117,122.535901589812,2,1,1,80,Transit
57.1801841699343,403.639781082216,165.387647801947,43.6472774992907,123.647277499291,2,1,1,80,Transit
57.5522866706307,405.946294116972,166.332720075101,44.7635850013799,124.76358500138,2,1,1,80,Transit
57.9260330359303,408.252807151728,167.277792348255,45.8848240972788,125.884824097279,2,1,1,80,Transit
58.3014232654178,410.559320186483,168.222864621409,47.0109947857413,127.010994785741,2,1,1,80,Transit
58.6784573595392,412.865833221239,169.167936894563,48.1420970681057,128.142097068106,2,1,1,80,Transit
59.0571353180489,415.172346255994,170.113009167717,49.2781309436347,129.278130943635,2,1,1,80,Transit
59.4374571407611,417.47885929075,171.058081440871,50.4190964117713,130.419096411771,2,1,1,80,Transit
59.8194228280774,419.785372325505,172.003153714025,51.5649934737202,131.56499347372,2,1,1,80,Transit
60.203032379579,422.091885360261,172.948225987179,52.7158221282249,132.715822128225,2,1,1,80,Transit
60.5388510542477,424.398398395016,173.893298260333,53.7232781522311,133.723278152231,2,1,1,80,Transit
60.8320324471647,426.704911429772,174.838370533487,54.602822330982,134.602822330982,2,1,1,80,Transit
61.1202822467262,429.011424464527,175.783442806641,55.4675717296666,135.467571729667,2,1,1,80,Transit
61.4036004532228,431.317937499283,176.728515079795,56.3175263491562,136.317526349156,2,1,1,80,Transit
61.6819870663649,433.624450534038,177.673587352949,57.1526861885828,137.152686188583,2,1,1,80,Transit
61.9554420864411,435.930963568794,178.618659626103,57.9730512488112,137.973051248811,2,1,1,80,Transit
62.2208285047344,438.237476603549,179.563731899257,58.7692105036913,138.769210503691,2,1,1,80,Transit
62.475664869726,440.543989638305,180.508804172411,59.5337195986661,139.533719598666,2,1,1,80,Transit
62.7337889636738,442.85050267306,181.453876445565,60.3080918805095,140.308091880509,2,1,1,80,Transit
62.9952007862783,445.157015707816,182.398948718719,61.092327348323,141.092327348323,2,1,1,80,Transit
63.2599003378397,447.463528742571,183.344020991873,61.8864260030072,141.886426003007,2,1,1,80,Transit
63.5278876182081,449.770041777327,184.289093265027,62.6903878441123,142.690387844112,2,1,1,80,Transit
63.7826479243442,452.076554812082,185.234165538181,63.4546687625205,143.454668762521,2,1,1,80,Transit
64.1185302354487,456.689580881594,187.124310084489,64.462315695834,144.462315695834,2,1,1,80,Transit
64.4508798233088,461.302606951105,189.014454630797,65.4305098837281,145.430509883728,2,1,1,80,Transit
64.7832294111689,465.915633020616,190.904599177104,66.3592513256845,146.359251325685,2,1,1,80,Transit
65.115578999029,470.528659090127,192.794743723412,67.2485400219634,147.248540021963,2,1,1,80,Transit
65.4479285868891,475.141685159638,194.68488826972,68.0983759725649,148.098375972565,2,1,1,80,Transit
65.7802781747492,479.754711229149,196.575032816028,68.9087591774889,148.908759177489,2,1,1,80,Transit
66.1126277626093,484.36773729866,198.465177362336,69.1841722446739,149.184172244674,2,1,1,80,Transit
66.4449773504694,488.980763368171,200.355321908644,69.2809397030232,149.280939703023,2,1,1,80,Transit
66.7773269383296,493.593789437682,202.245466454952,69.2593489243292,149.259348924329,2,1,1,80,Transit
67.1096765261897,498.206815507193,204.13561100126,69.1193999086027,149.119399908603,2,1,1,80,Transit
67.4420261140498,502.819841576704,206.025755547568,68.8610926558348,148.861092655835,2,1,1,80,Transit
67.7743757019099,507.432867646215,207.915900093876,68.4844271660246,148.484427166025,2,1,1,80,Transit
68.10672528977,512.045893715726,209.806044640184,68.2094119545702,148.20941195457,2,1,1,80,Transit
68.4390748776301,516.658919785237,211.696189186492,67.9078703500556,147.907870350056,2,1,1,80,Transit
68.7714244654902,521.271945854748,213.5863337328,67.4649101629208,147.464910162921,2,1,1,80,Transit
69.1037740533503,525.884971924259,215.476478279108,66.8838653658969,146.883865365897,2,1,1,80,Transit
69.4361236412104,530.49799799377,217.366622825416,66.1647359589802,146.16473595898,2,1,1,80,Transit
69.7684732290705,535.111024063281,219.256767371724,65.3075219421835,145.307521942184,2,1,1,80,Transit
70.1080482535933,539.724050132792,221.146911918032,64.2887968686153,144.288796868615,2,1,1,80,Transit
70.4919997114142,544.337076202303,223.03705646434,63.1369424951524,143.136942495152,2,1,1,80,Transit
70.9088284573406,548.950102271814,224.927201010648,61.8864562573733,141.886456257373,2,1,1,80,Transit
71.3585344912967,553.563128341326,226.817345556956,60.5373381555049,140.537338155505,2,1,1,80,Transit
71.8411178133179,558.176154410836,228.707490103264,59.0895881894415,139.089588189442,2,1,1,80,Transit
72.0947384573432,560.482667445592,229.652562376418,58.3287262573654,138.328726257365,2,1,1,80,Transit
72.356578423404,562.789180480348,230.597634649572,57.5432063591832,137.543206359183,2,1,1,80,Transit
72.6266377114627,565.095693515103,231.542706922726,56.7330284950069,136.733028495007,2,1,1,80,Transit
72.8573115733479,567.402206549859,232.48777919588,56.0410069093513,136.041006909351,2,1,1,80,Transit
73.2458545396025,572.01523261937,234.377923742188,54.8753780105876,134.875378010588,2,1,1,80,Transit
73.6212465906215,576.628258688881,236.268068288496,53.7492018575306,133.749201857531,2,1,1,80,Transit
73.9834877264145,581.241284758392,238.158212834804,52.6624784501517,132.662478450152,2,1,1,80,Transit
74.3325779469814,585.854310827903,240.048357381112,51.6152077884507,131.615207788451,2,1,1,80,Transit
74.6649275348416,590.467336897414,241.93850192742,50.7690373771787,130.769037377179,2,1,1,80,Transit
74.9972771227017,595.080362966925,243.828646473728,50.2674917784671,130.267491778467,2,1,1,80,Transit
75.3296267105618,599.693389036436,245.718791020035,50.1137274417051,130.113727441705,2,1,1,80,Transit
75.6619762984219,604.306415105947,247.608935566343,50.0191422234625,130.019142223462,2,1,1,80,Transit
75.994325886282,608.919441175458,249.499080112651,49.983736123739,129.983736123739,2,1,1,80,Transit
76.3266754741421,613.532467244969,251.389224658959,50.0075091425349,130.007509142535,2,1,1,80,Transit
76.6590250620022,618.14549331448,253.279369205267,50.0904612800122,130.090461280012,2,1,1,80,Transit
76.9913746498623,622.758519383991,255.169513751575,50.2325925359333,130.232592535933,2,1,1,80,Transit
77.3237242377224,627.371545453502,257.059658297883,50.7273186158226,130.727318615823,2,1,1,80,Transit
77.6560738255825,631.984571523013,258.949802844191,51.3521845384576,131.352184538458,2,1,1,80,Transit
77.9884234134426,636.597597592524,260.839947390499,52.0756823256023,132.075682325602,2,1,1,80,Transit
78.3207730013027,641.210623662035,262.730091936807,52.8978119766404,132.89781197664,2,1,1,80,Transit
78.6531225891628,645.823649731546,264.620236483115,53.8185734918983,133.818573491898,2,1,1,80,Transit
78.9929203823012,650.436675801057,266.510381029423,54.8379668713134,134.837966871313,2,1,1,80,Transit
79.4454283939584,655.049701870568,268.400525575731,56.195490906285,136.195490906285,2,1,1,80,Transit
79.6991394265646,657.356214905324,269.345597848885,56.9566240041036,136.956624004104,2,1,1,80,Transit
79.9594259167868,659.66272794008,270.290670122039,57.7374834747701,137.73748347477,2,1,1,80,Transit
80.226287864454,661.969240974835,271.235742395193,58.5380693177717,138.538069317772,2,1,1,80,Transit
80.5044336029061,664.275754009591,272.180814668347,59.372506533128,139.372506533128,2,1,1,80,Transit
80.8499957434765,666.582267044346,273.125886941501,60.4091929548393,140.409192954839,2,1,1,80,Transit
81.1972017486533,668.888780079102,274.070959214655,61.4508109703697,141.45081097037,2,1,1,80,Transit
81.5460516182015,671.195293113857,275.016031487809,62.4973605790141,142.497360579014,2,1,1,80,Transit
81.8965453519804,673.501806148613,275.961103760963,63.5488417803508,143.548841780351,2,1,1,80,Transit
82.2486829503682,675.808319183368,276.906176034117,64.6052545755144,144.605254575514,2,1,1,80,Transit
82.6024644129527,678.114832218124,277.851248307271,65.6665989632678,145.666598963268,2,1,1,80,Transit
82.9577952068099,680.421345252879,278.796320580425,66.7325913448393,146.732591344839,2,1,1,80,Transit
83.2949543845571,682.727858287635,279.741392853579,67.744068878081,147.744068878081,2,1,1,80,Transit
83.6288258333363,685.03437132239,280.686465126733,68.7456832244185,148.745683224419,2,1,1,80,Transit
83.9594095535026,687.340884357146,281.631537399887,69.7374343849176,149.737434384918,2,1,1,80,Transit
84.2867055446703,689.647397391901,282.576609673041,70.7193223584205,150.719322358421,2,1,1,80,Transit
84.6107138072216,691.953910426657,283.521681946195,71.6913471460746,151.691347146075,2,1,1,80,Transit
84.9314343409347,694.260423461412,284.466754219349,72.6535087472137,152.653508747214,2,1,1,80,Transit
85.2488671457141,696.566936496168,285.411826492503,73.6058071615522,153.605807161552,2,1,1,80,Transit
85.5630122218136,698.873449530923,286.356898765657,74.5482423898505,154.54824238985,2,1,1,80,Transit
85.8738695689522,701.179962565679,287.301971038811,75.4808144312665,155.480814431266,2,1,1,80,Transit
86.181439187466,703.486475600434,288.247043311965,76.4035232868077,156.403523286808,2,1,1,80,Transit
86.4857210771448,705.79298863519,289.192115585119,77.3163689558443,157.316368955844,2,1,1,80,Transit
86.7867152378919,708.099501669946,290.137187858273,78.2193514380855,158.219351438085,2,1,1,80,Transit
87.015004018666,710.406014704701,291.082260131427,78.9042177804079,158.904217780408,2,1,1,80,Transit
87.3646299459481,715.019040774212,292.972404677735,79.9530955622539,159.953095562254,2,1,1,80,Transit
87.6969795338082,719.632066843723,294.862549224043,80.923067852745,160.923067852745,2,1,1,80,Transit
88.0293291216683,724.245092913234,296.752693770351,81.8141346518316,161.814134651832,2,1,1,80,Transit
88.3616787095284,728.858118982745,298.642838316658,82.6262959598036,162.626295959804,2,1,1,80,Transit
88.6940282973885,733.471145052256,300.532982862966,83.3595517762255,163.359551776226,2,1,1,80,Transit
89.0263778852486,738.084171121767,302.423127409274,84.0989429993984,164.098942999398,2,1,1,80,Transit
89.2728148118393,740.390684156523,303.368199682428,84.8382537791703,164.83825377917,2,1,1,80,Transit
89.5388981490233,742.697197191279,304.313271955582,85.6365037907225,165.636503790722,2,1,1,80,Transit
89.8049814863225,745.003710226034,305.258344228736,86.4347538026199,166.43475380262,2,1,1,80,Transit
90.0710648235065,747.310223260789,306.20341650189,87.2330038141721,167.233003814172,2,1,1,80,Transit
90.3371481608057,749.616736295545,307.148488775044,88.0312538260696,168.03125382607,2,1,1,80,Transit
90.6032314981048,751.9232493303,308.093561048198,88.829503837967,168.829503837967,2,1,1,80,Transit
90.8693148352889,754.229762365056,309.038633321352,89.6277538495192,169.627753849519,2,1,1,80,Transit
91.1353981725881,756.536275399812,309.983705594506,90.4260038614167,170.426003861417,2,1,1,80,Transit
91.4014815097721,758.842788434567,310.92877786766,91.2242538729688,171.224253872969,2,1,1,80,Transit
91.6675648470713,761.149301469323,311.873850140814,92.0225038848663,172.022503884866,2,1,1,80,Transit
91.9336481843704,763.455814504078,312.818922413968,92.8207538967638,172.820753896764,2,1,1,80,Transit
92.1997315215545,765.762327538834,313.763994687122,93.6190039083159,173.619003908316,2,1,1,80,Transit
92.5016499720334,768.068840573589,314.709066960276,94.5247592597529,174.524759259753,2,1,1,80,Transit
92.8098721235335,770.375353608345,315.65413923343,95.4494257142529,175.449425714253,2,1,1,80,Transit
93.1164504104459,772.6818666431,316.599211506584,96.3691605749902,176.36916057499,2,1,1,80,Transit
93.4213848331384,774.988379677856,317.544283779738,97.2839638430678,177.283963843068,2,1,1,80,Transit
93.7246753912451,777.294892712611,318.489356052892,98.1938355173878,178.193835517388,2,1,1,80,Transit
94.0263220851108,779.601405747367,319.434428326046,99.098775598985,179.098775598985,2,1,1,80,Transit
94.326324914592,781.907918782122,320.3795005992,99.9987840874286,179.998784087429,2,1,1,80,Transit
94.62468387949,784.214431816878,321.324572872354,100.893860982122,180.893860982122,2,1,1,80,Transit
94.9213989801637,786.520944851633,322.269645145508,101.784006284144,181.784006284144,2,1,1,80,Transit
95.2164702162559,788.827457886389,323.214717418662,102.66921999242,182.66921999242,2,1,1,80,Transit
95.5098975881045,791.133970921145,324.159789691816,103.549502107966,183.549502107966,2,1,1,80,Transit
95.8016810955669,793.4404839559,325.10486196497,104.424852630353,184.424852630353,2,1,1,80,Transit
96.1176948380115,795.746996990655,326.049934238124,105.372893857687,185.372893857687,2,1,1,80,Transit
96.4656838355702,798.053510025411,326.995006511278,106.416860850363,186.416860850363,2,1,1,80,Transit
96.810385104111,800.360023060166,327.940078784432,107.450964655986,187.450964655986,2,1,1,80,Transit
97.151798644055,802.666536094922,328.885151057586,108.475205275818,188.475205275818,2,1,1,80,Transit
97.4899244551768,804.973049129678,329.83022333074,109.489582709183,189.489582709183,2,1,1,80,Transit
97.8247625373007,807.279562164433,330.775295603894,110.494096955555,190.494096955555,2,1,1,80,Transit
98.1563128908225,809.586075199189,331.720367877048,111.48874801612,191.48874801612,2,1,1,80,Transit
98.4845755153352,811.892588233944,332.665440150202,112.473535889658,192.473535889658,2,1,1,80,Transit
98.8095504112424,814.1991012687,333.610512423356,113.44846057738,193.44846057738,2,1,1,80,Transit
99.1250876275671,816.505614303455,334.55558469651,114.395072226354,194.395072226354,2,1,1,80,Transit
99.4390879955412,818.812127338211,335.500656969664,115.337073330276,195.337073330276,2,1,1,80,Transit
99.7563760925183,821.118640372966,336.445729242818,116.288937621207,196.288937621207,2,1,1,80,Transit
100.077332373527,823.425153407722,337.390801515972,117.251806464233,197.251806464233,2,1,1,80,Transit
100.408929949499,825.731666442477,338.335873789126,118.246599192151,198.246599192151,2,1,1,80,Transit
100.735595932253,828.038179477233,339.28094606228,119.226597140413,199.226597140413,2,1,1,80,Transit
101.057330321603,830.344692511988,340.226018335434,120.191800308461,200.191800308461,2,1,1,80,Transit
101.374133117942,832.651205546744,341.171090608588,121.142208697479,201.142208697479,2,1,1,80,Transit
101.686004320874,834.957718581499,342.116162881742,122.077822306276,202.077822306276,2,1,1,80,Transit
101.992943930792,837.264231616255,343.061235154896,122.998641136027,202.998641136027,2,1,1,80,Transit
102.294951947495,839.57074465101,344.00630742805,123.904665186138,203.904665186138,2,1,1,80,Transit
102.592028370802,841.877257685766,344.951379701204,124.795894456059,204.795894456059,2,1,1,80,Transit
102.884173201086,844.183770720521,345.896451974358,125.67232894691,205.67232894691,2,1,1,80,Transit
103.171386437976,846.490283755277,346.841524247512,126.53396865758,206.53396865758,2,1,1,80,Transit
103.453668081837,848.796796790032,347.786596520666,127.380813589165,207.380813589165,2,1,1,80,Transit
103.731018132491,851.103309824788,348.73166879382,128.212863741124,208.212863741124,2,1,1,80,Transit
104.012994032496,853.409822859543,349.676741066974,129.05879144114,209.05879144114,2,1,1,80,Transit
104.304902493208,855.716335894299,350.621813340128,129.934516823277,209.934516823277,2,1,1,80,Transit
104.603386411342,858.022848929054,351.566885613281,130.829968577679,210.829968577679,2,1,1,80,Transit
104.908445787281,860.32936196381,352.511957886435,131.745146705496,211.745146705496,2,1,1,80,Transit
105.220080620835,862.635874998566,353.457030159589,132.680051206158,212.680051206158,2,1,1,80,Transit
105.538290911808,864.942388033321,354.402102432743,133.634682079076,213.634682079076,2,1,1,80,Transit
105.863076660589,867.248901068077,355.347174705897,134.609039325419,214.609039325419,2,1,1,80,Transit
106.194437866781,869.555414102832,356.292246979051,135.603122943996,215.603122943996,2,1,1,80,Transit
106.532374530796,871.861927137588,357.237319252205,136.61693293604,216.61693293604,2,1,1,80,Transit
106.876886652418,874.168440172343,358.182391525359,137.650469300908,217.650469300908,2,1,1,80,Transit
107.227974231456,876.474953207099,359.127463798513,138.703732038022,218.703732038022,2,1,1,80,Transit
107.585637268306,878.781466241854,360.072536071667,139.776721148571,219.776721148571,2,1,1,80,Transit
107.949874643283,881.08797927661,361.017608344821,140.8694332735,220.8694332735,2,1,1,80,Transit
108.312515202632,883.394492311365,361.962680617975,141.957354951547,221.957354951547,2,1,1,80,Transit
108.668580304367,885.701005346121,362.907752891129,143.025550256752,223.025550256752,2,1,1,80,Transit
109.01806994829,888.007518380876,363.852825164283,144.074019188521,224.074019188521,2,1,1,80,Transit
109.360984134798,890.314031415632,364.797897437437,145.102761748047,225.102761748047,2,1,1,80,Transit
109.677335710932,892.620544450387,365.742969710591,146.051816476449,226.051816476449,2,1,1,80,Transit
109.988294803556,894.927057485143,366.688041983745,146.984693754319,226.984693754319,2,1,1,80,Transit
110.295966167372,897.233570519898,367.633114256899,147.907707845768,227.907707845768,2,1,1,80,Transit
110.600349802175,899.540083554654,368.578186530053,148.820858750179,228.820858750179,2,1,1,80,Transit
110.901445708379,901.846596589409,369.523258803207,149.724146468788,229.724146468788,2,1,1,80,Transit
111.199253885768,904.153109624165,370.468331076361,150.617571000956,230.617571000956,2,1,1,80,Transit
111.493774334159,906.45962265892,371.413403349515,151.501132346131,231.501132346131,2,1,1,80,Transit
111.785007053943,908.766135693676,372.358475622669,152.37483050548,232.37483050548,2,1,1,80,Transit
112.27328506215,913.379161763187,374.248620168977,153.839664530104,233.839664530104,2,1,1,80,Transit
112.747780673579,917.992187832698,376.138764715285,155.26315136439,235.26315136439,2,1,1,80,Transit
113.215700827395,922.605213902209,378.028909261593,156.666911825837,236.666911825837,2,1,1,80,Transit
113.67704552376,927.21823997172,379.919053807901,158.050945914933,238.050945914933,2,1,1,80,Transit
114.131814762349,931.831266041231,381.809198354209,159.415253630699,239.415253630699,2,1,1,80,Transit
114.631814762349,931.831266041231,381.809198354209,159.415253630699,239.415253630699,5,1,1,80,Hover
115.131814762349,931.831266041231,381.809198354209,159.415253630699,239.415253630699,5,1,1,80,Hover
115.631814762349,931.831266041231,381.809198354209,159.415253630699,239.415253630699,5,1,1,80,Hover
116.131814762349,931.831266041231,381.809198354209,159.415253630699,239.415253630699,5,1,1,80,Hover
116.631814762349,931.831266041231,381.809198354209,159.415253630699,239.415253630699,5,1,1,80,Hover
117.131814762349,931.831266041231,381.809198354209,159.415253630699,239.415253630699,5,1,1,80,Hover
117.631814762349,931.831266041231,381.809198354209,159.415253630699,239.415253630699,5,1,1,80,Hover
118.131814762349,931.831266041231,381.809198354209,159.415253630699,239.415253630699,5,1,1,80,Hover
118.631814762349,931.831266041231,381.809198354209,159.415253630699,239.415253630699,5,1,1,80,Hover
119.131814762349,931.831266041231,381.809198354209,159.415253630699,239.415253630699,5,1,1,80,Hover
119.386306740561,934.243217839336,382.17457586156,160.178729565334,240.178729565334,3,2,1,80,Route
119.64013412634,936.65516963744,382.539953368911,160.940211722671,240.940211722671,3,2,1,80,Route
120.083975599808,941.479073233649,383.270708383612,162.271736143077,242.271736143077,3,2,1,80,Route
120.51030403823,946.302976829857,384.001463398314,163.550721458343,243.550721458343,3,2,1,80,Route
120.936632476653,951.126880426066,384.732218413016,164.82970677361,244.82970677361,3,2,1,80,Route
121.362960915062,955.950784022275,385.462973427718,166.108692088838,246.108692088838,3,2,1,80,Route
121.789289353348,960.774687618483,386.193728442419,167.387677403695,247.387677403695,3,2,1,80,Route
122.21561779177,965.598591214692,386.924483457121,168.666662718962,248.666662718962,3,2,1,80,Route
122.565847315626,970.422494810901,387.655238471823,169.717351290531,249.717351290531,3,2,1,80,Route
122.918038262276,975.246398407109,388.385993486525,170.773924130481,250.773924130481,3,2,1,80,Route
123.286179430878,980.070302003318,389.116748501226,171.878347636287,251.878347636287,3,2,1,80,Route
123.670270821437,984.894205599527,389.847503515928,173.030621807965,253.030621807965,3,2,1,80,Route
124.070312433949,989.718109195735,390.57825853063,174.230746645499,254.230746645499,3,2,1,80,Route
124.486304268413,994.542012791944,391.309013545331,175.478722148891,255.478722148891,3,2,1,80,Route
124.811566889123,999.365916388153,392.039768560033,176.41871020567,256.41871020567,3,2,1,80,Route
125.136829509833,1004.18981998436,392.770523574735,177.333282194678,257.333282194678,3,2,1,80,Route
125.462092130543,1009.01372358057,393.501278589437,178.247854183724,258.247854183724,3,2,1,80,Route
125.787354751253,1013.83762717678,394.232033604138,179.162426172731,259.162426172731,3,2,1,80,Route
126.112617371964,1018.66153077299,394.96278861884,180.076998161739,260.076998161739,3,2,1,80,Route
126.437879992674,1023.4854343692,395.693543633542,180.992964498133,260.992964498133,3,2,1,80,Route
126.8870073165,1028.3093379654,396.424298648244,182.340346469613,262.340346469613,3,2,1,80,Route
127.336669455968,1033.13324156161,397.155053662945,183.689332888015,263.689332888015,3,2,1,80,Route
127.791648336089,1037.95714515782,397.885808677647,185.054269528378,265.054269528378,3,2,1,80,Route
128.25194395686,1042.78104875403,398.616563692349,186.435156390692,266.435156390692,3,2,1,80,Route
128.717556318282,1047.60495235024,399.347318707051,187.831993474957,267.831993474957,3,2,1,80,Route
129.187298973653,1052.42885594645,400.078073721752,189.241221441071,269.241221441071,3,2,1,80,Route
129.645136791102,1057.25275954266,400.808828736454,190.614734893417,270.614734893417,3,2,1,80,Route
130.102974608546,1062.07666313887,401.539583751156,191.988248345751,271.988248345751,3,2,1,80,Route
130.560812425991,1066.90056673507,402.270338765858,193.361761798084,273.361761798084,3,2,1,80,Route
131.018650243435,1071.72447033128,403.001093780559,194.735275250417,274.735275250417,3,2,1,80,Route
131.476488060743,1076.54837392749,403.731848795261,196.108788702341,276.108788702341,3,2,1,80,Route
131.893190624879,1081.3722775237,404.462603809963,197.358896394747,277.358896394747,3,2,1,80,Route
132.218453245589,1086.19618111991,405.193358824664,197.927321461748,277.927321461748,3,2,1,80,Route
132.543715866299,1091.02008471612,405.924113839366,198.527646972652,278.527646972652,3,2,1,80,Route
132.868978487009,1095.84398831233,406.654868854068,199.159872927459,279.159872927459,3,2,1,80,Route
133.194241107719,1100.66789190853,407.38562386877,199.823999326169,279.823999326169,3,2,1,80,Route
133.519503728429,1105.49179550474,408.116378883471,200.520026168839,280.520026168839,3,2,1,80,Route
133.844766349139,1110.31569910095,408.847133898173,201.212043898488,281.212043898488,3,2,1,80,Route
134.170028969849,1115.13960269716,409.577888912875,201.776996875234,281.776996875234,3,2,1,80,Route
134.49529159056,1119.96350629337,410.308643927577,202.318024519053,282.318024519053,3,2,1,80,Route
134.99529159056,1119.96350629337,410.308643927577,202.318024519053,282.318024519053,5,2,1,80,Hover
135.49529159056,1119.96350629337,410.308643927577,202.318024519053,282.318024519053,5,2,1,80,Hover
135.99529159056,1119.96350629337,410.308643927577,202.318024519053,282.318024519053,5,2,1,80,Hover
136.49529159056,1119.96350629337,410.308643927577,202.318024519053,282.318024519053,5,2,1,80,Hover
136.99529159056,1119.96350629337,410.308643927577,202.318024519053,282.318024519053,5,2,1,80,Hover
137.49529159056,1119.96350629337,410.308643927577,202.318024519053,282.318024519053,5,2,1,80,Hover
137.99529159056,1119.96350629337,410.308643927577,202.318024519053,282.318024519053,5,2,1,80,Hover
138.49529159056,1119.96350629337,410.308643927577,202.318024519053,282.318024519053,5,2,1,80,Hover
138.99529159056,1119.96350629337,410.308643927577,202.318024519053,282.318024519053,5,2,1,80,Hover
139.49529159056,1119.96350629337,410.308643927577,202.318024519053,282.318024519053,5,2,1,80,Hover
139.820692801398,1124.79809527777,410.98027452196,202.829631298052,282.829631298052,3,3,1,80,Route
140.146094012237,1129.63268426218,411.651905116343,203.319199802213,283.319199802213,3,3,1,80,Route
140.471495223076,1134.46727324658,412.323535710726,203.786730031505,283.786730031505,3,3,1,80,Route
140.796896433914,1139.30186223099,412.995166305109,204.392810598879,284.392810598879,3,3,1,80,Route
141.122297644753,1144.13645121539,413.666796899492,205.352096880923,285.352096880923,3,3,1,80,Route
141.447698855592,1148.9710401998,414.338427493875,206.304037071333,286.304037071333,3,3,1,80,Route
141.77310006643,1153.8056291842,415.010058088258,207.248631170153,287.248631170153,3,3,1,80,Route
142.098501277269,1158.6402181686,415.681688682641,208.185879177359,288.185879177359,3,3,1,80,Route
142.423902488108,1163.47480715301,416.353319277024,209.115781092953,289.115781092953,3,3,1,80,Route
142.749303698946,1168.30939613741,417.024949871407,209.860348794396,289.860348794396,3,3,1,80,Route
143.074704909785,1173.14398512182,417.69658046579,210.316176732419,290.316176732419,3,3,1,80,Route
143.400106120624,1177.97857410622,418.368211060173,210.757312487216,290.757312487216,3,3,1,80,Route
143.725507331462,1182.81316309063,419.039841654556,211.18375605879,291.18375605879,3,3,1,80,Route
144.050908542301,1187.64775207503,419.71147224894,211.59550744714,291.59550744714,3,3,1,80,Route
144.37630975314,1192.48234105944,420.383102843323,211.992566652265,291.992566652265,3,3,1,80,Route
144.701710963978,1197.31693004384,421.054733437706,212.006759357681,292.006759357681,3,3,1,80,Route
145.027112174817,1202.15151902824,421.726364032089,211.621233000735,291.621233000735,3,3,1,80,Route
145.352513385656,1206.98610801265,422.397994626472,211.24305273539,291.24305273539,3,3,1,80,Route
145.677914596494,1211.82069699705,423.069625220855,210.872218561658,290.872218561658,3,3,1,80,Route
146.003315807333,1216.65528598146,423.741255815238,210.508730479543,290.508730479543,3,3,1,80,Route
146.328717018172,1221.48987496586,424.412886409621,210.152588489034,290.152588489034,3,3,1,80,Route
146.65411822901,1226.32446395027,425.084517004004,210.090491028517,290.090491028517,3,3,1,80,Route
146.979519439849,1231.15905293467,425.756147598387,210.256368044602,290.256368044602,3,3,1,80,Route
147.304920650688,1235.99364191908,426.42777819277,210.429591152294,290.429591152294,3,3,1,80,Route
147.630321861526,1240.82823090348,427.099408787153,210.52347485229,290.52347485229,3,3,1,80,Route
147.955723072365,1245.66281988788,427.771039381536,210.5723292136,290.5723292136,3,3,1,80,Route
148.281124283204,1250.49740887229,428.442669975919,210.65056794143,290.65056794143,3,3,1,80,Route
148.606525494042,1255.33199785669,429.114300570302,211.368446609835,291.368446609835,3,3,1,80,Route
148.952163275903,1260.1665868411,429.785931164686,212.405359955417,292.405359955417,3,3,1,80,Route
149.292903663355,1265.0011758255,430.457561759069,213.427581117772,293.427581117772,3,3,1,80,Route
149.628746656425,1269.83576480991,431.129192353452,214.435110096983,294.435110096983,3,3,1,80,Route
149.959692255061,1274.67035379431,431.800822947835,215.427946892891,295.427946892891,3,3,1,80,Route
150.285740459289,1279.50494277872,432.472453542218,216.406091505575,296.406091505575,3,3,1,80,Route
150.611141670127,1284.33953176312,433.144084136601,217.020839121052,297.020839121052,3,3,1,80,Route
150.936542880966,1289.17412074752,433.815714730984,217.503753722899,297.503753722899,3,3,1,80,Route
151.261944091805,1294.00870973193,434.487345325367,217.979322233134,297.979322233134,3,3,1,80,Route
151.587345302643,1298.84329871633,435.15897591975,218.447544651755,298.447544651755,3,3,1,80,Route
151.912746513482,1303.67788770074,435.830606514133,218.908420978864,298.908420978864,3,3,1,80,Route
152.238147724321,1308.51247668514,436.502237108516,219.361951214262,299.361951214262,3,3,1,80,Route
152.738147724321,1308.51247668514,436.502237108516,219.361951214262,299.361951214262,5,3,1,80,Hover
153.238147724321,1308.51247668514,436.502237108516,219.361951214262,299.361951214262,5,3,1,80,Hover
153.738147724321,1308.51247668514,436.502237108516,219.361951214262,299.361951214262,5,3,1,80,Hover
154.238147724321,1308.51247668514,436.502237108516,219.361951214262,299.361951214262,5,3,1,80,Hover
154.738147724321,1308.51247668514,436.502237108516,219.361951214262,299.361951214262,5,3,1,80,Hover
155.238147724321,1308.51247668514,436.502237108516,219.361951214262,299.361951214262,5,3,1,80,Hover
155.738147724321,1308.51247668514,436.502237108516,219.361951214262,299.361951214262,5,3,1,80,Hover
156.238147724321,1308.51247668514,436.502237108516,219.361951214262,299.361951214262,5,3,1,80,Hover
156.738147724321,1308.51247668514,436.502237108516,219.361951214262,299.361951214262,5,3,1,80,Hover
157.238147724321,1308.51247668514,436.502237108516,219.361951214262,299.361951214262,5,3,1,80,Hover
157.563960643846,1313.36790063596,437.058583607579,219.373855509987,299.373855509987,3,4,1,80,Route
157.889773563371,1318.22332458677,437.614930106641,219.292247428928,299.292247428928,3,4,1,80,Route
158.215586482897,1323.07874853758,438.171276605704,219.216750721367,299.216750721367,3,4,1,80,Route
158.541399402422,1327.9341724884,438.727623104767,219.147365387305,299.147365387305,3,4,1,80,Route
158.867212321947,1332.78959643921,439.283969603829,219.084091426741,299.084091426741,3,4,1,80,Route
159.193025241472,1337.64502039002,439.840316102892,219.026928839676,299.026928839676,3,4,1,80,Route
159.518838160998,1342.50044434084,440.396662601954,218.638860875986,298.638860875986,3,4,1,80,Route
159.844651080523,1347.35586829165,440.953009101017,218.246413403173,298.246413403173,3,4,1,80,Route
160.170464000048,1352.21129224246,441.50935560008,217.872300050855,297.872300050855,3,4,1,80,Route
160.496276919573,1357.06671619328,442.065702099142,217.516520819031,297.516520819031,3,4,1,80,Route
160.822089839099,1361.92214014409,442.622048598205,217.179075707702,297.179075707702,3,4,1,80,Route
161.147902758624,1366.7775640949,443.178395097267,216.824453026339,296.824453026339,3,4,1,80,Route
161.491909969609,1371.63298804572,443.73474159633,215.792431393382,295.792431393382,3,4,1,80,Route
161.842028554093,1376.48841199653,444.291088095392,214.742075639931,294.742075639931,3,4,1,80,Route
162.198258512075,1381.34383594734,444.847434594455,213.673385765986,293.673385765986,3,4,1,80,Route
162.560599843555,1386.19925989816,445.403781093518,212.586361771546,292.586361771546,3,4,1,80,Route
162.929052548533,1391.05468384897,445.96012759258,211.481003656611,291.481003656611,3,4,1,80,Route
163.280886446537,1395.91010779979,446.516474091643,210.425501962598,290.425501962598,3,4,1,80,Route
163.606699366063,1400.7655317506,447.072820590705,209.729510101286,289.729510101286,3,4,1,80,Route
163.932512285588,1405.62095570141,447.629167089768,209.057963733968,289.057963733968,3,4,1,80,Route
164.258325205113,1410.47637965223,448.185513588831,208.410862860644,288.410862860644,3,4,1,80,Route
164.584138124638,1415.33180360304,448.741860087893,207.788207481261,287.788207481261,3,4,1,80,Route
164.909951044164,1420.18722755385,449.298206586956,207.189997595934,287.189997595934,3,4,1,80,Route
165.235763963689,1425.04265150467,449.854553086018,206.755803968308,286.755803968308,3,4,1,80,Route
165.561576883214,1429.89807545548,450.410899585081,206.71599825133,286.71599825133,3,4,1,80,Route
165.88738980274,1434.75349940629,450.967246084144,206.700638028339,286.700638028339,3,4,1,80,Route
166.213202722265,1439.60892335711,451.523592583206,206.709723299344,286.709723299344,3,4,1,80,Route
166.53901564179,1444.46434730792,452.079939082269,206.743254064341,286.743254064341,3,4,1,80,Route
166.864828561315,1449.31977125873,452.636285581331,206.801230323332,286.801230323332,3,4,1,80,Route
167.190641480841,1454.17519520955,453.192632080394,207.127534524097,287.127534524097,3,4,1,80,Route
167.516454400366,1459.03061916036,453.748978579456,207.845117803639,287.845117803639,3,4,1,80,Route
167.842267319891,1463.88604311117,454.305325078519,208.556589709683,288.556589709683,3,4,1,80,Route
168.168080239416,1468.74146706199,454.861671577582,209.261950242228,289.261950242228,3,4,1,80,Route
168.493893158942,1473.5968910128,455.418018076644,209.961199401275,289.961199401275,3,4,1,80,Route
168.819706078467,1478.45231496361,455.974364575707,210.654337186824,290.654337186824,3,4,1,80,Route
169.160463840707,1483.30773891443,456.530711074769,211.676610473545,291.676610473545,3,4,1,80,Route
169.61336444545,1488.16316286524,457.087057573832,213.035312287775,293.035312287775,3,4,1,80,Route
170.066265050194,1493.01858681606,457.643404072895,214.394014102005,294.394014102005,3,4,1,80,Route
170.497823439496,1497.87401076687,458.199750571957,215.688689269912,295.688689269912,3,4,1,80,Route
170.997823439496,1497.87401076687,458.199750571957,215.688689269912,295.688689269912,5,4,1,80,Hover
171.497823439496,1497.87401076687,458.199750571957,215.688689269912,295.688689269912,5,4,1,80,Hover
171.997823439496,1497.87401076687,458.199750571957,215.688689269912,295.688689269912,5,4,1,80,Hover
172.497823439496,1497.87401076687,458.199750571957,215.688689269912,295.688689269912,5,4,1,80,Hover
172.997823439496,1497.87401076687,458.199750571957,215.688689269912,295.688689269912,5,4,1,80,Hover
173.497823439496,1497.87401076687,458.199750571957,215.688689269912,295.688689269912,5,4,1,80,Hover
173.997823439496,1497.87401076687,458.199750571957,215.688689269912,295.688689269912,5,4,1,80,Hover
174.497823439496,1497.87401076687,458.199750571957,215.688689269912,295.688689269912,5,4,1,80,Hover
174.997823439496,1497.87401076687,458.199750571957,215.688689269912,295.688689269912,5,4,1,80,Hover
175.497823439496,1497.87401076687,458.199750571957,215.688689269912,295.688689269912,5,4,1,80,Hover
175.936645948763,1502.75937451009,458.590434126621,217.005156797713,297.005156797713,3,5,1,80,Route
176.374029105643,1507.64473825331,458.981117681286,218.317306268352,298.317306268352,3,5,1,80,Route
176.802042848766,1512.53010199653,459.37180123595,219.60134749772,299.60134749772,3,5,1,80,Route
177.219175323477,1517.41546573975,459.762484790614,220.852744921855,300.852744921855,3,5,1,80,Route
177.629111036956,1522.30082948297,460.153168345278,222.082552062291,302.082552062291,3,5,1,80,Route
178.031849989152,1527.18619322619,460.543851899942,223.290768918878,303.290768918878,3,5,1,80,Route
178.427392180088,1532.07155696942,460.934535454606,224.477395491686,304.477395491686,3,5,1,80,Route
178.815737609764,1536.95692071264,461.32521900927,225.642431780715,305.642431780715,3,5,1,80,Route
179.202675718091,1541.84228445586,461.715902563934,226.803246105695,306.803246105696,3,5,1,80,Route
179.585395268356,1546.72764819908,462.106586118599,227.951404756492,307.951404756492,3,5,1,80,Route
179.962357409614,1551.6130119423,462.497269673263,229.082291180265,309.082291180265,3,5,1,80,Route
180.333562141864,1556.49837568552,462.887953227927,230.195905377017,310.195905377017,3,5,1,80,Route
180.699009465107,1561.38373942874,463.278636782591,231.292247346745,311.292247346746,3,5,1,80,Route
181.058699379343,1566.26910317196,463.669320337255,232.371317089452,312.371317089452,3,5,1,80,Route
181.385430070643,1571.15446691518,464.060003891919,233.032042071528,313.032042071528,3,5,1,80,Route
181.712160761943,1576.0398306584,464.450687446583,233.670065528607,313.670065528607,3,5,1,80,Route
182.038891453244,1580.92519440163,464.841371001248,234.321043155953,314.321043155953,3,5,1,80,Route
182.365622144544,1585.81055814485,465.232054555912,234.984974953565,314.984974953565,3,5,1,80,Route
182.692352835845,1590.69592188807,465.622738110576,235.661860921445,315.661860921445,3,5,1,80,Route
183.019083527145,1595.58128563129,466.01342166524,236.333533713938,316.333533713938,3,5,1,80,Route
183.345814218445,1600.46664937451,466.404105219904,236.768377503151,316.768377503151,3,5,1,80,Route
183.672544909746,1605.35201311773,466.794788774568,237.20753934912,317.20753934912,3,5,1,80,Route
183.999275601046,1610.23737686095,467.185472329232,237.651019251845,317.651019251845,3,5,1,80,Route
184.326006292346,1615.12274060417,467.576155883897,238.098817211326,318.098817211326,3,5,1,80,Route
184.652736983647,1620.00810434739,467.966839438561,238.550933227562,318.550933227562,3,5,1,80,Route
184.979467674947,1624.89346809061,468.357522993225,239.007367300548,319.007367300548,3,5,1,80,Route
185.306198366247,1629.77883183383,468.748206547889,239.468119430095,319.468119430095,3,5,1,80,Route
185.632929057548,1634.66419557706,469.138890102553,239.933189616569,319.933189616569,3,5,1,80,Route
185.959659748848,1639.54955932028,469.529573657217,240.402577859799,320.402577859799,3,5,1,80,Route
186.286390440148,1644.4349230635,469.920257211881,240.876284159784,320.876284159784,3,5,1,80,Route
186.613121131449,1649.32028680672,470.310940766546,241.354308516525,321.354308516524,3,5,1,80,Route
186.939851822749,1654.20565054994,470.70162432121,241.826929460806,321.826929460806,3,5,1,80,Route
187.266582514049,1659.09101429316,471.092307875874,242.292866254646,322.292866254646,3,5,1,80,Route
187.59331320535,1663.97637803638,471.482991430538,242.771757218754,322.771757218754,3,5,1,80,Route
187.92004389665,1668.8617417796,471.873674985202,243.263602353128,323.263602353128,3,5,1,80,Route
188.246774587951,1673.74710552282,472.264358539866,243.768401657769,323.768401657769,3,5,1,80,Route
188.573505279251,1678.63246926604,472.65504209453,244.286155132677,324.286155132677,3,5,1,80,Route
188.900235970551,1683.51783300927,473.045725649194,244.993030311916,324.993030311916,3,5,1,80,Route
189.226966661852,1688.40319675249,473.436409203859,245.866813675869,325.866813675869,3,5,1,80,Route
189.726966661852,1688.40319675249,473.436409203859,245.866813675869,325.866813675869,5,5,1,80,Hover
190.226966661852,1688.40319675249,473.436409203859,245.866813675869,325.866813675869,5,5,1,80,Hover
190.726966661852,1688.40319675249,473.436409203859,245.866813675869,325.866813675869,5,5,1,80,Hover
191.226966661852,1688.40319675249,473.436409203859,245.866813675869,325.866813675869,5,5,1,80,Hover
191.726966661852,1688.40319675249,473.436409203859,245.866813675869,325.866813675869,5,5,1,80,Hover
192.226966661852,1688.40319675249,473.436409203859,245.866813675869,325.866813675869,5,5,1,80,Hover
192.726966661852,1688.40319675249,473.436409203859,245.866813675869,325.866813675869,5,5,1,80,Hover
193.226966661852,1688.40319675249,473.436409203859,245.866813675869,325.866813675869,5,5,1,80,Hover
193.726966661852,1688.40319675249,473.436409203859,245.866813675869,325.866813675869,5,5,1,80,Hover
194.226966661852,1688.40319675249,473.436409203859,245.866813675869,325.866813675869,5,5,1,80,Hover
194.55538701673,1693.3261038079,473.619357996827,246.779955276167,326.779955276167,3,6,1,80,Route
194.883807371608,1698.24901086332,473.802306789795,247.691059283485,327.691059283485,3,6,1,80,Route
195.212227726486,1703.17191791874,473.985255582763,248.600125697262,328.600125697262,3,6,1,80,Route
195.540648081365,1708.09482497416,474.168204375731,249.507154518058,329.507154518058,3,6,1,80,Route
195.943574570038,1713.01773202957,474.351153168699,250.715933984079,330.715933984079,3,6,1,80,Route
196.390936977211,1717.94063908499,474.534101961667,252.058021205598,332.058021205598,3,6,1,80,Route
196.838299384495,1722.86354614041,474.717050754635,253.40010842745,333.40010842745,3,6,1,80,Route
197.285661791669,1727.78645319583,474.899999547603,254.74219564897,334.74219564897,3,6,1,80,Route
197.733024198978,1732.70936025125,475.082948340571,256.084282870899,336.084282870899,3,6,1,80,Route
198.180386606288,1737.63226730666,475.265897133539,257.426370092827,337.426370092827,3,6,1,80,Route
198.649361069196,1742.55517436208,475.448845926507,258.833293481552,338.833293481552,3,6,1,80,Route
199.120440783017,1747.4780814175,475.631794719475,260.246532623015,340.246532623015,3,6,1,80,Route
199.590841299056,1752.40098847292,475.814743512443,261.657734171133,341.657734171133,3,6,1,80,Route
200.060562617226,1757.32389552833,475.997692305411,263.066898125641,343.066898125641,3,6,1,80,Route
200.529604737785,1762.24680258375,476.180641098379,264.474024487319,344.474024487319,3,6,1,80,Route
200.981413032869,1767.16970963917,476.363589891347,265.82944937257,345.82944937257,3,6,1,80,Route
201.309833387747,1772.09261669459,476.546538684316,266.610588053983,346.610588053983,3,6,1,80,Route
201.638253742625,1777.01552375001,476.729487477284,267.387651548874,347.387651548874,3,6,1,80,Route
201.966674097504,1781.93843080542,476.912436270252,268.160639857,348.160639857,3,6,1,80,Route
202.295094452382,1786.86133786084,477.09538506322,268.929552978739,348.929552978739,3,6,1,80,Route
202.62351480726,1791.78424491626,477.278333856188,269.69439091406,349.69439091406,3,6,1,80,Route
202.951935162138,1796.70715197168,477.461282649156,270.301041600613,350.301041600613,3,6,1,80,Route
203.280355517017,1801.63005902709,477.644231442124,270.49007875723,350.49007875723,3,6,1,80,Route
203.608775871895,1806.55296608251,477.827180235092,270.670965540733,350.670965540733,3,6,1,80,Route
203.937196226773,1811.47587313793,478.01012902806,270.843701951264,350.843701951264,3,6,1,80,Route
204.265616581651,1816.39878019335,478.193077821028,271.008287988599,351.008287988599,3,6,1,80,Route
204.59403693653,1821.32168724877,478.376026613996,271.164723652967,351.164723652967,3,6,1,80,Route
204.922457291408,1826.24459430418,478.558975406964,271.263399745222,351.263399745222,3,6,1,80,Route
205.250877646286,1831.1675013596,478.741924199932,271.304422438963,351.304422438963,3,6,1,80,Route
205.579298001164,1836.09040841502,478.9248729929,271.347482726,351.347482726,3,6,1,80,Route
205.907718356043,1841.01331547044,479.107821785868,271.392580606298,351.392580606298,3,6,1,80,Route
206.236138710921,1845.93622252585,479.290770578836,271.43971607982,351.43971607982,3,6,1,80,Route
206.564559065799,1850.85912958127,479.473719371804,271.488889146485,351.488889146485,3,6,1,80,Route
206.892979420677,1855.78203663669,479.656668164772,271.605450458319,351.605450458319,3,6,1,80,Route
207.221399775556,1860.70494369211,479.839616957741,271.754604604856,351.754604604856,3,6,1,80,Route
207.549820130434,1865.62785074752,480.022565750709,271.901721158198,351.901721158198,3,6,1,80,Route
207.878240485312,1870.55075780294,480.205514543677,272.046800118214,352.046800118214,3,6,1,80,Route
208.206660840191,1875.47366485836,480.388463336645,272.189841485034,352.189841485034,3,6,1,80,Route
208.535081195069,1880.39657191378,480.571412129613,272.330845258427,352.330845258427,3,6,1,80,Route
209.035081195069,1880.39657191378,480.571412129613,272.330845258427,352.330845258427,5,6,1,80,Hover
209.535081195069,1880.39657191378,480.571412129613,272.330845258427,352.330845258427,5,6,1,80,Hover
210.035081195069,1880.39657191378,480.571412129613,272.330845258427,352.330845258427,5,6,1,80,Hover
210.535081195069,1880.39657191378,480.571412129613,272.330845258427,352.330845258427,5,6,1,80,Hover
211.035081195069,1880.39657191378,480.571412129613,272.330845258427,352.330845258427,5,6,1,80,Hover
211.535081195069,1880.39657191378,480.571412129613,272.330845258427,352.330845258427,5,6,1,80,Hover
212.035081195069,1880.39657191378,480.571412129613,272.330845258427,352.330845258427,5,6,1,80,Hover
212.535081195069,1880.39657191378,480.571412129613,272.330845258427,352.330845258427,5,6,1,80,Hover
213.035081195069,1880.39657191378,480.571412129613,272.330845258427,352.330845258427,5,6,1,80,Hover
213.535081195069,1880.39657191378,480.571412129613,272.330845258427,352.330845258427,5,6,1,80,Hover
213.866180663624,1885.36274322274,480.514971031963,271.723789092341,351.723789092341,3,7,1,80,Route
214.19728013218,1890.3289145317,480.458529934314,270.970648125177,350.970648125177,3,7,1,80,Route
214.528379600735,1895.29508584067,480.402088836665,270.218775433304,350.218775433304,3,7,1,80,Route
214.85947906929,1900.26125714963,480.345647739015,269.468171016448,349.468171016448,3,7,1,80,Route
215.190578537846,1905.22742845859,480.289206641366,268.718834874476,348.718834874476,3,7,1,80,Route
215.521678006401,1910.19359976756,480.232765543716,268.023750481768,348.023750481768,3,7,1,80,Route
215.852777474956,1915.15977107652,480.176324446067,267.83022818604,347.83022818604,3,7,1,80,Route
216.183876943512,1920.12594238548,480.119883348418,267.636071752589,347.636071752589,3,7,1,80,Route
216.514976412067,1925.09211369445,480.063442250768,267.441281181671,347.441281181671,3,7,1,80,Route
216.846075880623,1930.05828500341,480.007001153119,267.245856473158,347.245856473158,3,7,1,80,Route
217.177175349178,1935.02445631237,479.950560055469,267.049797627358,347.049797627358,3,7,1,80,Route
217.508274817733,1939.99062762134,479.89411895782,267.222864018245,347.222864018245,3,7,1,80,Route
217.839374286289,1944.9567989303,479.837677860171,268.116975435628,348.116975435628,3,7,1,80,Route
218.170473754844,1949.92297023926,479.781236762521,269.011086852934,349.011086852934,3,7,1,80,Route
218.501573223399,1954.88914154822,479.724795664872,269.905198270317,349.905198270317,3,7,1,80,Route
218.832672691955,1959.85531285719,479.668354567222,270.7993096877,350.7993096877,3,7,1,80,Route
219.16377216051,1964.82148416615,479.611913469573,271.693421105007,351.693421105007,3,7,1,80,Route
219.494871629066,1969.78765547511,479.555472371924,272.545367937377,352.545367937377,3,7,1,80,Route
219.825971097621,1974.75382678408,479.499031274274,273.36806534313,353.36806534313,3,7,1,80,Route
220.157070566176,1979.71999809304,479.442590176625,274.192031024181,354.192031024181,3,7,1,80,Route
220.488170034732,1984.686169402,479.386149078976,275.017264980489,355.017264980489,3,7,1,80,Route
220.819269503287,1989.65234071097,479.329707981326,275.843767211435,355.843767211435,3,7,1,80,Route
221.150368971842,1994.61851201993,479.273266883677,276.671537717678,356.671537717678,3,7,1,80,Route
221.636812630173,1999.58468332889,479.216825786027,278.13086869267,358.13086869267,3,7,1,80,Route
221.902247323112,2002.06776898337,479.188605237203,278.927172771487,358.927172771487,3,7,1,80,Route
222.167682016205,2004.55085463786,479.160384688378,279.723476850765,359.723476850765,3,7,1,80,Route
222.433116709297,2007.03394029234,479.132164139553,280.519780930043,360.519780930043,3,7,1,80,Route
222.69855140239,2009.51702594682,479.103943590729,281.31608500932,361.31608500932,3,7,1,80,Route
222.963986095482,2012.0001116013,479.075723041904,282.112389088598,362.112389088598,3,7,1,80,Route
223.229420788421,2014.48319725578,479.047502493079,282.908693167415,362.908693167415,3,7,1,80,Route
223.494855481582,2016.96628291026,479.019281944254,283.704997246898,363.704997246898,3,7,1,80,Route
223.760290174675,2019.44936856474,478.99106139543,284.501301326175,364.501301326175,3,7,1,80,Route
224.025724867767,2021.93245421923,478.962840846605,285.297605405453,365.297605405453,3,7,1,80,Route
224.299658722173,2024.41553987371,478.93462029778,286.11940696867,366.11940696867,3,7,1,80,Route
224.626585888302,2026.89862552819,478.906399748956,287.100188467058,367.100188467058,3,7,1,80,Route
224.953195985856,2029.38171118267,478.878179200131,288.080018759718,368.080018759718,3,7,1,80,Route
225.279489014705,2031.86479683715,478.849958651306,289.058897846264,369.058897846264,3,7,1,80,Route
225.605464974724,2034.34788249163,478.821738102482,290.036825726323,370.036825726323,3,7,1,80,Route
225.931123865978,2036.83096814612,478.793517553657,291.013802400085,371.013802400085,3,7,1,80,Route
226.256465688466,2039.3140538006,478.765297004832,291.98982786755,371.98982786755,3,7,1,80,Route
226.581490442,2041.79713945508,478.737076456007,292.96490212815,372.96490212815,3,7,1,80,Route
226.906198126956,2044.28022510956,478.708855907183,293.93902518302,373.93902518302,3,7,1,80,Route
227.230588743148,2046.76331076404,478.680635358358,294.912197031594,374.912197031594,3,7,1,80,Route
227.554662290619,2049.24639641852,478.652414809533,295.884417674007,375.884417674007,3,7,1,80,Route
227.878418769276,2051.729482073,478.624194260709,296.855687109979,376.855687109979,3,7,1,80,Route
228.225187295509,2054.21256772749,478.595973711884,297.895992688679,377.895992688679,3,7,1,80,Route
228.585839500259,2056.69565338197,478.567753163059,298.977949302927,378.977949302927,3,7,1,80,Route
228.94638601542,2059.17873903645,478.539532614235,300.05958884841,380.05958884841,3,7,1,80,Route
229.306826840992,2061.66182469093,478.51131206541,301.140911325128,381.140911325128,3,7,1,80,Route
229.667161976976,2064.14491034541,478.483091516585,302.221916733079,382.221916733079,3,7,1,80,Route
230.027391423199,2066.62799599989,478.45487096776,303.302605071749,383.302605071749,3,7,1,80,Route
230.387515180005,2069.11108165438,478.426650418936,304.382976342167,384.382976342167,3,7,1,80,Route
230.747533247223,2071.59416730886,478.398429870111,305.463030543819,385.463030543819,3,7,1,80,Route
231.107445624852,2074.07725296334,478.370209321286,306.542767676706,386.542767676706,3,7,1,80,Route
231.607445624852,2074.07725296334,478.370209321286,306.542767676706,386.542767676706,5,7,1,80,Hover
232.107445624852,2074.07725296334,478.370209321286,306.542767676706,386.542767676706,5,7,1,80,Hover
232.607445624852,2074.07725296334,478.370209321286,306.542767676706,386.542767676706,5,7,1,80,Hover
233.107445624852,2074.07725296334,478.370209321286,306.542767676706,386.542767676706,5,7,1,80,Hover
233.607445624852,2074.07725296334,478.370209321286,306.542767676706,386.542767676706,5,7,1,80,Hover
234.107445624852,2074.07725296334,478.370209321286,306.542767676706,386.542767676706,5,7,1,80,Hover
234.607445624852,2074.07725296334,478.370209321286,306.542767676706,386.542767676706,5,7,1,80,Hover
235.107445624852,2074.07725296334,478.370209321286,306.542767676706,386.542767676706,5,7,1,80,Hover
235.607445624852,2074.07725296334,478.370209321286,306.542767676706,386.542767676706,5,7,1,80,Hover
236.107445624852,2074.07725296334,478.370209321286,306.542767676706,386.542767676706,5,7,1,80,Hover
236.471983398673,2076.56772432259,478.301122169847,307.63638099817,387.63638099817,3,8,1,80,Route
236.836261662618,2079.05819568184,478.232035018407,308.729215790006,388.729215790006,3,8,1,80,Route
237.182935145862,2081.54866704109,478.162947866968,309.769236239737,389.769236239737,3,8,1,80,Route
237.4020059661,2084.03913840035,478.093860715528,310.426448700452,390.426448700452,3,8,1,80,Route
237.84053687139,2089.02008111885,477.955686412649,311.742041416322,391.742041416322,3,8,1,80,Route
238.279586796432,2094.00102383735,477.81751210977,313.059191191447,393.059191191447,3,8,1,80,Route
238.719155741225,2098.98196655586,477.679337806891,314.377898025827,394.377898025827,3,8,1,80,Route
239.159243705645,2103.96290927436,477.541163504012,315.698161919085,395.698161919085,3,8,1,80,Route
239.599850689979,2108.94385199286,477.402989201132,317.019982872089,397.019982872089,3,8,1,80,Route
239.93204128121,2113.92479471137,477.264814898253,317.576551672565,397.576551672565,3,8,1,80,Route
240.264231872441,2118.90573742987,477.126640595374,317.965224181036,397.965224181036,3,8,1,80,Route
240.596422463671,2123.88668014837,476.988466292495,318.353896689506,398.353896689506,3,8,1,80,Route
240.928613054902,2128.86762286688,476.850291989616,318.742569197976,398.742569197976,3,8,1,80,Route
241.260803646133,2133.84856558538,476.712117686737,319.131241706446,399.131241706446,3,8,1,80,Route
241.592994237363,2138.82950830388,476.573943383858,319.466853121916,399.466853121916,3,8,1,80,Route
241.925184828594,2143.81045102239,476.435769080979,319.195964512994,399.195964512994,3,8,1,80,Route
242.257375419825,2148.79139374089,476.297594778099,318.921961785562,398.921961785562,3,8,1,80,Route
242.589566011055,2153.77233645939,476.15942047522,318.644844939621,398.644844939621,3,8,1,80,Route
242.921756602286,2158.7532791779,476.021246172341,318.36461397517,398.36461397517,3,8,1,80,Route
243.253947193517,2163.7342218964,475.883071869462,318.081268892209,398.081268892209,3,8,1,80,Route
243.586137784747,2168.7151646149,475.744897566583,317.606417514553,397.606417514553,3,8,1,80,Route
243.918328375978,2173.69610733341,475.606723263704,316.766555421991,396.766555421991,3,8,1,80,Route
244.250518967209,2178.67705005191,475.468548960825,315.926693329686,395.926693329686,3,8,1,80,Route
244.582709558439,2183.65799277041,475.330374657945,315.086831237124,395.086831237124,3,8,1,80,Route
244.91490014967,2188.63893548892,475.192200355066,314.246969144652,394.246969144652,3,8,1,80,Route
245.247090740901,2193.61987820742,475.054026052187,313.40710705209,393.40710705209,3,8,1,80,Route
245.579281332131,2198.60082092592,474.915851749308,312.78906710236,392.78906710236,3,8,1,80,Route
245.911471923362,2203.58176364443,474.777677446429,312.315517720863,392.315517720863,3,8,1,80,Route
246.243662514592,2208.56270636293,474.63950314355,311.838854220857,391.838854220857,3,8,1,80,Route
246.575853105823,2213.54364908144,474.501328840671,311.359076602341,391.359076602341,3,8,1,80,Route
246.908043697054,2218.52459179994,474.363154537792,310.876184865316,390.876184865316,3,8,1,80,Route
247.240234288284,2223.50553451844,474.224980234912,310.390179009782,390.390179009782,3,8,1,80,Route
247.572424879515,2228.48647723695,474.086805932033,309.731924505123,389.731924505123,3,8,1,80,Route
247.904615470746,2233.46741995545,473.948631629154,309.049245357401,389.049245357401,3,8,1,80,Route
248.236806061976,2238.44836267395,473.810457326275,308.369680328188,388.369680328188,3,8,1,80,Route
248.568996653207,2243.42930539246,473.672283023396,307.693229417485,387.693229417485,3,8,1,80,Route
248.901187244438,2248.41024811096,473.534108720517,307.019892625292,387.019892625292,3,8,1,80,Route
249.233377835668,2253.39119082946,473.395934417638,306.233100078708,386.233100078708,3,8,1,80,Route
249.50383826437,2255.88166218871,473.326847266198,305.421718792602,385.421718792602,3,8,1,80,Route
249.77442844801,2258.37213354797,473.257760114758,304.609948241682,384.609948241682,3,8,1,80,Route
250.045148386588,2260.86260490722,473.188672963319,303.797788425949,383.797788425949,3,8,1,80,Route
250.315998080103,2263.35307626647,473.119585811879,302.985239345402,382.985239345402,3,8,1,80,Route
250.586977528557,2265.84354762572,473.05049866044,302.172301000042,382.172301000042,3,8,1,80,Route
250.858086731921,2268.33401898497,472.981411509,301.35897338995,381.35897338995,3,8,1,80,Route
251.358086731921,2268.33401898497,472.981411509,301.35897338995,381.35897338995,5,8,1,80,Hover
251.858086731921,2268.33401898497,472.981411509,301.35897338995,381.35897338995,5,8,1,80,Hover
252.358086731921,2268.33401898497,472.981411509,301.35897338995,381.35897338995,5,8,1,80,Hover
252.858086731921,2268.33401898497,472.981411509,301.35897338995,381.35897338995,5,8,1,80,Hover
253.358086731921,2268.33401898497,472.981411509,301.35897338995,381.35897338995,5,8,1,80,Hover
253.858086731921,2268.33401898497,472.981411509,301.35897338995,381.35897338995,5,8,1,80,Hover
254.358086731921,2268.33401898497,472.981411509,301.35897338995,381.35897338995,5,8,1,80,Hover
254.858086731921,2268.33401898497,472.981411509,301.35897338995,381.35897338995,5,8,1,80,Hover
255.358086731921,2268.33401898497,472.981411509,301.35897338995,381.35897338995,5,8,1,80,Hover
255.858086731921,2268.33401898497,472.981411509,301.35897338995,381.35897338995,5,8,1,80,Hover
256.163542724008,2270.69743404273,473.61535264594,300.44260541369,380.44260541369,3,9,1,80,Route
256.467868831756,2273.06084910048,474.249293782879,299.529627090444,379.529627090444,3,9,1,80,Route
256.77106505514,2275.42426415823,474.883234919818,298.620038420293,378.620038420293,3,9,1,80,Route
257.073131394051,2277.78767921599,475.517176056758,297.713839403559,377.713839403559,3,9,1,80,Route
257.374067848785,2280.15109427374,476.151117193697,296.811030039356,376.811030039356,3,9,1,80,Route
257.647203994525,2282.51450933149,476.785058330637,295.991621602138,375.991621602138,3,9,1,80,Route
258.133201050881,2287.241339447,478.052940604515,294.53363043307,374.53363043307,3,9,1,80,Route
258.614678569986,2291.96816956251,479.320822878394,293.089197875756,373.089197875756,3,9,1,80,Route
259.091636551614,2296.69499967801,480.588705152273,291.658323930869,371.658323930869,3,9,1,80,Route
259.564074996038,2301.42182979352,481.856587426152,290.241008597597,370.241008597597,3,9,1,80,Route
260.031993902965,2306.14865990902,483.124469700031,288.837251876819,368.837251876819,3,9,1,80,Route
260.486155529371,2310.87549002453,484.39235197391,287.474766997599,367.474766997599,3,9,1,80,Route
260.894672299904,2315.60232014004,485.660234247789,286.249216686,366.249216686,3,9,1,80,Route
261.294149995819,2320.32915025554,486.928116521667,285.050783598256,365.050783598256,3,9,1,80,Route
261.684588616926,2325.05598037105,488.195998795546,283.879467734934,363.879467734934,3,9,1,80,Route
262.044561765517,2329.78281048656,489.463881069425,282.79954828916,362.79954828916,3,9,1,80,Route
262.40189705043,2334.50964060206,490.731763343304,281.727542434421,361.727542434421,3,9,1,80,Route
262.758464242589,2339.23647071757,491.999645617183,280.657840857947,360.657840857947,3,9,1,80,Route
263.084725544828,2343.96330083308,493.267527891062,279.749138020516,359.749138020516,3,9,1,80,Route
263.410986847068,2348.69013094858,494.535410164941,278.840435183368,358.840435183368,3,9,1,80,Route
263.737248149307,2353.41696106409,495.803292438819,277.931732345963,357.931732345963,3,9,1,80,Route
264.063509451546,2358.1437911796,497.071174712698,277.023029508789,357.023029508789,3,9,1,80,Route
264.389770753786,2362.8706212951,498.339056986577,276.114326671384,356.114326671384,3,9,1,80,Route
264.716032056025,2367.59745141061,499.606939260456,275.210237498892,355.210237498892,3,9,1,80,Route
265.042293358265,2372.32428152611,500.874821534335,274.333977747862,354.333977747862,3,9,1,80,Route
265.368554660504,2377.05111164162,502.142703808214,273.430600772996,353.430600772996,3,9,1,80,Route
265.694815962744,2381.77794175713,503.410586082092,272.500106573772,352.500106573772,3,9,1,80,Route
266.021077264983,2386.50477187263,504.678468355971,271.542495150653,351.542495150653,3,9,1,80,Route
266.349320147465,2391.23160198814,505.94635062985,270.557766503206,350.557766503206,3,9,1,80,Route
266.676246012203,2395.95843210365,507.214232903729,269.576988908993,349.576988908993,3,9,1,80,Route
267.002507314442,2400.68526221915,508.482115177608,269.189098060933,349.189098060933,3,9,1,80,Route
267.328768616682,2405.41209233466,509.749997451487,268.814765825049,348.814765825049,3,9,1,80,Route
267.655029918921,2410.13892245017,511.017879725366,268.453992201151,348.453992201151,3,9,1,80,Route
267.981291221161,2414.86575256567,512.285761999244,268.10677718933,348.10677718933,3,9,1,80,Route
268.3075525234,2419.59258268118,513.553644273123,267.773120789545,347.773120789545,3,9,1,80,Route
268.63381382564,2424.31941279669,514.821526547002,267.453159110819,347.453159110819,3,9,1,80,Route
268.960075127879,2429.04624291219,516.089408820881,267.275574332682,347.275574332682,3,9,1,80,Route
269.286336430119,2433.7730730277,517.35729109476,267.138665390761,347.138665390761,3,9,1,80,Route
269.612597732358,2438.4999031432,518.625173368639,267.042432284991,347.042432284991,3,9,1,80,Route
269.938859034598,2443.22673325871,519.893055642517,267.034405107019,347.034405107019,3,9,1,80,Route
270.265120336837,2447.95356337422,521.160937916396,267.152451533236,347.152451533236,3,9,1,80,Route
270.591381639077,2452.68039348972,522.428820190275,267.284056571508,347.284056571508,3,9,1,80,Route
271.091381639077,2452.68039348972,522.428820190275,267.284056571508,347.284056571508,5,9,1,80,Hover
271.591381639077,2452.68039348972,522.428820190275,267.284056571508,347.284056571508,5,9,1,80,Hover
272.091381639077,2452.68039348972,522.428820190275,267.284056571508,347.284056571508,5,9,1,80,Hover
272.591381639077,2452.68039348972,522.428820190275,267.284056571508,347.284056571508,5,9,1,80,Hover
273.091381639077,2452.68039348972,522.428820190275,267.284056571508,347.284056571508,5,9,1,80,Hover
273.591381639077,2452.68039348972,522.428820190275,267.284056571508,347.284056571508,5,9,1,80,Hover
274.091381639077,2452.68039348972,522.428820190275,267.284056571508,347.284056571508,5,9,1,80,Hover
274.591381639077,2452.68039348972,522.428820190275,267.284056571508,347.284056571508,5,9,1,80,Hover
275.091381639077,2452.68039348972,522.428820190275,267.284056571508,347.284056571508,5,9,1,80,Hover
275.591381639077,2452.68039348972,522.428820190275,267.284056571508,347.284056571508,5,9,1,80,Hover
275.916653870302,2457.4540393498,523.437661453336,267.243767411738,347.243767411738,3,10,1,80,Route
276.241926101528,2462.22768520987,524.446502716397,267.206606481853,347.206606481853,3,10,1,80,Route
276.567198332753,2467.00133106994,525.455343979457,267.180340855784,347.180340855784,3,10,1,80,Route
276.892470563978,2471.77497693001,526.464185242518,267.164970533618,347.164970533618,3,10,1,80,Route
277.217742795204,2476.54862279008,527.473026505579,267.160495515181,347.160495515181,3,10,1,80,Route
277.543015026429,2481.32226865016,528.48186776864,267.16691580061,347.16691580061,3,10,1,80,Route
277.868287257655,2486.09591451023,529.4907090317,267.558454419261,347.558454419261,3,10,1,80,Route
278.19355948888,2490.8695603703,530.499550294761,267.985307358912,347.985307358912,3,10,1,80,Route
278.518831720106,2495.64320623037,531.508391557822,268.433950906139,348.433950906139,3,10,1,80,Route
278.844103951331,2500.41685209044,532.517232820882,268.904385060903,348.904385060903,3,10,1,80,Route
279.169376182557,2505.19049795051,533.526074083943,269.396609823462,349.396609823462,3,10,1,80,Route
279.494648413782,2509.96414381059,534.534915347004,269.910625193584,349.910625193584,3,10,1,80,Route
279.819920645008,2514.73778967066,535.543756610065,270.277284012754,350.277284012754,3,10,1,80,Route
280.145192876233,2519.51143553073,536.552597873125,270.640011956339,350.640011956339,3,10,1,80,Route
280.470465107458,2524.2850813908,537.561439136186,271.002739899923,351.002739899923,3,10,1,80,Route
280.795737338684,2529.05872725087,538.570280399247,271.365467843533,351.365467843533,3,10,1,80,Route
281.121009569909,2533.83237311095,539.579121662307,271.728195787117,351.728195787117,3,10,1,80,Route
281.446281801135,2538.60601897102,540.587962925368,272.090923730778,352.090923730778,3,10,1,80,Route
281.77155403236,2543.37966483109,541.596804188429,272.124051711804,352.124051711804,3,10,1,80,Route
282.096826263586,2548.15331069116,542.60564545149,272.152825228572,352.152825228572,3,10,1,80,Route
282.422098494811,2552.92695655123,543.61448671455,272.181598745263,352.181598745263,3,10,1,80,Route
282.747370726037,2557.7006024113,544.623327977611,272.210372262006,352.210372262006,3,10,1,80,Route
283.072642957262,2562.47424827138,545.632169240672,272.239145778774,352.239145778774,3,10,1,80,Route
283.397915188488,2567.24789413145,546.641010503733,272.267919295465,352.267919295465,3,10,1,80,Route
283.723187419713,2572.02153999152,547.649851766793,272.144936021671,352.144936021671,3,10,1,80,Route
284.048459650938,2576.79518585159,548.658693029854,272.010781815041,352.010781815041,3,10,1,80,Route
284.373731882164,2581.56883171166,549.667534292915,271.865732304597,351.865732304597,3,10,1,80,Route
284.699004113389,2586.34247757174,550.676375555975,271.684483358226,351.684483358226,3,10,1,80,Route
285.024276344615,2591.11612343181,551.685216819036,271.419767875083,351.419767875083,3,10,1,80,Route
285.34954857584,2595.88976929188,552.694058082097,271.141172592463,351.141172592463,3,10,1,80,Route
285.674820807066,2600.66341515195,553.702899345158,270.538513982243,350.538513982243,3,10,1,80,Route
286.000093038291,2605.43706101202,554.711740608218,269.935855371844,349.935855371844,3,10,1,80,Route
286.325365269517,2610.21070687209,555.720581871279,269.333196761419,349.333196761419,3,10,1,80,Route
286.650637500742,2614.98435273217,556.72942313434,268.730538151198,348.730538151198,3,10,1,80,Route
286.975909731967,2619.75799859224,557.7382643974,268.127879540799,348.127879540799,3,10,1,80,Route
287.301181963193,2624.53164445231,558.747105660461,267.532046149497,347.532046149497,3,10,1,80,Route
287.626454194418,2629.30529031238,559.755946923522,267.263341966119,347.263341966119,3,10,1,80,Route
287.951726425644,2634.07893617245,560.764788186583,266.994637782612,346.994637782612,3,10,1,80,Route
288.276998656869,2638.85258203253,561.773629449643,266.725933599131,346.725933599131,3,10,1,80,Route
288.776998656869,2638.85258203253,561.773629449643,266.725933599131,346.725933599131,5,10,1,80,Hover
289.276998656869,2638.85258203253,561.773629449643,266.725933599131,346.725933599131,5,10,1,80,Hover
289.776998656869,2638.85258203253,561.773629449643,266.725933599131,346.725933599131,5,10,1,80,Hover
290.276998656869,2638.85258203253,561.773629449643,266.725933599131,346.725933599131,5,10,1,80,Hover
290.776998656869,2638.85258203253,561.773629449643,266.725933599131,346.725933599131,5,10,1,80,Hover
291.276998656869,2638.85258203253,561.773629449643,266.725933599131,346.725933599131,5,10,1,80,Hover
291.776998656869,2638.85258203253,561.773629449643,266.725933599131,346.725933599131,5,10,1,80,Hover
292.276998656869,2638.85258203253,561.773629449643,266.725933599131,346.725933599131,5,10,1,80,Hover
292.776998656869,2638.85258203253,561.773629449643,266.725933599131,346.725933599131,5,10,1,80,Hover
293.276998656869,2638.85258203253,561.773629449643,266.725933599131,346.725933599131,5,10,1,80,Hover
293.60219725231,2643.66949214614,562.543080822087,266.438719381492,346.438719381492,3,11,1,80,Route
293.927395847751,2648.48640225976,563.31253219453,266.151505163776,346.151505163776,3,11,1,80,Route
294.252594443191,2653.30331237338,564.081983566973,265.891459860669,345.891459860669,3,11,1,80,Route
294.577793038632,2658.12022248699,564.851434939417,266.088348978707,346.088348978707,3,11,1,80,Route
294.902991634072,2662.93713260061,565.62088631186,266.318779098048,346.318779098048,3,11,1,80,Route
295.228190229513,2667.75404271423,566.390337684303,266.582750218653,346.582750218653,3,11,1,80,Route
295.553388824954,2672.57095282785,567.159789056746,266.880262340461,346.880262340461,3,11,1,80,Route
295.878587420394,2677.38786294146,567.92924042919,267.211315463589,347.211315463589,3,11,1,80,Route
296.203786015835,2682.20477305508,568.698691801633,267.60515389164,347.60515389164,3,11,1,80,Route
296.528984611275,2687.0216831687,569.468143174076,268.235938867941,348.235938867941,3,11,1,80,Route
296.854183206716,2691.83859328231,570.237594546519,268.891879595332,348.891879595332,3,11,1,80,Route
297.179381802157,2696.65550339593,571.007045918963,269.572976073673,349.572976073673,3,11,1,80,Route
297.504580397597,2701.47241350955,571.776497291406,270.279228302805,350.279228302805,3,11,1,80,Route
297.829778993038,2706.28932362317,572.545948663849,271.01063628304,351.01063628304,3,11,1,80,Route
298.154977588478,2711.10623373678,573.315400036293,271.855279548056,351.855279548056,3,11,1,80,Route
298.56660902406,2715.9231438504,574.084851408736,273.0901738548,353.0901738548,3,11,1,80,Route
298.978240459743,2720.74005396402,574.854302781179,274.32506816185,354.32506816185,3,11,1,80,Route
299.389871895427,2725.55696407763,575.623754153622,275.559962468901,355.559962468901,3,11,1,80,Route
299.801503331008,2730.37387419125,576.393205526066,276.794856775644,356.794856775644,3,11,1,80,Route
300.213134766691,2735.19078430487,577.162656898509,278.029751082695,358.029751082695,3,11,1,80,Route
300.556821031047,2740.00769441849,577.932108270952,279.060809875763,359.060809875763,3,11,1,80,Route
300.882019626488,2744.8246045321,578.701559643396,279.479857783926,359.479857783926,3,11,1,80,Route
301.207218221929,2749.64151464572,579.471011015839,279.88213519152,359.88213519152,3,11,1,80,Route
301.532416817369,2754.45842475934,580.240462388282,280.267642098481,360.267642098481,3,11,1,80,Route
301.85761541281,2759.27533487295,581.009913760725,280.636378504759,360.636378504759,3,11,1,80,Route
302.18281400825,2764.09224498657,581.779365133169,280.858178306292,360.858178306292,3,11,1,80,Route
302.508012603691,2768.90915510019,582.548816505612,280.610630790944,360.610630790944,3,11,1,80,Route
302.841374543268,2773.72606521381,583.318267878055,279.610544972214,359.610544972214,3,11,1,80,Route
303.166573138708,2778.54297532742,584.087719250498,278.65238540477,358.65238540477,3,11,1,80,Route
303.491771734149,2783.35988544104,584.857170622942,277.736152088908,357.736152088908,3,11,1,80,Route
303.816970329589,2788.17679555466,585.626621995385,276.861845024879,356.861845024879,3,11,1,80,Route
304.14216892503,2792.99370566827,586.396073367828,276.029464212165,356.029464212165,3,11,1,80,Route
304.467367520471,2797.81061578189,587.165524740272,275.267055850048,355.267055850048,3,11,1,80,Route
304.792566115911,2802.62752589551,587.934976112715,274.574359288574,354.574359288574,3,11,1,80,Route
305.117764711352,2807.44443600913,588.704427485158,273.898433227496,353.898433227496,3,11,1,80,Route
305.442963306792,2812.26134612274,589.473878857601,273.23927766705,353.23927766705,3,11,1,80,Route
305.768161902233,2817.07825623636,590.243330230045,272.596892607462,352.596892607462,3,11,1,80,Route
306.093360497674,2821.89516634998,591.012781602488,271.971278048278,351.971278048278,3,11,1,80,Route
306.418559093114,2826.7120764636,591.782232974931,271.436906254769,351.436906254769,3,11,1,80,Route
306.918559093114,2826.7120764636,591.782232974931,271.436906254769,351.436906254769,5,11,1,80,Hover
307.418559093114,2826.7120764636,591.782232974931,271.436906254769,351.436906254769,5,11,1,80,Hover
307.918559093114,2826.7120764636,591.782232974931,271.436906254769,351.436906254769,5,11,1,80,Hover
308.418559093114,2826.7120764636,591.782232974931,271.436906254769,351.436906254769,5,11,1,80,Hover
308.918559093114,2826.7120764636,591.782232974931,271.436906254769,351.436906254769,5,11,1,80,Hover
309.418559093114,2826.7120764636,591.782232974931,271.436906254769,351.436906254769,5,11,1,80,Hover
309.918559093114,2826.7120764636,591.782232974931,271.436906254769,351.436906254769,5,11,1,80,Hover
310.418559093114,2826.7120764636,591.782232974931,271.436906254769,351.436906254769,5,11,1,80,Hover
310.918559093114,2826.7120764636,591.782232974931,271.436906254769,351.436906254769,5,11,1,80,Hover
311.418559093114,2826.7120764636,591.782232974931,271.436906254769,351.436906254769,5,11,1,80,Hover
311.74434868857,2831.56652988941,592.343949585678,270.956512803212,350.956512803212,3,12,1,80,Route
312.070138284027,2836.42098331522,592.905666196425,270.469950221624,350.469950221624,3,12,1,80,Route
312.395927879483,2841.27543674104,593.467382807173,269.97721851023,349.97721851023,3,12,1,80,Route
312.721717474939,2846.12989016685,594.02909941792,269.478317668918,349.478317668918,3,12,1,80,Route
313.047507070395,2850.98434359267,594.590816028667,268.973247697515,348.973247697515,3,12,1,80,Route
313.373296665851,2855.83879701848,595.152532639414,268.536224565419,348.536224565419,3,12,1,80,Route
313.699086261307,2860.69325044429,595.714249250162,268.171647608025,348.171647608025,3,12,1,80,Route
314.024875856764,2865.54770387011,596.275965860909,267.825578040252,347.825578040252,3,12,1,80,Route
314.35066545222,2870.40215729592,596.837682471656,267.498015862439,347.498015862439,3,12,1,80,Route
314.676455047676,2875.25661072173,597.399399082403,267.188961074185,347.188961074185,3,12,1,80,Route
315.002244643132,2880.11106414755,597.96111569315,266.898413675811,346.898413675811,3,12,1,80,Route
315.328034238588,2884.96551757336,598.522832303897,267.217205816814,347.217205816814,3,12,1,80,Route
315.653823834044,2889.81997099918,599.084548914645,267.871116836571,347.871116836571,3,12,1,80,Route
315.979613429501,2894.67442442499,599.646265525392,268.5682117656,348.5682117656,3,12,1,80,Route
316.305403024957,2899.5288778508,600.207982136139,269.308490604048,349.308490604048,3,12,1,80,Route
316.631192620413,2904.38333127662,600.769698746886,270.09195335225,350.09195335225,3,12,1,80,Route
316.956982215869,2909.23778470243,601.331415357633,270.918600009558,350.918600009558,3,12,1,80,Route
317.282771811325,2914.09223812825,601.893131968381,271.307173753142,351.307173753142,3,12,1,80,Route
317.608561406781,2918.94669155406,602.454848579128,271.546025686487,351.546025686487,3,12,1,80,Route
317.934351002238,2923.80114497987,603.016565189875,271.766370230081,351.766370230081,3,12,1,80,Route
318.260140597694,2928.65559840569,603.578281800622,271.968207383916,351.968207383916,3,12,1,80,Route
318.58593019315,2933.5100518315,604.139998411369,272.151537148005,352.151537148005,3,12,1,80,Route
318.911719788606,2938.36450525732,604.701715022116,272.316359522485,352.316359522485,3,12,1,80,Route
319.237509384062,2943.21895868313,605.263431632864,272.647553937274,352.647553937274,3,12,1,80,Route
319.563298979518,2948.07341210894,605.825148243611,272.977762389375,352.977762389375,3,12,1,80,Route
319.889088574975,2952.92786553476,606.386864854358,273.283294321806,353.283294321806,3,12,1,80,Route
320.214878170431,2957.78231896057,606.948581465105,273.564149734604,353.564149734604,3,12,1,80,Route
320.540667765887,2962.63677238639,607.510298075852,273.820328627693,353.820328627693,3,12,1,80,Route
320.866457361343,2967.4912258122,608.0720146866,274.05183100123,354.05183100123,3,12,1,80,Route
321.192246956799,2972.34567923801,608.633731297347,274.937013492171,354.937013492171,3,12,1,80,Route
321.518036552255,2977.20013266383,609.195447908094,275.798377941404,355.798377941404,3,12,1,80,Route
321.843826147712,2982.05458608964,609.757164518841,276.63506587119,356.63506587119,3,12,1,80,Route
322.169615743168,2986.90903951545,610.318881129588,277.447077281084,357.447077281084,3,12,1,80,Route
322.495405338624,2991.76349294127,610.880597740336,278.234412171309,358.234412171309,3,12,1,80,Route
322.82119493408,2996.61794636708,611.442314351083,278.995102308606,358.995102308606,3,12,1,80,Route
323.146984529536,3001.4723997929,612.00403096183,279.728813825137,359.728813825137,3,12,1,80,Route
323.472774124992,3006.32685321871,612.565747572577,280.47802062204,360.47802062204,3,12,1,80,Route
323.798563720449,3011.18130664452,613.127464183324,281.221145835104,361.221145835104,3,12,1,80,Route
324.124353315905,3016.03576007034,613.689180794071,281.939594528297,361.939594528297,3,12,1,80,Route
324.624353315905,3016.03576007034,613.689180794071,281.939594528297,361.939594528297,5,12,1,80,Hover
325.124353315905,3016.03576007034,613.689180794071,281.939594528297,361.939594528297,5,12,1,80,Hover
325.624353315905,3016.03576007034,613.689180794071,281.939594528297,361.939594528297,5,12,1,80,Hover
326.124353315905,3016.03576007034,613.689180794071,281.939594528297,361.939594528297,5,12,1,80,Hover
326.624353315905,3016.03576007034,613.689180794071,281.939594528297,361.939594528297,5,12,1,80,Hover
327.124353315905,3016.03576007034,613.689180794071,281.939594528297,361.939594528297,5,12,1,80,Hover
327.624353315905,3016.03576007034,613.689180794071,281.939594528297,361.939594528297,5,12,1,80,Hover
328.124353315905,3016.03576007034,613.689180794071,281.939594528297,361.939594528297,5,12,1,80,Hover
328.624353315905,3016.03576007034,613.689180794071,281.939594528297,361.939594528297,5,12,1,80,Hover
329.124353315905,3016.03576007034,613.689180794071,281.939594528297,361.939594528297,5,12,1,80,Hover
329.451048250851,3020.92015328856,614.08523446042,282.623756968276,362.623756968276,3,13,1,80,Route
329.777743185796,3025.80454650678,614.481288126769,283.1888731928,363.1888731928,3,13,1,80,Route
330.104438120742,3030.688939725,614.877341793118,283.415275440129,363.415275440129,3,13,1,80,Route
330.431133055688,3035.57333294322,615.273395459466,283.650430768852,363.650430768852,3,13,1,80,Route
330.757827990634,3040.45772616145,615.669449125815,283.89433917885,363.89433917885,3,13,1,80,Route
331.08452292558,3045.34211937967,616.065502792164,284.147000670182,364.147000670182,3,13,1,80,Route
331.411217860526,3050.22651259789,616.461556458513,284.408415242912,364.408415242912,3,13,1,80,Route
331.737912795471,3055.11090581611,616.857610124861,284.484688385557,364.484688385557,3,13,1,80,Route
332.064607730417,3059.99529903433,617.25366379121,284.251055995291,364.251055995291,3,13,1,80,Route
332.391302665363,3064.87969225255,617.649717457559,284.026176686221,364.026176686221,3,13,1,80,Route
332.717997600309,3069.76408547077,618.045771123908,283.810050458572,363.810050458572,3,13,1,80,Route
333.044692535255,3074.648478689,618.441824790256,283.602677312175,363.602677312175,3,13,1,80,Route
333.3713874702,3079.53287190722,618.837878456605,283.404057247195,363.404057247195,3,13,1,80,Route
333.698082405146,3084.41726512544,619.233932122954,283.014476071386,363.014476071386,3,13,1,80,Route
334.024777340092,3089.30165834366,619.629985789303,282.449790173313,362.449790173313,3,13,1,80,Route
334.351472275038,3094.18605156188,620.026039455651,281.889480816099,361.889480816099,3,13,1,80,Route
334.678167209984,3099.0704447801,620.422093122,281.333547999552,361.333547999552,3,13,1,80,Route
335.00486214493,3103.95483799832,620.818146788349,280.781991723481,360.781991723481,3,13,1,80,Route
335.331557079875,3108.83923121655,621.214200454697,280.234811988268,360.234811988268,3,13,1,80,Route
335.658252014821,3113.72362443477,621.610254121046,279.622555787507,359.622555787507,3,13,1,80,Route
335.984946949767,3118.60801765299,622.006307787395,278.973486941033,358.973486941033,3,13,1,80,Route
336.311641884713,3123.49241087121,622.402361453744,278.320041554113,358.320041554113,3,13,1,80,Route
336.638336819659,3128.37680408943,622.798415120092,277.662219626526,357.662219626526,3,13,1,80,Route
336.965031754605,3133.26119730765,623.194468786441,277.00002115805,357.00002115805,3,13,1,80,Route
337.29172668955,3138.14559052587,623.59052245279,276.333446149128,356.333446149128,3,13,1,80,Route
337.684286525942,3143.02998374409,623.986576119139,275.155766639953,355.155766639953,3,13,1,80,Route
338.114273185015,3147.91437696232,624.382629785487,273.865806662733,353.865806662733,3,13,1,80,Route
338.544259844114,3152.79877018054,624.778683451836,272.575846685437,352.575846685437,3,13,1,80,Route
338.974246503349,3157.68316339876,625.174737118185,271.285886707731,351.285886707731,3,13,1,80,Route
339.404233162448,3162.56755661698,625.570790784534,269.995926730435,349.995926730435,3,13,1,80,Route
339.834219821547,3167.4519498352,625.966844450882,268.705966753139,348.705966753139,3,13,1,80,Route
340.268154897096,3169.89414644431,626.164871284057,267.40416152649,347.40416152649,3,13,1,80,Route
340.719783484838,3172.33634305342,626.362898117231,266.049275763265,346.049275763265,3,13,1,80,Route
341.173235630913,3174.77853966253,626.560924950405,264.688919325039,344.688919325039,3,13,1,80,Route
341.628511335878,3177.22073627164,626.75895178358,263.323092210146,343.323092210146,3,13,1,80,Route
342.085610599454,3179.66293288075,626.956978616754,261.951794419417,341.951794419417,3,13,1,80,Route
342.544533421362,3182.10512948987,627.155005449929,260.575025953692,340.575025953692,3,13,1,80,Route
343.005279802162,3184.54732609898,627.353032283103,259.192786811294,339.192786811294,3,13,1,80,Route
343.467849741573,3186.98952270809,627.551059116277,257.805076993061,337.805076993061,3,13,1,80,Route
343.932243239314,3189.4317193172,627.749085949452,256.411896499838,336.411896499838,3,13,1,80,Route
344.398460295948,3191.87391592631,627.947112782626,255.013245329936,335.013245329936,3,13,1,80,Route
344.866500911193,3194.31611253542,628.1451396158,253.609123484199,333.609123484199,3,13,1,80,Route
345.307268009861,3196.75830914453,628.343166448975,252.286822188197,332.286822188197,3,13,1,80,Route
345.650021052128,3199.20050575364,628.541193282149,251.258563061395,331.258563061395,3,13,1,80,Route
345.994232941285,3201.64270236275,628.739220115324,250.225927393926,330.225927393926,3,13,1,80,Route
346.339903677331,3204.08489897186,628.937246948498,249.188915185788,329.188915185788,3,13,1,80,Route
346.687033260058,3206.52709558097,629.135273781672,248.147526437605,328.147526437605,3,13,1,80,Route
347.187033260058,3206.52709558097,629.135273781672,248.147526437605,328.147526437605,5,13,1,80,Hover
347.687033260058,3206.52709558097,629.135273781672,248.147526437605,328.147526437605,5,13,1,80,Hover
348.187033260058,3206.52709558097,629.135273781672,248.147526437605,328.147526437605,5,13,1,80,Hover
348.687033260058,3206.52709558097,629.135273781672,248.147526437605,328.147526437605,5,13,1,80,Hover
349.187033260058,3206.52709558097,629.135273781672,248.147526437605,328.147526437605,5,13,1,80,Hover
349.687033260058,3206.52709558097,629.135273781672,248.147526437605,328.147526437605,5,13,1,80,Hover
350.187033260058,3206.52709558097,629.135273781672,248.147526437605,328.147526437605,5,13,1,80,Hover
350.687033260058,3206.52709558097,629.135273781672,248.147526437605,328.147526437605,5,13,1,80,Hover
351.187033260058,3206.52709558097,629.135273781672,248.147526437605,328.147526437605,5,13,1,80,Hover
351.687033260058,3206.52709558097,629.135273781672,248.147526437605,328.147526437605,5,13,1,80,Hover
352.03661544368,3208.97970967329,629.275658567186,247.098779886741,327.098779886741,3,14,1,80,Route
352.387236241841,3211.4323237656,629.416043352701,246.046917492255,326.046917492255,3,14,1,80,Route
352.738895654119,3213.88493785792,629.556428138215,244.991939255422,324.991939255422,3,14,1,80,Route
353.091593680724,3216.33755195023,629.696812923729,243.933845175607,323.933845175607,3,14,1,80,Route
353.445330321657,3218.79016604255,629.837197709243,242.87263525281,322.87263525281,3,14,1,80,Route
353.800105576916,3221.24278013486,629.977582494757,241.808309487031,321.808309487031,3,14,1,80,Route
354.155919446515,3223.69539422718,630.117967280271,240.740867878234,320.740867878234,3,14,1,80,Route
354.556342516326,3226.14800831949,630.258352065785,239.539598668801,319.539598668801,3,14,1,80,Route
354.991390947408,3228.60062241181,630.398736851299,238.234453375554,318.234453375554,3,14,1,80,Route
355.425141110324,3231.05323650413,630.539121636814,236.933202886807,316.933202886807,3,14,1,80,Route
355.857593005331,3233.50585059644,630.679506422328,235.635847201787,315.635847201787,3,14,1,80,Route
356.288746632433,3235.95846468876,630.819891207842,234.342386320481,314.342386320481,3,14,1,80,Route
356.718601991619,3238.41107878107,630.960275993356,233.052820242921,313.052820242921,3,14,1,80,Route
357.147159082897,3240.86369287339,631.10066077887,231.767148969089,311.767148969089,3,14,1,80,Route
357.574417906519,3243.3163069657,631.241045564384,230.485372498221,310.485372498221,3,14,1,80,Route
358.000378461978,3245.76892105802,631.381430349898,229.207490831846,309.207490831846,3,14,1,80,Route
358.425040749523,3248.22153515033,631.521815135412,227.933503969212,307.933503969212,3,14,1,80,Route
358.848404769161,3250.67414924265,631.662199920927,226.663411910297,306.663411910297,3,14,1,80,Route
359.27047052089,3253.12676333496,631.802584706441,225.39721465511,305.39721465511,3,14,1,80,Route
359.786709882255,3255.57937742728,631.942969491955,223.848496571013,303.848496571013,3,14,1,80,Route
360.13880414873,3257.21445348882,632.036559348964,222.792213771589,302.792213771589,3,14,1,80,Route
360.491360021257,3258.84952955036,632.130149205974,221.73454615401,301.73454615401,3,14,1,80,Route
360.844377500468,3260.48460561191,632.223739062983,220.675493716374,300.675493716374,3,14,1,80,Route
361.197856585735,3262.11968167345,632.317328919993,219.615056460575,299.615056460575,3,14,1,80,Route
361.551797277683,3263.754757735,632.410918777002,218.553234384731,298.553234384731,3,14,1,80,Route
361.906199575682,3265.38983379654,632.504508634011,217.490027490735,297.490027490735,3,14,1,80,Route
362.261063480049,3267.02490985808,632.598098491021,216.425435777634,296.425435777634,3,14,1,80,Route
362.616388991102,3268.65998591963,632.69168834803,215.359459244474,295.359459244474,3,14,1,80,Route
362.972176108204,3270.29506198117,632.78527820504,214.292097893168,294.292097893168,3,14,1,80,Route
363.328424831993,3271.93013804271,632.878868062049,213.2233517218,293.2233517218,3,14,1,80,Route
363.685135161832,3273.56521410426,632.972457919059,212.153220732282,292.153220732282,3,14,1,80,Route
364.042307098359,3275.2002901658,633.066047776068,211.081704922703,291.081704922703,3,14,1,80,Route
364.399940640935,3276.83536622734,633.159637633077,210.008804294976,290.008804294976,3,14,1,80,Route
364.758035789872,3278.47044228889,633.253227490087,208.934518848163,288.934518848162,3,14,1,80,Route
365.116592545503,3280.10551835043,633.346817347096,207.85884858127,287.85884858127,3,14,1,80,Route
365.475610907183,3281.74059441197,633.440407204106,206.781793496231,286.781793496231,3,14,1,80,Route
365.817678314794,3283.37567047352,633.533997061115,205.755591273399,285.755591273399,3,14,1,80,Route
366.157014547653,3285.01074653506,633.627586918125,204.73758257482,284.73758257482,3,14,1,80,Route
366.496466182398,3286.6458225966,633.721176775134,203.719227670587,283.719227670587,3,14,1,80,Route
366.836033218441,3288.28089865815,633.814766632143,202.700526562456,282.700526562456,3,14,1,80,Route
367.175715656379,3289.91597471969,633.908356489153,201.681479248643,281.681479248643,3,14,1,80,Route
367.515513495607,3291.55105078123,634.001946346162,200.66208573096,280.66208573096,3,14,1,80,Route
367.855426736426,3293.18612684278,634.095536203172,199.6423460085,279.6423460085,3,14,1,80,Route
368.19545537913,3294.82120290432,634.189126060181,198.62226008039,278.62226008039,3,14,1,80,Route
368.535599423134,3296.45627896586,634.28271591719,197.601827948378,277.601827948378,3,14,1,80,Route
368.875858869032,3298.09135502741,634.3763057742,196.581049610684,276.581049610684,3,14,1,80,Route
369.21623371622,3299.72643108895,634.469895631209,195.559925069121,275.559925069121,3,14,1,80,Route
369.556723965302,3301.3615071505,634.563485488219,194.538454321874,274.538454321874,3,14,1,80,Route
369.897329615662,3302.99658321204,634.657075345228,193.516637370793,273.516637370793,3,14,1,80,Route
370.238050667626,3304.63165927358,634.750665202238,192.494474214901,272.494474214901,3,14,1,80,Route
370.578887121484,3306.26673533513,634.844255059247,191.471964853326,271.471964853326,3,14,1,80,Route
370.919838976632,3307.90181139667,634.937844916256,190.449109287882,270.449109287882,3,14,1,80,Route
371.260906233675,3309.53688745821,635.031434773266,189.425907516754,269.425907516754,3,14,1,80,Route
371.739403433412,3311.98950155053,635.17181955878,187.990415917543,267.990415917543,3,14,1,80,Route
372.194287074411,3314.44211564284,635.312204344294,186.625764994548,266.625764994548,3,14,1,80,Route
372.649430368991,3316.89472973516,635.452589129808,185.260335110808,265.260335110808,3,14,1,80,Route
373.104833317153,3319.34734382747,635.592973915322,183.894126266322,263.894126266322,3,14,1,80,Route
373.56049591918,3321.79995791979,635.733358700836,182.527138460241,262.527138460241,3,14,1,80,Route
374.016418174506,3324.2525720121,635.873743486351,181.159371694262,261.159371694262,3,14,1,80,Route
374.472600083414,3326.70518610442,636.014128271865,179.790825967538,259.790825967538,3,14,1,80,Route
374.929041645903,3329.15780019673,636.154513057379,178.421501280069,258.421501280069,3,14,1,80,Route
375.385742861975,3331.61041428905,636.294897842893,177.051397631854,257.051397631854,3,14,1,80,Route
375.842703731645,3334.06302838137,636.435282628407,175.680515022845,255.680515022845,3,14,1,80,Route
376.29992425488,3336.51564247368,636.575667413921,174.308853453138,254.308853453138,3,14,1,80,Route
376.757404431967,3338.968256566,636.716052199435,172.936412921878,252.936412921878,3,14,1,80,Route
377.143812193076,3340.60333262754,636.809642056445,171.77718963855,251.77718963855,3,14,1,80,Route
377.540560896346,3342.23840868908,636.903231913454,170.586943528743,250.586943528743,3,14,1,80,Route
377.937540402429,3343.87348475063,636.996821770464,169.396005010492,249.396005010492,3,14,1,80,Route
378.334750711715,3345.50856081217,637.090411627473,168.204374082635,248.204374082635,3,14,1,80,Route
378.732191824536,3347.14363687371,637.184001484482,167.012050744171,247.012050744171,3,14,1,80,Route
379.12986374019,3348.77871293526,637.277591341492,165.819034997208,245.819034997208,3,14,1,80,Route
379.52776645938,3350.4137889968,637.371181198501,164.625326839639,244.625326839639,3,14,1,80,Route
379.925899981382,3352.04886505834,637.464771055511,163.430926273634,243.430926273634,3,14,1,80,Route
380.324264306939,3353.68394111989,637.55836091252,162.235833296961,242.235833296961,3,14,1,80,Route
380.72285943533,3355.31901718143,637.65195076953,161.04004791179,241.04004791179,3,14,1,80,Route
381.121685366904,3356.95409324297,637.745540626539,159.843570117068,239.843570117068,3,14,1,80,Route
381.520742102014,3358.58916930452,637.839130483549,158.646399911736,238.646399911736,3,14,1,80,Route
381.920029639934,3360.22424536606,637.932720340558,157.448537297978,237.448537297978,3,14,1,80,Route
382.319547981412,3361.8593214276,638.026310197567,156.249982273542,236.249982273542,3,14,1,80,Route
382.719297125723,3363.49439748915,638.119900054577,155.050734840611,235.050734840611,3,14,1,80,Route
383.11927707357,3365.12947355069,638.213489911586,153.85079499707,233.85079499707,3,14,1,80,Route
383.519487824249,3366.76454961223,638.307079768596,152.650162745034,232.650162745034,3,14,1,80,Route
383.855257614463,3368.39962567378,638.400669625605,151.642853374392,231.642853374392,3,14,1,80,Route
384.216011306934,3370.85223976609,638.541054411119,150.560592296979,230.560592296979,3,14,1,80,Route
384.576245692215,3373.30485385841,638.681439196633,149.479889141133,229.479889141133,3,14,1,80,Route
384.935960770334,3375.75746795072,638.821823982147,148.400743906778,228.400743906778,3,14,1,80,Route
385.295156541288,3378.21008204304,638.962208767662,147.323156593914,227.323156593914,3,14,1,80,Route
385.653833005079,3380.66269613535,639.102593553176,146.247127202541,226.247127202541,3,14,1,80,Route
386.011990161728,3383.11531022767,639.24297833869,145.172655732596,225.172655732596,3,14,1,80,Route
386.3696280114,3385.56792431999,639.383363124204,144.099742183581,224.099742183581,3,14,1,80,Route
386.726746553699,3388.0205384123,639.523747909718,143.028386556683,223.028386556683,3,14,1,80,Route
387.083345788834,3390.47315250462,639.664132695232,141.958588851277,221.958588851277,3,14,1,80,Route
387.439425716824,3392.92576659693,639.804517480746,140.890349067307,220.890349067307,3,14,1,80,Route
387.794986337632,3395.37838068925,639.94490226626,139.823667204884,219.823667204884,3,14,1,80,Route
387.969333330707,3397.83099478156,640.085287051775,139.300626225658,219.300626225658,3,14,1,80,Route
388.469333330707,3397.83099478156,640.085287051775,139.300626225658,219.300626225658,5,14,1,80,Hover
388.969333330707,3397.83099478156,640.085287051775,139.300626225658,219.300626225658,5,14,1,80,Hover
389.469333330707,3397.83099478156,640.085287051775,139.300626225658,219.300626225658,5,14,1,80,Hover
389.969333330707,3397.83099478156,640.085287051775,139.300626225658,219.300626225658,5,14,1,80,Hover
390.469333330707,3397.83099478156,640.085287051775,139.300626225658,219.300626225658,5,14,1,80,Hover
390.969333330707,3397.83099478156,640.085287051775,139.300626225658,219.300626225658,5,14,1,80,Hover
391.469333330707,3397.83099478156,640.085287051775,139.300626225658,219.300626225658,5,14,1,80,Hover
391.969333330707,3397.83099478156,640.085287051775,139.300626225658,219.300626225658,5,14,1,80,Hover
392.469333330707,3397.83099478156,640.085287051775,139.300626225658,219.300626225658,5,14,1,80,Hover
392.969333330707,3397.83099478156,640.085287051775,139.300626225658,219.300626225658,5,14,1,80,Hover
393.297393845642,3402.74690835439,640.306932202484,138.943659544889,218.943659544889,3,15,1,80,Route
393.625454360577,3407.66282192721,640.528577353194,138.5842277969,218.5842277969,3,15,1,80,Route
393.953514875511,3412.57873550004,640.750222503903,138.222330981594,218.222330981594,3,15,1,80,Route
394.281575390446,3417.49464907287,640.971867654613,137.857969098872,217.857969098872,3,15,1,80,Route
394.609635905381,3422.41056264569,641.193512805323,137.491142148931,217.491142148931,3,15,1,80,Route
394.937696420316,3427.32647621852,641.415157956032,137.533952982209,217.533952982209,3,15,1,80,Route
395.26575693525,3432.24238979134,641.636803106742,138.00598538464,218.00598538464,3,15,1,80,Route
395.593817450185,3437.15830336417,641.858448257451,138.480482854237,218.480482854237,3,15,1,80,Route
395.92187796512,3442.074216937,642.080093408161,138.957445391152,218.957445391152,3,15,1,80,Route
396.249938480055,3446.99013050982,642.301738558871,139.436872995536,219.436872995536,3,15,1,80,Route
396.577998994989,3451.90604408265,642.52338370958,139.918765667085,219.918765667085,3,15,1,80,Route
396.933995903326,3456.82195765548,642.74502886029,140.986756392096,220.986756392096,3,15,1,80,Route
397.383103930248,3461.7378712283,642.966674010999,142.33408047286,222.33408047286,3,15,1,80,Route
397.831582177244,3466.65378480113,643.188319161709,143.67951521385,223.67951521385,3,15,1,80,Route
398.286867694776,3471.56969837396,643.409964312419,145.045371766444,225.045371766444,3,15,1,80,Route
398.74297490155,3476.48561194678,643.631609463128,146.413693386766,226.413693386766,3,15,1,80,Route
399.199903797293,3481.40152551961,643.853254613838,147.784480073995,227.784480073995,3,15,1,80,Route
399.698385245201,3486.31743909243,644.074899764547,149.27992441772,229.27992441772,3,15,1,80,Route
399.949587951889,3488.77539587885,644.185722339902,150.033532537785,230.033532537785,3,15,1,80,Route
400.199763547195,3491.23335266526,644.296544915257,150.784059323702,230.784059323702,3,15,1,80,Route
400.697033403524,3496.14926623809,644.518190065966,152.275868892689,232.275868892689,3,15,1,80,Route
401.190194814313,3501.06517981091,644.739835216676,153.755353125056,233.755353125056,3,15,1,80,Route
401.679247779722,3505.98109338374,644.961480367386,155.222512021283,235.222512021283,3,15,1,80,Route
402.164518412053,3510.89700695657,645.183125518095,156.678323918275,236.678323918275,3,15,1,80,Route
402.653630104353,3515.81292052939,645.404770668805,158.145658995176,238.145658995176,3,15,1,80,Route
403.140276729486,3520.72883410222,645.626415819514,159.605598870575,239.605598870575,3,15,1,80,Route
403.624458287152,3525.64474767504,645.848060970224,161.058143543572,241.058143543572,3,15,1,80,Route
404.1061747775,3530.56066124787,646.069706120934,162.503293014618,242.503293014618,3,15,1,80,Route
404.58542620068,3535.4765748207,646.291351271643,163.941047284158,243.941047284158,3,15,1,80,Route
405.029983262603,3540.39248839352,646.512996422353,165.274718469925,245.274718469925,3,15,1,80,Route
405.365744299127,3545.30840196635,646.734641573063,166.282001579499,246.282001579499,3,15,1,80,Route
405.70314871397,3550.22431553918,646.956286723772,167.294214824026,247.294214824026,3,15,1,80,Route
406.042196506917,3555.140229112,647.177931874482,168.311358202869,248.311358202869,3,15,1,80,Route
406.382887678077,3560.05614268483,647.399577025191,169.333431716346,249.333431716346,3,15,1,80,Route
406.725222227585,3564.97205625765,647.621222175901,170.360435364872,250.360435364872,3,15,1,80,Route
407.129501284366,3569.88796983048,647.84286732661,171.573272535216,251.573272535216,3,15,1,80,Route
407.619417601312,3574.80388340331,648.06451247732,173.043021486053,253.043021486053,3,15,1,80,Route
408.108512229302,3579.71979697613,648.28615762803,174.510305370024,254.510305370024,3,15,1,80,Route
408.596785168036,3584.63571054896,648.507802778739,175.975124186226,255.975124186226,3,15,1,80,Route
409.084236417665,3589.55162412179,648.729447929449,177.43747793511,257.43747793511,3,15,1,80,Route
409.584236417665,3589.55162412179,648.729447929449,177.43747793511,257.43747793511,5,15,1,80,Hover
410.084236417665,3589.55162412179,648.729447929449,177.43747793511,257.43747793511,5,15,1,80,Hover
410.584236417665,3589.55162412179,648.729447929449,177.43747793511,257.43747793511,5,15,1,80,Hover
411.084236417665,3589.55162412179,648.729447929449,177.43747793511,257.43747793511,5,15,1,80,Hover
411.584236417665,3589.55162412179,648.729447929449,177.43747793511,257.43747793511,5,15,1,80,Hover
412.084236417665,3589.55162412179,648.729447929449,177.43747793511,257.43747793511,5,15,1,80,Hover
412.584236417665,3589.55162412179,648.729447929449,177.43747793511,257.43747793511,5,15,1,80,Hover
413.084236417665,3589.55162412179,648.729447929449,177.43747793511,257.43747793511,5,15,1,80,Hover
413.584236417665,3589.55162412179,648.729447929449,177.43747793511,257.43747793511,5,15,1,80,Hover
414.084236417665,3589.55162412179,648.729447929449,177.43747793511,257.43747793511,5,15,1,80,Hover
414.517267535611,3584.63443011614,647.840777452833,176.138384581271,256.138384581271,6,16,1,80,Return
414.95359401576,3579.71723611049,646.952106976217,174.829405140824,254.829405140824,6,16,1,80,Return
415.393215858048,3574.80004210485,646.063436499602,173.510539613961,253.510539613961,6,16,1,80,Return
415.836133062506,3569.8828480992,645.174766022986,172.181788000586,252.181788000586,6,16,1,80,Return
416.184782649241,3564.96565409355,644.28609554637,171.135839240381,251.135839240381,6,16,1,80,Return
416.517906130552,3560.04846008791,643.397425069755,170.308442482497,250.308442482497,6,16,1,80,Return
416.851029611863,3555.13126608226,642.508754593139,169.365222418506,249.365222418506,6,16,1,80,Return
417.187770279721,3550.21407207661,641.620084116523,168.355000414932,248.355000414932,6,16,1,80,Return
417.534397034085,3545.29687807097,640.731413639908,167.315120151841,247.315120151841,6,16,1,80,Return
417.890909874961,3540.37968406532,639.842743163292,166.245581629212,246.245581629212,6,16,1,80,Return
418.335848879644,3535.46249005968,638.954072686676,164.910764615162,244.910764615162,6,16,1,80,Return
418.787267509354,3530.54529605403,638.065402210061,163.556508726032,243.556508726032,6,16,1,80,Return
419.218913966051,3525.62810204838,637.176731733445,162.261569355943,242.261569355943,6,16,1,80,Return
419.630788249714,3520.71090804274,636.288061256829,161.025946504954,241.025946504954,6,16,1,80,Return
420.022890360351,3515.79371403709,635.399390780214,159.849640173041,239.849640173041,6,16,1,80,Return
420.395220297963,3510.87652003144,634.510720303598,158.732650360206,238.732650360206,6,16,1,80,Return
420.866919917051,3505.9593260258,633.622049826982,157.317551502944,237.317551502944,6,16,1,80,Return
421.346392560511,3501.04213202015,632.733379350367,155.879133572562,235.879133572562,6,16,1,80,Return
421.829160566118,3496.12493801451,631.844708873751,154.430829555741,234.430829555741,6,16,1,80,Return
422.315223933896,3491.20774400886,630.956038397135,152.972639452407,232.972639452407,6,16,1,80,Return
422.804582663845,3486.29055000321,630.067367920519,151.504563262559,231.504563262559,6,16,1,80,Return
423.288854352949,3481.37335599757,629.178697443904,150.051748195248,230.051748195248,6,16,1,80,Return
423.727471014018,3476.45616199192,628.290026967288,148.735898212041,228.735898212041,6,16,1,80,Return
424.169383037237,3471.53896798627,627.401356490672,147.410162142385,227.410162142385,6,16,1,80,Return
424.614590422627,3466.62177398063,626.512686014057,146.074539986215,226.074539986215,6,16,1,80,Return
425.063093170187,3461.70457997498,625.624015537441,144.729031743533,224.729031743533,6,16,1,80,Return
425.514891279919,3456.78738596934,624.735345060825,143.373637414338,223.373637414338,6,16,1,80,Return
425.850937038542,3451.87019196369,623.84667458421,142.36550013847,222.36550013847,6,16,1,80,Return
426.184060519853,3446.95299795804,622.958004107594,142.078595619182,222.078595619182,6,16,1,80,Return
426.517184001164,3442.0358039524,622.069333630978,141.801577186406,221.801577186406,6,16,1,80,Return
426.850307482475,3437.11860994675,621.180663154363,141.534444840144,221.534444840144,6,16,1,80,Return
427.183430963786,3432.2014159411,620.291992677747,141.277198580394,221.277198580394,6,16,1,80,Return
427.516554445097,3427.28422193546,619.403322201131,141.029838407094,221.029838407094,6,16,1,80,Return
427.849677926408,3422.36702792981,618.514651724516,141.095803440426,221.095803440426,6,16,1,80,Return
428.182801407719,3417.44983392417,617.6259812479,141.438782004239,221.438782004239,6,16,1,80,Return
428.51592488903,3412.53263991852,616.737310771284,141.771874481538,221.771874481538,6,16,1,80,Return
428.849048370341,3407.61544591287,615.848640294669,142.095080872324,222.095080872324,6,16,1,80,Return
429.182171851652,3402.69825190723,614.959969818053,142.408401176543,222.408401176543,6,16,1,80,Return
429.515295332963,3397.78105790158,614.071299341437,142.711835394305,222.711835394305,6,16,1,80,Return
429.715261155108,3395.32246089876,613.626964103129,143.31173286074,223.31173286074,6,16,1,80,Return
430.134375752819,3392.86386389593,613.182628864821,144.569076653872,224.569076653872,6,16,1,80,Return
430.555138031853,3390.40526689311,612.738293626514,145.831363490975,225.831363490975,6,16,1,80,Return
430.977547991734,3387.94666989029,612.293958388206,147.098593370619,227.098593370619,6,16,1,80,Return
431.420832108557,3385.48807288746,611.849623149898,148.428445721088,228.428445721088,6,16,1,80,Return
431.861808366909,3383.02947588464,611.40528791159,149.751374496143,229.751374496143,6,16,1,80,Return
432.298665422783,3380.57087888182,610.960952673282,151.061945663766,231.061945663766,6,16,1,80,Return
432.731403275709,3378.11228187899,610.516617434974,152.360159222543,232.360159222543,6,16,1,80,Return
433.160021926123,3375.65368487617,610.072282196667,153.646015173786,233.646015173786,6,16,1,80,Return
433.584521373624,3373.19508787335,609.627946958359,154.919513516289,234.919513516289,6,16,1,80,Return
434.004901618643,3370.73649087053,609.183611720051,156.180654251346,236.180654251346,6,16,1,80,Return
434.421162660718,3368.2778938677,608.739276481743,157.429437377571,237.429437377571,6,16,1,80,Return
434.760452799884,3366.63882919915,608.443052989538,158.447307795067,238.447307795067,6,16,1,80,Return
435.129395613796,3364.9997645306,608.146829497333,159.554136236803,239.554136236803,6,16,1,80,Return
435.496507671235,3363.36069986206,607.850606005127,160.65547240912,240.65547240912,6,16,1,80,Return
435.861788971913,3361.72163519351,607.554382512922,161.751316311154,241.751316311154,6,16,1,80,Return
436.225239515829,3360.08257052496,607.258159020717,162.841667942904,242.841667942904,6,16,1,80,Return
436.586859302694,3358.44350585641,606.961935528512,163.926527303497,243.926527303497,6,16,1,80,Return
436.946648333087,3356.80444118786,606.665712036306,165.005894394677,245.005894394677,6,16,1,80,Return
437.304606606719,3355.16537651931,606.369488544101,166.079769215573,246.079769215573,6,16,1,80,Return
437.660734123297,3353.52631185076,606.073265051896,167.148151765308,247.148151765308,6,16,1,80,Return
438.015030883406,3351.88724718222,605.777041559691,168.211042045635,248.211042045635,6,16,1,80,Return
438.367496886754,3350.24818251367,605.480818067486,169.268440055677,249.268440055677,6,16,1,80,Return
438.718132133035,3348.60911784512,605.18459457528,170.320345794521,250.320345794521,6,16,1,80,Return
439.066936622871,3346.97005317657,604.888371083075,171.366759264028,251.366759264028,6,16,1,80,Return
439.413910355933,3345.33098850802,604.59214759087,172.407680463216,252.407680463216,6,16,1,80,Return
439.759053331933,3343.69192383947,604.295924098665,173.443109391214,253.443109391214,6,16,1,80,Return
440.102365551474,3342.05285917092,603.999700606459,174.473046049837,254.473046049837,6,16,1,80,Return
440.443847014258,3340.41379450237,603.703477114254,175.497490438191,255.497490438191,6,16,1,80,Return
440.771031390313,3338.77472983382,603.407253622049,176.479043566355,256.479043566355,6,16,1,80,Return
441.19713556303,3336.316132831,602.962918383741,177.757356084507,257.757356084507,6,16,1,80,Return
441.622415894954,3333.85753582818,602.518583145433,179.033197080279,259.033197080279,6,16,1,80,Return
442.046872386586,3331.39893882536,602.074247907125,180.306566555174,260.306566555174,6,16,1,80,Return
442.470505037424,3328.94034182253,601.629912668818,181.577464507689,261.577464507689,6,16,1,80,Return
442.893313847968,3326.48174481971,601.18557743051,182.845890939319,262.845890939319,6,16,1,80,Return
443.315298817721,3324.02314781689,600.741242192202,184.11184584858,264.11184584858,6,16,1,80,Return
443.736459947182,3321.56455081406,600.296906953894,185.375329236961,265.375329236961,6,16,1,80,Return
444.15679723585,3319.10595381124,599.852571715586,186.636341102966,266.636341102966,6,16,1,80,Return
444.576310684224,3316.64735680842,599.408236477278,187.894881448089,267.894881448089,6,16,1,80,Return
444.995000291807,3314.18875980559,598.963901238971,189.150950270838,269.150950270838,6,16,1,80,Return
445.412866059096,3311.73016280277,598.519566000663,190.404547572704,270.404547572704,6,16,1,80,Return
445.866863016228,3309.27156579995,598.075230762355,191.766538444099,271.766538444099,6,16,1,80,Return
446.3541917587,3306.81296879712,597.630895524047,193.228524671515,273.228524671515,6,16,1,80,Return
446.841520500882,3304.3543717943,597.186560285739,194.690510898062,274.690510898062,6,16,1,80,Return
447.328849243354,3301.89577479148,596.742225047431,196.152497125479,276.152497125478,6,16,1,80,Return
447.816177985536,3299.43717778865,596.297889809123,197.614483352025,277.614483352025,6,16,1,80,Return
448.303506728009,3296.97858078583,595.853554570816,199.076469579442,279.076469579442,6,16,1,80,Return
448.790835470191,3294.51998378301,595.409219332508,200.538455805989,280.538455805989,6,16,1,80,Return
449.278164212663,3292.06138678018,594.9648840942,202.000442033405,282.000442033405,6,16,1,80,Return
449.765492954845,3289.60278977736,594.520548855892,203.462428259952,283.462428259952,6,16,1,80,Return
450.252821697317,3287.14419277454,594.076213617584,204.924414487368,284.924414487368,6,16,1,80,Return
450.7401504395,3284.68559577172,593.631878379276,206.386400713915,286.386400713915,6,16,1,80,Return
451.227479181972,3282.22699876889,593.187543140969,207.848386941332,287.848386941332,6,16,1,80,Return
451.672897629944,3279.76840176607,592.743207902661,209.184642285249,289.184642285249,6,16,1,80,Return
452.112685841948,3277.30980476325,592.298872664353,210.504006921261,290.504006921261,6,16,1,80,Return
452.551650213149,3274.85120776042,591.854537426045,211.820900034863,291.820900034863,6,16,1,80,Return
452.989790744068,3272.3926107576,591.410202187737,213.135321627619,293.135321627619,6,16,1,80,Return
453.427107434182,3269.93401375478,590.965866949429,214.447271697963,294.447271697963,6,16,1,80,Return
453.863600284015,3267.47541675195,590.521531711121,215.756750247462,295.756750247462,6,16,1,80,Return
454.299269293045,3265.01681974913,590.077196472814,217.06375727455,297.06375727455,6,16,1,80,Return
454.734114461792,3262.55822274631,589.632861234506,218.368292780792,298.368292780792,6,16,1,80,Return
455.168135789736,3260.09962574348,589.188525996198,219.670356764624,299.670356764624,6,16,1,80,Return
455.601333277398,3257.64102874066,588.74419075789,220.969949227609,300.969949227609,6,16,1,80,Return
456.033706924256,3255.18243173784,588.299855519582,222.267070168185,302.267070168185,6,16,1,80,Return
456.468498767343,3252.72383473501,587.855520281274,223.571445697443,303.571445697443,6,16,1,80,Return
456.910264398164,3250.26523773219,587.411185042967,224.896742589909,304.896742589909,6,16,1,80,Return
457.349558507619,3247.80664072937,586.966849804659,226.214624918274,306.214624918274,6,16,1,80,Return
457.786381095181,3245.34804372655,586.522514566351,227.525092680958,307.525092680958,6,16,1,80,Return
458.220732161378,3242.88944672372,586.078179328043,228.82814587955,308.82814587955,6,16,1,80,Return
458.652611705684,3240.4308497209,585.633844089735,230.123784512467,310.123784512467,6,16,1,80,Return
459.082019728624,3237.97225271808,585.189508851427,231.412008581287,311.412008581287,6,16,1,80,Return
459.508956229673,3235.51365571525,584.74517361312,232.692818084435,312.692818084435,6,16,1,80,Return
459.933421209356,3233.05505871243,584.300838374812,233.966213023482,313.966213023482,6,16,1,80,Return
460.355414667149,3230.59646170961,583.856503136504,235.232193396863,315.232193396863,6,16,1,80,Return
460.774936603574,3228.13786470678,583.412167898196,236.490759206138,316.490759206138,6,16,1,80,Return
461.191987018128,3225.67926770396,582.967832659888,237.7419104498,317.7419104498,6,16,1,80,Return
461.56563507696,3223.22067070114,582.52349742158,238.862854626295,318.862854626295,6,16,1,80,Return
461.917868284926,3220.76207369831,582.079162183273,239.919554250192,319.919554250192,6,16,1,80,Return
462.272573014299,3218.30347669549,581.634826944965,240.983668438313,320.983668438313,6,16,1,80,Return
462.629942396682,3215.84487969267,581.190491706657,242.055776585461,322.055776585461,6,16,1,80,Return
462.986882041302,3213.38628268984,580.746156468349,243.126595519321,323.126595519321,6,16,1,80,Return
463.341350164514,3210.92768568702,580.301821230041,244.189999888958,324.189999888958,6,16,1,80,Return
463.693346765879,3208.4690886842,579.857485991733,245.245989693051,325.245989693051,6,16,1,80,Return
464.042871845834,3206.01049168138,579.413150753425,246.294564932918,326.294564932918,6,16,1,80,Return
464.389925403943,3203.55189467855,578.968815515118,247.335725607244,327.335725607244,6,16,1,80,Return
464.734507440641,3201.09329767573,578.52448027681,248.369471717339,328.369471717339,6,16,1,80,Return
465.076617955514,3198.63470067291,578.080145038502,249.395803261958,329.395803261958,6,16,1,80,Return
465.41497873525,3196.17610367008,577.635809800194,250.410885601164,330.410885601164,6,16,1,80,Return
465.883075716979,3191.25890966444,576.747139323578,251.815176546351,331.815176546351,6,16,1,80,Return
466.351172698708,3186.34171565879,575.858468846963,253.219467491538,333.219467491538,6,16,1,80,Return
466.819269680436,3181.42452165314,574.969798370347,254.623758436725,334.623758436725,6,16,1,80,Return
467.287366662165,3176.5073276475,574.081127893731,256.028049381912,336.028049381912,6,16,1,80,Return
467.755463643916,3171.59013364185,573.192457417116,257.432340327163,337.432340327163,6,16,1,80,Return
468.185938435898,3166.6729396362,572.3037869405,258.723764703111,338.723764703111,6,16,1,80,Return
468.519061917209,3161.75574563056,571.415116463884,259.552346844881,339.552346844881,6,16,1,80,Return
468.85218539852,3156.83855162491,570.526445987269,260.400701159678,340.400701159678,6,16,1,80,Return
469.185308879831,3151.92135761927,569.637775510653,261.268827647502,341.268827647502,6,16,1,80,Return
469.518432361142,3147.00416361362,568.749105034037,262.156726308399,342.156726308399,6,16,1,80,Return
469.851555842453,3142.08696960797,567.860434557422,263.064397142271,343.064397142271,6,16,1,80,Return
470.184679323764,3137.16977560233,566.971764080806,264.001052724969,344.001052724969,6,16,1,80,Return
470.517802805075,3132.25258159668,566.08309360419,264.945384734894,344.945384734894,6,16,1,80,Return
470.850926286386,3127.33538759103,565.194423127575,265.869944571793,345.869944571793,6,16,1,80,Return
471.184049767698,3122.41819358539,564.305752650959,266.77473223572,346.77473223572,6,16,1,80,Return
471.517173249009,3117.50099957974,563.417082174343,267.659747726572,347.659747726572,6,16,1,80,Return
471.85029673032,3112.5838055741,562.528411697728,268.524991044399,348.524991044399,6,16,1,80,Return
472.183420211631,3107.66661156845,561.639741221112,269.423638667329,349.423638667329,6,16,1,80,Return
472.516543692942,3102.7494175628,560.751070744496,270.374531308058,350.374531308058,6,16,1,80,Return
472.849667174253,3097.83222355716,559.862400267881,271.345196121865,351.345196121865,6,16,1,80,Return
473.182790655564,3092.91502955151,558.973729791265,272.335633108642,352.335633108642,6,16,1,80,Return
473.519527042164,3087.99783554586,558.085059314649,273.345842268443,353.345842268443,6,16,1,80,Return
473.862854153107,3083.08064154022,557.196388838033,274.375823601271,354.375823601271,6,16,1,80,Return
474.195977634418,3078.16344753457,556.307718361418,274.95868655542,354.95868655542,6,16,1,80,Return
474.529101115729,3073.24625352893,555.419047884802,275.388465011449,355.388465011449,6,16,1,80,Return
474.86222459704,3068.32905952328,554.530377408186,275.81824346744,355.81824346744,6,16,1,80,Return
475.195348078351,3063.41186551763,553.641706931571,276.248021923431,356.248021923431,6,16,1,80,Return
475.528471559662,3058.49467151199,552.753036454955,276.677800379422,356.677800379422,6,16,1,80,Return
475.861595040973,3053.57747750634,551.864365978339,277.107578835413,357.107578835413,6,16,1,80,Return
476.194718522284,3048.66028350069,550.975695501724,277.212431540445,357.212431540445,6,16,1,80,Return
476.527842003595,3043.74308949505,550.087025025108,277.258632090779,357.258632090779,6,16,1,80,Return
476.860965484906,3038.8258954894,549.198354548492,277.22945821016,357.22945821016,6,16,1,80,Return
477.194088966217,3033.90870148376,548.309684071877,277.200284329541,357.200284329541,6,16,1,80,Return
477.527212447528,3028.99150747811,547.421013595261,277.171110448922,357.171110448922,6,16,1,80,Return
477.860335928839,3024.07431347246,546.532343118645,277.026504439834,357.026504439834,6,16,1,80,Return
478.19345941015,3019.15711946682,545.64367264203,276.07392434206,356.07392434206,6,16,1,80,Return
478.526582891461,3014.23992546117,544.755002165414,275.160888590249,355.160888590249,6,16,1,80,Return
478.859706372772,3009.32273145552,543.866331688798,274.287397184489,354.287397184489,6,16,1,80,Return
479.192829854083,3004.40553744988,542.977661212183,273.45345012478,353.45345012478,6,16,1,80,Return
479.525953335394,2999.48834344423,542.088990735567,272.659047411123,352.659047411123,6,16,1,80,Return
479.859076816705,2994.57114943859,541.200320258951,271.819620704378,351.819620704378,6,16,1,80,Return
480.193330043713,2989.65395543294,540.311649782336,270.816861023354,350.816861023354,6,16,1,80,Return
480.526453525024,2984.73676142729,539.42297930572,269.833873515356,349.833873515356,6,16,1,80,Return
480.859577006335,2979.81956742165,538.534308829104,268.870658180383,348.870658180383,6,16,1,80,Return
481.192700487646,2974.902373416,537.645638352488,267.927215018436,347.927215018436,6,16,1,80,Return
481.525823968957,2969.98517941035,536.756967875873,267.00354402953,347.00354402953,6,16,1,80,Return
481.858947450268,2965.06798540471,535.868297399257,266.099645213608,346.099645213608,6,16,1,80,Return
482.192070931579,2960.15079139906,534.979626922641,265.215518570689,345.215518570689,6,16,1,80,Return
482.52519441289,2955.23359739342,534.090956446026,264.351164100798,344.351164100798,6,16,1,80,Return
482.858317894201,2950.31640338777,533.20228596941,263.506581803933,343.506581803933,6,16,1,80,Return
483.191441375512,2945.39920938212,532.313615492794,262.681771680087,342.681771680087,6,16,1,80,Return
483.524564856823,2940.48201537648,531.424945016179,261.876733729271,341.876733729271,6,16,1,80,Return
483.857688338134,2935.56482137083,530.536274539563,261.216782059883,341.216782059883,6,16,1,80,Return
484.190811819445,2930.64762736518,529.647604062947,260.610646925859,340.610646925859,6,16,1,80,Return
484.523935300756,2925.73043335954,528.758933586332,259.994625705323,339.994625705323,6,16,1,80,Return
484.857058782067,2920.81323935389,527.870263109716,259.36871839827,339.36871839827,6,16,1,80,Return
485.190182263378,2915.89604534824,526.9815926331,258.73292500471,338.73292500471,6,16,1,80,Return
485.523305744689,2910.9788513426,526.092922156485,258.087245524638,338.087245524638,6,16,1,80,Return
485.856429226,2906.06165733695,525.204251679869,257.933573780499,337.933573780499,6,16,1,80,Return
486.189552707311,2901.14446333131,524.315581203253,257.829200997299,337.829200997299,6,16,1,80,Return
486.522676188622,2896.22726932566,523.426910726638,257.695169954579,337.695169954579,6,16,1,80,Return
486.855799669933,2891.31007532001,522.538240250022,257.531480652309,337.531480652309,6,16,1,80,Return
487.188923151244,2886.39288131437,521.649569773406,257.3381330905,337.3381330905,6,16,1,80,Return
487.522046632555,2881.47568730872,520.76089929679,257.141975847375,337.141975847375,6,16,1,80,Return
487.855170113866,2876.55849330307,519.872228820175,257.405306905441,337.405306905441,6,16,1,80,Return
488.188293595177,2871.64129929743,518.983558343559,257.683588281849,337.683588281849,6,16,1,80,Return
488.521417076488,2866.72410529178,518.094887866943,257.980924301051,337.980924301051,6,16,1,80,Return
488.854540557799,2861.80691128614,517.206217390328,258.268374233741,338.268374233741,6,16,1,80,Return
489.18766403911,2856.88971728049,516.317546913712,258.545938079917,338.545938079917,6,16,1,80,Return
489.520787520421,2851.97252327484,515.428876437096,258.879351905149,338.879351905149,6,16,1,80,Return
489.853911001732,2847.0553292692,514.540205960481,259.394958445043,339.394958445043,6,16,1,80,Return
490.187034483043,2842.13813526355,513.651535483865,259.87102063893,339.87102063893,6,16,1,80,Return
490.520157964354,2837.2209412579,512.762865007249,260.30753848673,340.30753848673,6,16,1,80,Return
490.853281445665,2832.30374725226,511.874194530634,260.704511988479,340.704511988479,6,16,1,80,Return
491.186404926976,2827.38655324661,510.985524054018,261.061941144177,341.061941144177,6,16,1,80,Return
491.519528408287,2822.46935924097,510.096853577402,261.300450601527,341.300450601527,6,16,1,80,Return
491.852651889599,2817.55216523532,509.208183100787,261.412709072695,341.412709072695,6,16,1,80,Return
492.18577537091,2812.63497122967,508.319512624171,261.515081457273,341.515081457273,6,16,1,80,Return
492.518898852221,2807.71777722403,507.430842147555,261.607567755338,341.607567755338,6,16,1,80,Return
492.852022333532,2802.80058321838,506.54217167094,261.69016796689,341.69016796689,6,16,1,80,Return
493.185145814843,2797.88338921273,505.653501194324,261.762882091929,341.762882091929,6,16,1,80,Return
493.518269296154,2792.96619520709,504.764830717708,261.720789770816,341.720789770816,6,16,1,80,Return
493.851392777465,2788.04900120144,503.876160241092,261.601733343216,341.601733343216,6,16,1,80,Return
494.184516258776,2783.13180719579,502.987489764477,261.472790829076,341.472790829076,6,16,1,80,Return
494.517639740087,2778.21461319015,502.098819287861,261.333962228423,341.333962228423,6,16,1,80,Return
494.850763221398,2773.2974191845,501.210148811245,261.185247541257,341.185247541257,6,16,1,80,Return
495.183886702709,2768.38022517886,500.32147833463,261.026646767679,341.026646767679,6,16,1,80,Return
495.51701018402,2763.46303117321,499.432807858014,260.576976149544,340.576976149544,6,16,1,80,Return
495.850133665331,2758.54583716756,498.544137381398,260.071990199551,340.071990199551,6,16,1,80,Return
496.183257146642,2753.62864316192,497.655466904783,259.586776422584,339.586776422584,6,16,1,80,Return
496.516380627953,2748.71144915627,496.766796428167,259.121334818642,339.121334818642,6,16,1,80,Return
496.849504109264,2743.79425515062,495.878125951551,258.675665387807,338.675665387807,6,16,1,80,Return
497.182627590575,2738.87706114498,494.989455474936,258.249768129912,338.249768129912,6,16,1,80,Return
497.515751071886,2733.95986713933,494.10078499832,257.982340213432,337.982340213432,6,16,1,80,Return
497.848874553197,2729.04267313369,493.212114521704,257.747025098104,337.747025098104,6,16,1,80,Return
498.181998034508,2724.12547912804,492.323444045089,257.541368242315,337.541368242315,6,16,1,80,Return
498.515121515819,2719.20828512239,491.434773568473,257.365369646115,337.365369646115,6,16,1,80,Return
498.84824499713,2714.29109111675,490.546103091857,257.219029309396,337.219029309396,6,16,1,80,Return
499.181368478441,2709.3738971111,489.657432615242,257.134285126482,337.134285126482,6,16,1,80,Return
499.514491959752,2704.45670310545,488.768762138626,257.220066823165,337.220066823165,6,16,1,80,Return
499.847615441063,2699.53950909981,487.88009166201,257.336528507511,337.336528507511,6,16,1,80,Return
500.180738922374,2694.62231509416,486.991421185394,257.470552226672,337.470552226672,6,16,1,80,Return
500.513862403685,2689.70512108852,486.102750708779,257.614462032326,337.614462032326,6,16,1,80,Return
500.846985884996,2684.78792708287,485.214080232163,257.768257924493,337.768257924493,6,16,1,80,Return
501.180109366307,2679.87073307722,484.325409755547,257.862697404964,337.862697404964,6,16,1,80,Return
501.513232847618,2674.95353907158,483.436739278932,257.833958510641,337.833958510641,6,16,1,80,Return
501.846356328929,2670.03634506593,482.548068802316,257.805219616317,337.805219616317,6,16,1,80,Return
502.17947981024,2665.11915106028,481.6593983257,257.776480722006,337.776480722006,6,16,1,80,Return
502.512603291551,2660.20195705464,480.770727849085,257.747741827682,337.747741827682,6,16,1,80,Return
502.845726772862,2655.28476304899,479.882057372469,257.719002933358,337.719002933358,6,16,1,80,Return
503.178850254173,2650.36756904335,478.993386895853,257.754371186245,337.754371186245,6,16,1,80,Return
503.511973735484,2645.4503750377,478.104716419238,257.836744466952,337.836744466952,6,16,1,80,Return
503.845097216795,2640.53318103205,477.216045942622,257.909231661164,337.909231661164,6,16,1,80,Return
504.178220698106,2635.61598702641,476.327375466006,257.971832768847,337.971832768847,6,16,1,80,Return
504.511344179417,2630.69879302076,475.438704989391,258.024547790017,338.024547790017,6,16,1,80,Return
504.844467660728,2625.78159901511,474.550034512775,258.067376724674,338.067376724674,6,16,1,80,Return
505.177591142039,2620.86440500947,473.661364036159,258.160524993674,338.160524993674,6,16,1,80,Return
505.51071462335,2615.94721100382,472.772693559544,258.275045584705,338.275045584705,6,16,1,80,Return
505.843838104661,2611.03001699818,471.884023082928,258.389566175711,338.389566175711,6,16,1,80,Return
506.176961585972,2606.11282299253,470.995352606312,258.504086766717,338.504086766717,6,16,1,80,Return
506.510085067283,2601.19562898688,470.106682129697,258.618607357724,338.618607357724,6,16,1,80,Return
506.843208548594,2596.27843498124,469.218011653081,258.73312794873,338.73312794873,6,16,1,80,Return
507.176332029905,2591.36124097559,468.329341176465,259.053002543615,339.053002543615,6,16,1,80,Return
507.509455511216,2586.44404696994,467.440670699849,259.411606042847,339.411606042847,6,16,1,80,Return
507.842578992527,2581.5268529643,466.552000223234,259.789981715105,339.789981715105,6,16,1,80,Return
508.175702473838,2576.60965895865,465.663329746618,260.188129560388,340.188129560388,6,16,1,80,Return
508.508825955149,2571.69246495301,464.774659270002,260.606049578697,340.606049578697,6,16,1,80,Return
508.84194943646,2566.77527094736,463.885988793387,261,341,6,16,1,80,Return
509.175072917771,2561.85807694171,462.997318316771,261,341,6,16,1,80,Return
509.508196399082,2556.94088293607,462.108647840155,261,341,6,16,1,80,Return
509.841319880393,2552.02368893042,461.21997736354,261,341,6,16,1,80,Return
510.174443361704,2547.10649492477,460.331306886924,261,341,6,16,1,80,Return
510.507566843015,2542.18930091913,459.442636410308,261,341,6,16,1,80,Return
510.840690324326,2537.27210691348,458.553965933693,261.047406694685,341.047406694685,6,16,1,80,Return
511.173813805637,2532.35491290783,457.665295457077,261.220717311801,341.220717311801,6,16,1,80,Return
511.506937286948,2527.43771890219,456.776624980461,261.522793301112,341.522793301112,6,16,1,80,Return
511.840060768259,2522.52052489654,455.887954503846,261.817401741893,341.817401741893,6,16,1,80,Return
512.17318424957,2517.6033308909,454.99928402723,262.102124096107,342.102124096107,6,16,1,80,Return
512.506307730881,2512.68613688525,454.110613550614,262.376960363864,342.376960363864,6,16,1,80,Return
512.839431212192,2507.7689428796,453.221943073999,262.653481964499,342.653481964499,6,16,1,80,Return
513.172554693503,2502.85174887396,452.333272597383,262.940435921438,342.940435921438,6,16,1,80,Return
513.505678174814,2497.93455486831,451.444602120767,263.227389878376,343.227389878376,6,16,1,80,Return
513.838801656125,2493.01736086266,450.555931644151,263.514343835315,343.514343835315,6,16,1,80,Return
514.171925137436,2488.10016685702,449.667261167536,263.801297792202,343.801297792202,6,16,1,80,Return
514.505048618747,2483.18297285137,448.77859069092,264.088251749141,344.088251749141,6,16,1,80,Return
514.838172100058,2478.26577884573,447.889920214304,264.826472335129,344.826472335129,6,16,1,80,Return
515.171295581369,2473.34858484008,447.001249737689,265.801419810647,345.801419810647,6,16,1,80,Return
515.50441906268,2468.43139083443,446.112579261073,266.776367286165,346.776367286165,6,16,1,80,Return
515.837542543991,2463.51419682879,445.223908784457,267.751314761632,347.751314761632,6,16,1,80,Return
516.170666025302,2458.59700282314,444.335238307842,268.72626223715,348.72626223715,6,16,1,80,Return
516.503789506613,2453.67980881749,443.446567831226,269.701209712668,349.701209712668,6,16,1,80,Return
516.924154456503,2448.76261481185,442.55789735461,270.962304562339,350.962304562339,6,16,1,80,Return
517.368499816037,2443.8454208062,441.669226877995,272.295340640938,352.295340640938,6,16,1,80,Return
517.81943589989,2438.92822680056,440.780556401379,273.6481488925,353.6481488925,6,16,1,80,Return
518.276962708106,2434.01103279491,439.891885924763,275.020729317146,355.020729317146,6,16,1,80,Return
518.741080240663,2429.09383878926,439.003215448148,276.413081914818,356.413081914818,6,16,1,80,Return
519.212966690814,2424.17664478362,438.114544971532,277.828741265269,357.828741265269,6,16,1,80,Return
519.471036758077,2421.71804778079,437.670209733224,278.602951467059,358.602951467059,6,16,1,80,Return
519.729106825204,2419.25945077797,437.225874494916,279.377161668439,359.377161668439,6,16,1,80,Return
519.987176892467,2416.80085377515,436.781539256608,280.151371870229,360.151371870229,6,16,1,80,Return
520.245246959568,2414.34225677232,436.337204018301,280.925582071533,360.925582071533,6,16,1,80,Return
520.503317026831,2411.8836597695,435.892868779993,281.699792273322,361.699792273322,6,16,1,80,Return
520.761387093958,2409.42506276668,435.448533541685,282.474002474703,362.474002474703,6,16,1,80,Return
521.019457161221,2406.96646576385,435.004198303377,283.248212676492,363.248212676492,6,16,1,80,Return
521.277527228348,2404.50786876103,434.559863065069,284.022422877873,364.022422877873,6,16,1,80,Return
521.535597295612,2402.04927175821,434.115527826761,284.796633079662,364.796633079662,6,16,1,80,Return
521.793667362738,2399.59067475539,433.671192588453,285.570843281043,365.570843281043,6,16,1,80,Return
522.23382766257,2394.67348074974,432.782522111838,286.891324180538,366.891324180538,6,16,1,80,Return
522.566951143881,2389.75628674409,431.893851635222,287.380070200754,367.380070200754,6,16,1,80,Return
522.900074625192,2384.83909273845,431.005181158606,287.878702307559,367.878702307559,6,16,1,80,Return
523.233198106503,2379.9218987328,430.116510681991,288.387220500878,368.387220500878,6,16,1,80,Return
523.566321587814,2375.00470472715,429.227840205375,288.905624780709,368.905624780709,6,16,1,80,Return
523.899445069125,2370.08751072151,428.339169728759,289.433915147053,369.433915147053,6,16,1,80,Return
524.232568550436,2365.17031671586,427.450499252144,289.770583430956,369.770583430956,6,16,1,80,Return
524.565692031747,2360.25312271021,426.561828775528,289.792490106861,369.792490106861,6,16,1,80,Return
524.898815513058,2355.33592870457,425.673158298912,289.805704699484,369.805704699484,6,16,1,80,Return
525.231938994369,2350.41873469892,424.784487822297,289.828805378621,369.828805378621,6,16,1,80,Return
525.56506247568,2345.50154069328,423.895817345681,289.86179214427,369.86179214427,6,16,1,80,Return
525.898185956991,2340.58434668763,423.007146869065,289.904664996432,369.904664996432,6,16,1,80,Return
526.231309438302,2335.66715268198,422.11847639245,290.662811604515,370.662811604515,6,16,1,80,Return
526.653520665887,2330.74995867634,421.229805915834,291.92944528727,371.92944528727,6,16,1,80,Return
527.079027255643,2325.83276467069,420.341135439218,293.205965056537,373.205965056537,6,16,1,80,Return
527.50782920757,2320.91557066504,419.452464962603,294.492370912318,374.492370912318,6,16,1,80,Return
527.939926521668,2315.9983766594,418.563794485987,295.788662854613,375.788662854613,6,16,1,80,Return
528.375319197903,2311.08118265375,417.675124009371,297.094840883319,377.094840883319,6,16,1,80,Return
528.647025824331,2308.62258565093,417.230788771063,297.909960762601,377.909960762601,6,16,1,80,Return
528.96256928218,2306.16398864811,416.786453532755,298.856591136149,378.856591136149,6,16,1,80,Return
529.277288899322,2303.70539164528,416.342118294448,299.800749987575,379.800749987575,6,16,1,80,Return
529.591184676086,2301.24679464246,415.89778305614,300.742437317866,380.742437317866,6,16,1,80,Return
529.904256612142,2298.78819763964,415.453447817832,301.681653126036,381.681653126036,6,16,1,80,Return
530.21650470782,2296.32960063681,415.009112579524,302.61839741307,382.61839741307,6,16,1,80,Return
530.527928962792,2293.87100363399,414.564777341216,303.552670177984,383.552670177984,6,16,1,80,Return
530.838529377384,2291.41240663117,414.120442102908,304.484471421761,384.484471421761,6,16,1,80,Return
531.148305951239,2288.95380962834,413.676106864601,305.413801143327,385.413801143327,6,16,1,80,Return
531.457258684746,2286.49521262552,413.231771626293,306.340659343848,386.340659343848,6,16,1,80,Return
531.765387577548,2284.0366156227,412.787436387985,307.265046022252,387.265046022252,6,16,1,80,Return
532.072692629969,2281.57801861987,412.343101149677,308.186961179516,388.186961179516,6,16,1,80,Return
532.492958055021,2276.66082461423,411.454430673061,309.447757454671,389.447757454671,6,16,1,80,Return
532.8982607649,2271.74363060858,410.565760196446,310.663665584308,390.663665584308,6,16,1,80,Return
533.296972750437,2266.82643660294,409.67708971983,311.859801540919,391.859801540919,6,16,1,80,Return
533.689094011608,2261.90924259729,408.788419243214,313.036165324432,393.036165324432,6,16,1,80,Return
534.074624548462,2256.99204859164,407.899748766599,314.192756934996,394.192756934996,6,16,1,80,Return
534.463361680145,2252.074854586,407.011078289983,315.358968330043,395.358968330043,6,16,1,80,Return
534.913241735755,2247.15766058035,406.122407813367,316.708608496874,396.708608496874,6,16,1,80,Return
535.373007877879,2242.2404665747,405.233737336752,318.087906923245,398.087906923245,6,16,1,80,Return
535.842660106488,2237.32327256906,404.345066860136,319.496863609072,399.496863609072,6,16,1,80,Return
536.322198421636,2232.40607856341,403.45639638352,320.935478554516,400.935478554516,6,16,1,80,Return
536.811622823297,2227.48888455777,402.567725906905,322.403751759501,402.403751759501,6,16,1,80,Return
537.060042306508,2225.03028755494,402.123390668597,323.149010209132,403.149010209132,6,16,1,80,Return
537.390169188263,2222.57169055212,401.679055430289,324.139390854398,404.139390854398,6,16,1,80,Return
537.762959691814,2220.1130935493,401.234720191981,325.257762365052,405.257762365052,6,16,1,80,Return
538.13739787665,2217.65449654647,400.790384953673,326.381076919558,406.381076919558,6,16,1,80,Return
538.513483742372,2215.19589954365,400.346049715365,327.509334516724,407.509334516724,6,16,1,80,Return
538.891217289341,2212.73730254083,399.901714477057,328.642535157632,408.642535157632,6,16,1,80,Return
539.270598517233,2210.278705538,399.45737923875,329.780678841306,409.780678841306,6,16,1,80,Return
539.65162742641,2207.82010853518,399.013044000442,330.923765568839,410.923765568839,6,16,1,80,Return
540.034304016472,2205.36151153236,398.568708762134,332.071795339025,412.071795339025,6,16,1,80,Return
540.418628287821,2202.90291452953,398.124373523826,333.224768153072,413.224768153072,6,16,1,80,Return
540.804600240054,2200.44431752671,397.680038285518,334.38268400977,414.38268400977,6,16,1,80,Return
541.192219873574,2197.98572052389,397.23570304721,335.545542910331,415.545542910331,6,16,1,80,Return
541.573432625132,2195.52712352106,396.791367808903,336.689181165004,416.689181165004,6,16,1,80,Return
541.739994365787,2193.06852651824,396.347032570595,337.093812968883,417.093812968883,6,16,1,80,Return
542.073117847098,2188.1513325126,395.458362093979,337.871699386606,417.871699386606,6,16,1,80,Return
542.406241328409,2183.23413850695,394.569691617363,338.617605680128,418.617605680128,6,16,1,80,Return
542.73936480972,2178.3169445013,393.681021140748,339.36351197365,419.36351197365,6,16,1,80,Return
543.072488291032,2173.39975049566,392.792350664132,340.109418267172,420.109418267172,6,16,1,80,Return
543.405611772342,2168.48255649001,391.903680187516,340.855324560694,420.855324560694,6,16,1,80,Return
543.738735253654,2163.56536248436,391.015009710901,340.997666080501,420.997666080501,6,16,1,80,Return
544.071858734965,2158.64816847872,390.126339234285,340.883580475679,420.883580475679,6,16,1,80,Return
544.404982216275,2153.73097447307,389.237668757669,340.769494870959,420.769494870959,6,16,1,80,Return
544.738105697586,2148.81378046743,388.348998281054,340.655409266238,420.655409266238,6,16,1,80,Return
545.071229178898,2143.89658646178,387.460327804438,340.541323661518,420.541323661518,6,16,1,80,Return
545.404352660208,2138.97939245613,386.571657327822,340.427238056798,420.427238056798,6,16,1,80,Return
545.737476141519,2134.06219845049,385.682986851207,340.41862771152,420.41862771152,6,16,1,80,Return
546.07059962283,2129.14500444484,384.794316374591,340.386018659425,420.386018659425,6,16,1,80,Return
546.403723104141,2124.22781043919,383.905645897975,340.313865261279,420.313865261279,6,16,1,80,Return
546.736846585452,2119.31061643355,383.01697542136,340.202167517082,420.202167517082,6,16,1,80,Return
547.069970066763,2114.3934224279,382.128304944744,340.050925426833,420.050925426833,6,16,1,80,Return
547.403093548074,2109.47622842225,381.239634468128,339.832540867942,419.832540867942,6,16,1,80,Return
547.736217029385,2104.55903441661,380.350963991512,339.260147726829,419.260147726829,6,16,1,80,Return
548.069340510696,2099.64184041096,379.462293514897,338.707526758742,418.707526758742,6,16,1,80,Return
548.402463992007,2094.72464640532,378.573623038281,338.174677963681,418.174677963681,6,16,1,80,Return
548.735587473318,2089.80745239967,377.684952561665,337.661601341645,417.661601341645,6,16,1,80,Return
549.068710954629,2084.89025839402,376.79628208505,337.168296892561,417.168296892561,6,16,1,80,Return
549.40183443594,2079.97306438838,375.907611608434,336.691651969809,416.691651969809,6,16,1,80,Return
549.734957917251,2075.05587038273,375.018941131818,336.244592751506,416.244592751506,6,16,1,80,Return
550.068081398562,2070.13867637708,374.130270655203,335.846963965769,415.846963965769,6,16,1,80,Return
550.401204879873,2065.22148237144,373.241600178587,335.498765612599,415.498765612599,6,16,1,80,Return
550.734328361184,2060.30428836579,372.352929701971,335.199997691871,415.199997691871,6,16,1,80,Return
551.067451842495,2055.38709436015,371.464259225356,334.950660203824,414.950660203824,6,16,1,80,Return
551.400575323806,2050.4699003545,370.57558874874,334.938427871786,414.938427871786,6,16,1,80,Return
551.733698805117,2045.55270634885,369.686918272124,335.230381767134,415.230381767134,6,16,1,80,Return
552.066822286428,2040.63551234321,368.798247795509,335.601424354586,415.601424354586,6,16,1,80,Return
552.399945767739,2035.71831833756,367.909577318893,336.051555633939,416.051555633939,6,16,1,80,Return
552.73306924905,2030.80112433191,367.020906842277,336.580775605578,416.580775605578,6,16,1,80,Return
553.066192730361,2025.88393032627,366.132236365662,337.18908426932,417.18908426932,6,16,1,80,Return
553.399316211672,2020.96673632062,365.243565889046,337.988957059594,417.988957059594,6,16,1,80,Return
553.732439692983,2016.04954231498,364.35489541243,338.853326987281,418.853326987281,6,16,1,80,Return
554.065563174294,2011.13234830933,363.466224935814,339.720914739655,419.720914739655,6,16,1,80,Return
554.398686655605,2006.21515430368,362.577554459199,340.628046838299,420.628046838299,6,16,1,80,Return
554.731810136916,2001.29796029804,361.688883982583,341.574723282994,421.574723282994,6,16,1,80,Return
555.064933618227,1996.38076629239,360.800213505967,342.560944073742,422.560944073742,6,16,1,80,Return
555.398057099538,1991.46357228674,359.911543029352,342.838207635427,422.838207635427,6,16,1,80,Return
555.731180580849,1986.5463782811,359.022872552736,342.970257801511,422.970257801511,6,16,1,80,Return
556.06430406216,1981.62918427545,358.13420207612,343.122080140352,423.122080140352,6,16,1,80,Return
556.397427543471,1976.7119902698,357.245531599505,343.293674652484,423.293674652484,6,16,1,80,Return
556.730551024782,1971.79479626416,356.356861122889,343.485041337641,423.485041337641,6,16,1,80,Return
557.063674506093,1966.87760225851,355.468190646273,343.697532653515,423.697532653515,6,16,1,80,Return
557.396797987404,1961.96040825287,354.579520169658,344.272463081125,424.272463081125,6,16,1,80,Return
557.729921468715,1957.04321424722,353.690849693042,344.837507421944,424.837507421944,6,16,1,80,Return
558.063044950026,1952.12602024157,352.802179216426,345.39266567653,425.39266567653,6,16,1,80,Return
558.396168431336,1947.20882623593,351.913508739811,345.937937844602,425.937937844602,6,16,1,80,Return
558.729291912647,1942.29163223028,351.024838263195,346.47332392616,426.47332392616,6,16,1,80,Return
559.062415393958,1937.37443822463,350.136167786579,346.821576846994,426.821576846994,6,16,1,80,Return
559.395538875269,1932.45724421899,349.247497309964,346.385488619594,426.385488619594,6,16,1,80,Return
559.72866235658,1927.54005021334,348.358826833348,345.909856046711,425.909856046711,6,16,1,80,Return
560.061785837891,1922.6228562077,347.470156356732,345.394679127776,425.394679127776,6,16,1,80,Return
560.394909319202,1917.70566220205,346.581485880117,344.83995786279,424.83995786279,6,16,1,80,Return
560.728032800513,1912.7884681964,345.692815403501,344.245692251752,424.245692251752,6,16,1,80,Return
561.061156281824,1907.87127419076,344.804144926885,343.379397619949,423.379397619949,6,16,1,80,Return
561.500914505436,1902.95408018511,343.915474450269,342.060122949113,422.060122949113,6,16,1,80,Return
561.967035626416,1898.03688617946,343.026803973654,340.661759586174,420.661759586174,6,16,1,80,Return
562.459519644764,1893.11969217382,342.138133497038,339.184307531131,419.184307531131,6,16,1,80,Return
562.715647740357,1890.661095171,341.69379825873,338.415923244352,418.415923244352,6,16,1,80,Return
562.978366560479,1888.20249816817,341.249463020422,337.627766783984,417.627766783984,6,16,1,80,Return
563.247676104754,1885.74390116535,340.805127782115,336.819838151159,416.819838151159,6,16,1,80,Return
563.523576373604,1883.28530416253,340.360792543807,335.992137344611,415.992137344611,6,16,1,80,Return
563.814380496856,1880.8267071597,339.916457305499,335.119724974853,415.119724974853,6,16,1,80,Return
564.167542570886,1878.36811015688,339.472122067191,334.060238752763,414.060238752763,6,16,1,80,Return
564.521528485223,1875.90951315406,339.027786828883,332.998281009752,412.998281009752,6,16,1,80,Return
564.876338240339,1873.45091615123,338.583451590575,331.933851744405,411.933851744405,6,16,1,80,Return
565.231971835761,1870.99231914841,338.139116352267,330.866950958138,410.866950958138,6,16,1,80,Return
565.588429271963,1868.53372214559,337.69478111396,329.797578649534,409.797578649534,6,16,1,80,Return
565.94571054847,1866.07512514276,337.250445875652,328.725734820011,408.725734820011,6,16,1,80,Return
566.303815665758,1863.61652813994,336.806110637344,327.651419468149,407.651419468149,6,16,1,80,Return
566.662744623351,1861.15793113712,336.361775399036,326.57463259537,406.57463259537,6,16,1,80,Return
567.022497421759,1858.69933413429,335.917440160728,325.495374200146,405.495374200146,6,16,1,80,Return
567.383074060437,1856.24073713147,335.47310492242,324.413644284112,404.413644284112,6,16,1,80,Return
567.744474539895,1853.78214012865,335.028769684113,323.329442845736,403.329442845736,6,16,1,80,Return
568.105264767443,1851.32354312582,334.584434445805,322.247072163093,402.247072163093,6,16,1,80,Return
568.468498596291,1848.864946123,334.140099207497,321.15737067655,401.15737067655,6,16,1,80,Return
568.833619021,1846.40634912018,333.695763969189,320.062009402421,400.062009402421,6,16,1,80,Return
569.19831486261,1843.94775211736,333.251428730881,318.96792187759,398.96792187759,6,16,1,80,Return
569.563834544524,1841.48915511453,332.807093492573,317.871362831849,397.871362831849,6,16,1,80,Return
569.93017806722,1839.03055811171,332.362758254266,316.772332263762,396.772332263762,6,16,1,80,Return
570.297345430219,1836.57196110889,331.918423015958,315.670830174765,395.670830174765,6,16,1,80,Return
570.665336634032,1834.11336410606,331.47408777765,314.566856563326,394.566856563326,6,16,1,80,Return
571.034151678116,1831.65476710324,331.029752539342,313.460411431075,393.460411431075,6,16,1,80,Return
571.403790562982,1829.19617010042,330.585417301034,312.351494776475,392.351494776475,6,16,1,80,Return
571.774253288151,1826.73757309759,330.141082062726,311.240106600967,391.240106600967,6,16,1,80,Return
572.145539854104,1824.27897609477,329.696746824419,310.12624690311,390.12624690311,6,16,1,80,Return
572.578304561576,1819.36178208912,328.808076347803,308.827952780694,388.827952780694,6,16,1,80,Return
572.995386148291,1814.44458808348,327.919405871187,307.576708020547,387.576708020547,6,16,1,80,Return
573.419058459349,1809.52739407783,327.030735394571,306.305691087375,386.305691087375,6,16,1,80,Return
573.849321494772,1804.61020007219,326.142064917956,305.014901981105,385.014901981105,6,16,1,80,Return
574.286175254512,1799.69300606654,325.25339444134,303.704340701885,383.704340701885,6,16,1,80,Return
574.74121749291,1794.77581206089,324.364723964724,302.339213986693,382.339213986693,6,16,1,80,Return
575.013338215015,1792.31721505807,323.920388726417,301.522851820377,381.522851820377,6,16,1,80,Return
575.286282777839,1789.85861805525,323.476053488109,300.704018131906,380.704018131906,6,16,1,80,Return
575.560051181029,1787.40002105242,323.031718249801,299.882712922334,379.882712922334,6,16,1,80,Return
575.834643424939,1784.9414240496,322.587383011493,299.058936190605,379.058936190605,6,16,1,80,Return
576.110059509234,1782.48282704678,322.143047773185,298.23268793772,378.23268793772,6,16,1,80,Return
576.386299434229,1780.02423004395,321.698712534877,297.403968162734,377.403968162734,6,16,1,80,Return
576.66336319959,1777.56563304113,321.25437729657,296.572776866652,376.572776866652,6,16,1,80,Return
576.941250805671,1775.10703603831,320.810042058262,295.739114048409,375.739114048409,6,16,1,80,Return
577.219962252117,1772.64843903548,320.365706819954,294.902979709071,374.902979709071,6,16,1,80,Return
577.499497539283,1770.18984203266,319.921371581646,294.064373847571,374.064373847571,6,16,1,80,Return
577.779856666815,1767.73124502984,319.477036343338,293.223296464977,373.223296464977,6,16,1,80,Return
577.999996884798,1765.27264802701,319.03270110503,292.562875811026,372.562875811026,6,16,1,80,Return
578.363007911538,1760.35545402137,318.144030628415,291.473842730806,371.473842730806,6,16,1,80,Return
578.726018938296,1755.43826001572,317.255360151799,290.384809650534,370.384809650534,6,16,1,80,Return
579.089029965036,1750.52106601008,316.366689675183,289.295776570313,369.295776570313,6,16,1,80,Return
579.452040991776,1745.60387200443,315.478019198568,288.206743490092,368.206743490092,6,16,1,80,Return
579.815052018516,1740.68667799878,314.589348721952,287.117710409872,367.117710409872,6,16,1,80,Return
580.148175499827,1735.76948399314,313.700678245336,286.451537250419,366.451537250419,6,16,1,80,Return
580.481298981138,1730.85228998749,312.812007768721,286.222496068372,366.222496068372,6,16,1,80,Return
580.814422462449,1725.93509598184,311.923337292105,285.993454886376,365.993454886376,6,16,1,80,Return
581.14754594376,1721.0179019762,311.034666815489,285.76441370438,365.76441370438,6,16,1,80,Return
581.480669425071,1716.10070797055,310.145996338873,285.535372522384,365.535372522384,6,16,1,80,Return
581.813792906382,1711.18351396491,309.257325862258,285.306331340387,365.306331340387,6,16,1,80,Return
582.146916387693,1706.26631995926,308.368655385642,284.884355446512,364.884355446512,6,16,1,80,Return
582.480039869004,1701.34912595361,307.479984909026,284.354035456248,364.354035456248,6,16,1,80,Return
582.813163350315,1696.43193194797,306.591314432411,283.803943292957,363.803943292957,6,16,1,80,Return
583.146286831626,1691.51473794232,305.702643955795,283.234078956639,363.234078956639,6,16,1,80,Return
583.479410312937,1686.59754393667,304.813973479179,282.644442447295,362.644442447295,6,16,1,80,Return
583.812533794248,1681.68034993103,303.925303002564,282.035033764898,362.035033764898,6,16,1,80,Return
584.269805774214,1676.76315592538,303.036632525948,280.663217824999,360.663217824999,6,16,1,80,Return
584.734829872868,1671.84596191974,302.147962049332,279.268145529037,359.268145529037,6,16,1,80,Return
585.196558609351,1666.92876791409,301.259291572717,277.882959319589,357.882959319589,6,16,1,80,Return
585.654991983663,1662.01157390844,300.370621096101,276.507659196653,356.507659196653,6,16,1,80,Return
586.110129995829,1657.0943799028,299.481950619485,275.142245160155,355.142245160155,6,16,1,80,Return
586.559533868071,1652.17718589715,298.59328014287,273.794033543427,353.794033543427,6,16,1,80,Return
586.960718425144,1647.2599918915,297.704609666254,272.590479872208,352.590479872208,6,16,1,80,Return
587.361902982217,1642.34279788586,296.815939189638,271.386926200989,351.386926200989,6,16,1,80,Return
587.76308753929,1637.42560388021,295.927268713023,270.183372529771,350.183372529771,6,16,1,80,Return
588.164272096363,1632.50840987457,295.038598236407,268.979818858552,348.979818858552,6,16,1,80,Return
588.565456653461,1627.59121586892,294.149927759791,267.776265187256,347.776265187256,6,16,1,80,Return
589.021383417214,1622.67402186327,293.261257283175,266.408484895998,346.408484895998,6,16,1,80,Return
589.336299533614,1620.21542486045,292.816922044868,265.463736546797,345.463736546797,6,16,1,80,Return
589.648744128182,1617.75682785763,292.37258680656,264.526402763096,344.526402763096,6,16,1,80,Return
589.958717201324,1615.2982308548,291.928251568252,263.596483543667,343.596483543667,6,16,1,80,Return
590.266218752636,1612.83963385198,291.483916329944,262.673978889734,342.673978889734,6,16,1,80,Return
590.571248782521,1610.38103684916,291.039581091636,261.758888800077,341.758888800077,6,16,1,80,Return
590.873807290577,1607.92243984633,290.595245853328,260.851213275911,340.851213275911,6,16,1,80,Return
591.173894277238,1605.46384284351,290.150910615021,259.950952315926,339.950952315926,6,16,1,80,Return
591.471509742039,1603.00524584069,289.706575376713,259.058105921524,339.058105921524,6,16,1,80,Return
591.766653685411,1600.54664883786,289.262240138405,258.172674091409,338.172674091409,6,16,1,80,Return
592.059326106955,1598.08805183504,288.817904900097,257.294656826775,337.294656826775,6,16,1,80,Return
592.34952700707,1595.62945483222,288.373569661789,256.424054126432,336.424054126432,6,16,1,80,Return
592.588355114321,1593.1708578294,287.929234423481,255.707569804678,335.707569804678,6,16,1,80,Return
593.045111217844,1588.25366382375,287.040563946866,254.337301494108,334.337301494108,6,16,1,80,Return
593.498571959197,1583.3364698181,286.15189347025,252.97691927005,332.97691927005,6,16,1,80,Return
593.948737338419,1578.41927581246,285.263222993634,251.626423132383,331.626423132383,6,16,1,80,Return
594.395607355431,1573.50208180681,284.374552517019,250.28581308135,330.28581308135,6,16,1,80,Return
594.839182010271,1568.58488780116,283.485882040403,248.955089116829,328.955089116829,6,16,1,80,Return
595.172305491582,1563.66769379552,282.597211563787,248.05054547641,328.05054547641,6,16,1,80,Return
595.505428972893,1558.75049978987,281.708541087172,247.448519629363,327.448519629363,6,16,1,80,Return
595.838552454204,1553.83330578422,280.819870610556,246.886038128217,326.886038128217,6,16,1,80,Return
596.171675935515,1548.91611177858,279.93120013394,246.363100973263,326.363100973263,6,16,1,80,Return
596.504799416826,1543.99891777293,279.042529657325,245.879708164361,325.879708164361,6,16,1,80,Return
596.837922898137,1539.08172376729,278.153859180709,245.435859701511,325.435859701511,6,16,1,80,Return
597.171046379448,1534.16452976164,277.265188704093,244.963141085348,324.963141085348,6,16,1,80,Return
597.504169860759,1529.24733575599,276.376518227478,244.432383793669,324.432383793669,6,16,1,80,Return
597.83729334207,1524.33014175035,275.487847750862,243.852196069594,323.852196069594,6,16,1,80,Return
598.17041682338,1519.4129477447,274.599177274246,243.222577912953,323.222577912953,6,16,1,80,Return
598.503540304691,1514.49575373905,273.71050679763,242.543529323745,322.543529323745,6,16,1,80,Return
598.836663786002,1509.57855973341,272.821836321015,241.81505030197,321.81505030197,6,16,1,80,Return
599.169787267313,1504.66136572776,271.933165844399,241.166336001517,321.166336001517,6,16,1,80,Return
599.502910748624,1499.74417172212,271.044495367783,240.331422096949,320.331422096949,6,16,1,80,Return
599.836034229935,1494.82697771647,270.155824891168,239.466849933099,319.466849933099,6,16,1,80,Return
600.169157711246,1489.90978371082,269.267154414552,238.57261950971,318.57261950971,6,16,1,80,Return
600.502281192557,1484.99258970518,268.378483937936,237.648730826783,317.648730826783,6,16,1,80,Return
600.840542510286,1480.07539569953,267.489813461321,236.633946873596,316.633946873596,6,16,1,80,Return
601.293440320654,1475.15820169388,266.601142984705,235.275253442492,315.275253442492,6,16,1,80,Return
601.759519579706,1470.24100768824,265.712472508089,233.877015665337,313.877015665337,6,16,1,80,Return
602.238780287442,1465.32381368259,264.823802031474,232.439233542131,312.439233542131,6,16,1,80,Return
602.731222443861,1460.40661967695,263.935131554858,230.961907072873,310.961907072873,6,16,1,80,Return
602.982386565258,1457.94802267412,263.49079631655,230.208414708682,310.208414708682,6,16,1,80,Return
603.236846048964,1455.4894256713,263.046461078242,229.445036257564,309.445036257564,6,16,1,80,Return
603.494600894681,1453.03082866848,262.602125839934,228.671771720413,308.671771720413,6,16,1,80,Return
603.742667435901,1450.57223166565,262.157790601627,227.927572096751,307.927572096751,6,16,1,80,Return
604.23327454199,1445.65503766001,261.269120125011,226.455750778484,306.455750778484,6,16,1,80,Return
604.730472372421,1440.73784365436,260.380449648395,224.964157287191,304.964157287191,6,16,1,80,Return
604.981542809199,1438.27924665154,259.936114410087,224.21094597686,304.21094597686,6,16,1,80,Return
605.234260927194,1435.82064964871,259.49177917178,223.452791622873,303.452791622873,6,16,1,80,Return
605.488626726142,1433.36205264589,259.047443933472,222.68969422603,302.68969422603,6,16,1,80,Return
605.744640206309,1430.90345564307,258.603108695164,221.921653785529,301.921653785529,6,16,1,80,Return
606.002301367399,1428.44485864024,258.158773456856,221.14867030226,301.14867030226,6,16,1,80,Return
606.261610209736,1425.98626163742,257.714438218548,220.370743775247,300.370743775247,6,16,1,80,Return
606.531278054743,1423.5276646346,257.27010298024,219.561740240226,299.561740240226,6,16,1,80,Return
606.908803524197,1421.06906763177,256.825767741932,218.429163831865,298.429163831865,6,16,1,80,Return
607.286328993446,1418.61047062895,256.381432503625,217.296587424118,297.296587424118,6,16,1,80,Return
607.6638544629,1416.15187362613,255.937097265317,216.164011015757,296.164011015757,6,16,1,80,Return
608.041379932149,1413.69327662331,255.492762027009,215.031434608009,295.031434608009,6,16,1,80,Return
608.418905401602,1411.23467962048,255.048426788701,213.898858199648,293.898858199648,6,16,1,80,Return
608.796430870851,1408.77608261766,254.604091550393,212.766281791901,292.766281791901,6,16,1,80,Return
609.173956340305,1406.31748561484,254.159756312085,211.63370538354,291.63370538354,6,16,1,80,Return
609.551481809524,1403.85888861201,253.715421073778,210.501128975882,290.501128975882,6,16,1,80,Return
609.929007278978,1401.40029160919,253.27108583547,209.368552567521,289.368552567521,6,16,1,80,Return
610.306532748227,1398.94169460637,252.826750597162,208.235976159774,288.235976159774,6,16,1,80,Return
610.684058217681,1396.48309760354,252.382415358854,207.103399751413,287.103399751413,6,16,1,80,Return
611.044309320782,1394.02450060072,251.938080120546,206.02264644211,286.02264644211,6,16,1,80,Return
611.383803626856,1391.5659035979,251.493744882238,205.004163523887,285.004163523887,6,16,1,80,Return
611.724121773291,1389.10730659507,251.049409643931,203.983209084582,283.983209084582,6,16,1,80,Return
612.065263760451,1386.64870959225,250.605074405623,202.959783123102,282.959783123102,6,16,1,80,Return
612.407229587971,1384.19011258943,250.160739167315,201.933885640542,281.933885640542,6,16,1,80,Return
612.750019256217,1381.7315155866,249.716403929007,200.905516635805,280.905516635805,6,16,1,80,Return
613.093632764822,1379.27291858378,249.272068690699,199.874676109988,279.874676109988,6,16,1,80,Return
613.438070114121,1376.81432158096,248.827733452391,198.841364062092,278.841364062092,6,16,1,80,Return
613.783331303812,1374.35572457814,248.383398214084,197.805580493021,277.805580493021,6,16,1,80,Return
614.129416334228,1371.89712757531,247.939062975776,196.767325401771,276.767325401771,6,16,1,80,Return
614.476325205004,1369.43853057249,247.494727737468,195.726598789444,275.726598789444,6,16,1,80,Return
614.824057916506,1366.97993356967,247.05039249916,194.683400654936,274.683400654936,6,16,1,80,Return
615.192339040923,1362.06273956402,246.161722022544,193.578557281685,273.578557281685,6,16,1,80,Return
615.537443647706,1357.14554555837,245.273051545929,192.543243461338,272.543243461338,6,16,1,80,Return
615.892434340961,1352.22835155273,244.384381069313,191.478271381573,271.478271381573,6,16,1,80,Return
616.257311120767,1347.31115754708,243.495710592697,190.383641042156,270.383641042156,6,16,1,80,Return
616.632073987085,1342.39396354143,242.607040116082,189.2593524432,269.2593524432,6,16,1,80,Return
616.995081110504,1337.47676953579,241.718369639466,188.170331072944,268.170331072944,6,16,1,80,Return
617.328204591815,1332.55957553014,240.82969916285,187.710835844816,267.710835844816,6,16,1,80,Return
617.661328073126,1327.6423815245,239.941028686234,187.271782668896,267.271782668896,6,16,1,80,Return
617.994451554437,1322.72518751885,239.052358209619,186.803071233327,266.803071233327,6,16,1,80,Return
618.327575035748,1317.8079935132,238.163687733003,186.304701538217,266.304701538217,6,16,1,80,Return
618.660698517059,1312.89079950756,237.275017256387,185.776673583566,265.776673583566,6,16,1,80,Return
618.99382199837,1307.97360550191,236.386346779772,185.218987369379,265.218987369379,6,16,1,80,Return
619.326945479681,1303.05641149626,235.497676303156,184.631642895811,264.631642895811,6,16,1,80,Return
619.660068960992,1298.13921749062,234.60900582654,184.014640162561,264.014640162561,6,16,1,80,Return
619.993192442303,1293.22202348497,233.720335349925,183.367979169773,263.367979169773,6,16,1,80,Return
620.326315923614,1288.30482947933,232.831664873309,182.691659917446,262.691659917446,6,16,1,80,Return
620.659439404925,1283.38763547368,231.942994396693,181.98568240558,261.98568240558,6,16,1,80,Return
621.03912477729,1278.47044146803,231.054323920078,180.846626288483,260.846626288483,6,16,1,80,Return
621.306846973631,1276.01184446521,230.60998868177,180.04345969946,260.04345969946,6,16,1,80,Return
621.574569169913,1273.55324746239,230.165653443462,179.240293110615,259.240293110615,6,16,1,80,Return
621.842291366314,1271.09465045956,229.721318205154,178.437126521413,258.437126521413,6,16,1,80,Return
622.110013562595,1268.63605345674,229.276982966846,177.633959932568,257.633959932568,6,16,1,80,Return
622.377735758996,1266.17745645392,228.832647728538,176.830793343365,256.830793343365,6,16,1,80,Return
622.645457955277,1263.71885945109,228.388312490231,176.027626754521,256.027626754521,6,16,1,80,Return
622.913180151678,1261.26026244827,227.943977251923,175.224460165318,255.224460165318,6,16,1,80,Return
623.18090234796,1258.80166544545,227.499642013615,174.421293576474,254.421293576474,6,16,1,80,Return
623.448624544361,1256.34306844263,227.055306775307,173.618126987271,253.618126987271,6,16,1,80,Return
623.716346740642,1253.8844714398,226.610971536999,172.814960398426,252.814960398426,6,16,1,80,Return
624.049470221953,1248.96727743416,225.722301060384,172.107991907815,252.107991907815,6,16,1,80,Return
624.382593703264,1244.05008342851,224.833630583768,171.894103390635,251.894103390635,6,16,1,80,Return
624.715717184575,1239.13288942286,223.944960107152,171.699987046481,251.699987046481,6,16,1,80,Return
625.048840665886,1234.21569541722,223.056289630537,171.525642875355,251.525642875355,6,16,1,80,Return
625.381964147197,1229.29850141157,222.167619153921,171.371070877256,251.371070877256,6,16,1,80,Return
625.715087628508,1224.38130740592,221.278948677305,171.236271052337,251.236271052337,6,16,1,80,Return
626.048211109819,1219.46411340028,220.390278200689,171.793360582795,251.793360582795,6,16,1,80,Return
626.38133459113,1214.54691939463,219.501607724074,172.480484128779,252.480484128779,6,16,1,80,Return
626.714458072441,1209.62972538899,218.612937247458,173.167607674763,253.167607674763,6,16,1,80,Return
627.047581553752,1204.71253138334,217.724266770842,173.854731220747,253.854731220747,6,16,1,80,Return
627.380705035063,1199.79533737769,216.835596294227,174.541854766885,254.541854766885,6,16,1,80,Return
627.713828516374,1194.87814337205,215.946925817611,175.193828349264,255.193828349264,6,16,1,80,Return
628.046951997685,1189.9609493664,215.058255340995,174.504964858089,254.504964858089,6,16,1,80,Return
628.380075478996,1185.04375536075,214.16958486438,173.816101366914,253.816101366914,6,16,1,80,Return
628.713198960307,1180.12656135511,213.280914387764,173.127237875739,253.127237875739,6,16,1,80,Return
629.046322441618,1175.20936734946,212.392243911148,172.438374384717,252.438374384717,6,16,1,80,Return
629.379445922929,1170.29217334381,211.503573434533,171.749510893542,251.749510893542,6,16,1,80,Return
629.71256940424,1165.37497933817,210.614902957917,170.805150207308,250.805150207308,6,16,1,80,Return
630.028593630757,1162.91638233535,210.170567719609,169.857077527759,249.857077527759,6,16,1,80,Return
630.346676160728,1160.45778533252,209.726232481301,168.902829937844,248.902829937844,6,16,1,80,Return
630.663111009767,1157.9991883297,209.281897242993,167.953525390727,247.953525390727,6,16,1,80,Return
630.977898177568,1155.54059132688,208.837562004686,167.009163887324,247.009163887324,6,16,1,80,Return
631.291037664436,1153.08199432405,208.393226766378,166.069745426722,246.069745426722,6,16,1,80,Return
631.602529470015,1150.62339732123,207.94889152807,165.135270009983,245.135270009983,6,16,1,80,Return
631.912373594712,1148.16480031841,207.504556289762,164.205737635893,244.205737635893,6,16,1,80,Return
632.220570038172,1145.70620331558,207.060221051454,163.281148305512,243.281148305512,6,16,1,80,Return
632.527118800697,1143.24760631276,206.615885813146,162.361502017937,242.361502017937,6,16,1,80,Return
632.832019881987,1140.78900930994,206.171550574839,161.446798774067,241.446798774067,6,16,1,80,Return
633.13527328234,1138.33041230711,205.727215336531,160.537038573007,240.537038573007,6,16,1,80,Return
633.375857919252,1135.87181530429,205.282880098223,159.815284662273,239.815284662273,6,16,1,80,Return
633.825230624394,1130.95462129864,204.394209621607,158.467166546846,238.467166546846,6,16,1,80,Return
634.274603329536,1126.037427293,203.505539144991,157.119048431419,237.119048431419,6,16,1,80,Return
634.723976034632,1121.12023328735,202.616868668376,155.770930316133,235.770930316133,6,16,1,80,Return
635.173348739774,1116.20303928171,201.72819819176,154.422812200706,234.422812200706,6,16,1,80,Return
635.622721444917,1111.28584527606,200.839527715144,153.074694085279,233.074694085279,6,16,1,80,Return
635.869620322238,1108.82724827324,200.395192476837,152.333997453314,232.333997453314,6,16,1,80,Return
636.228244625945,1106.36865127041,199.950857238529,151.258124542193,231.258124542193,6,16,1,80,Return
636.588516610919,1103.91005426759,199.506522000221,150.17730858727,230.17730858727,6,16,1,80,Return
636.950436276797,1101.45145726477,199.062186761913,149.091549589638,229.091549589638,6,16,1,80,Return
637.314003623893,1098.99286026194,198.617851523605,148.00084754835,228.00084754835,6,16,1,80,Return
637.67921865194,1096.53426325912,198.173516285297,146.905202464209,226.905202464209,6,16,1,80,Return
638.046081361256,1094.0756662563,197.72918104699,145.804614336259,225.804614336259,6,16,1,80,Return
638.414591751474,1091.61706925347,197.284845808682,144.699083165607,224.699083165607,6,16,1,80,Return
638.784749822962,1089.15847225065,196.840510570374,143.588608951143,223.588608951143,6,16,1,80,Return
639.15655557535,1086.69987524783,196.396175332066,142.473191693979,222.473191693979,6,16,1,80,Return
639.530009009009,1084.24127824501,195.951840093758,141.352831393001,221.352831393001,6,16,1,80,Return
639.905110123568,1081.78268124218,195.50750485545,140.227528049325,220.227528049325,6,16,1,80,Return
640.266913067565,1079.32408423936,195.063169617142,139.142119217334,219.142119217334,6,16,1,80,Return
640.615046128163,1076.86548723654,194.618834378835,138.097720035538,218.097720035538,6,16,1,80,Return
640.961531507793,1074.40689023371,194.174499140527,137.058263896649,217.058263896649,6,16,1,80,Return
641.306369206391,1071.94829323089,193.730163902219,136.023750800855,216.023750800855,6,16,1,80,Return
641.649559223734,1069.48969622807,193.285828663911,134.994180748825,214.994180748825,6,16,1,80,Return
641.991101560161,1067.03109922524,192.841493425603,133.969553739546,213.969553739546,6,16,1,80,Return
642.330996215333,1064.57250222242,192.397158187295,132.949869774029,212.949869774029,6,16,1,80,Return
642.669243189588,1062.1139052196,191.952822948988,131.935128851265,211.935128851265,6,16,1,80,Return
643.00584248259,1059.65530821677,191.50848771068,130.925330972259,210.925330972259,6,16,1,80,Return
643.340794094673,1057.19671121395,191.064152472372,129.920476136009,209.920476136009,6,16,1,80,Return
643.674098025504,1054.73811421113,190.619817234064,128.920564343516,208.920564343516,6,16,1,80,Return
644.005754275416,1052.2795172083,190.175481995756,127.925595593781,207.925595593781,6,16,1,80,Return
644.274763894096,1049.82092020548,189.731146757448,127.118566737742,207.118566737742,6,16,1,80,Return
644.536954315962,1047.36232320266,189.286811519141,126.331995472142,206.331995472142,6,16,1,80,Return
644.798320897161,1044.90372619983,188.842476280833,125.547895728546,205.547895728546,6,16,1,80,Return
645.058863637942,1042.44512919701,188.398141042525,124.766267506204,204.766267506204,6,16,1,80,Return
645.318582538055,1039.98653219419,187.953805804217,123.987110805863,203.987110805863,6,16,1,80,Return
645.57747759775,1037.52793519137,187.509470565909,123.210425626778,203.210425626778,6,16,1,80,Return
645.835548816779,1035.06933818854,187.065135327601,122.436211969692,202.436211969692,6,16,1,80,Return
646.092796195388,1032.61074118572,186.620800089293,121.664469833864,201.664469833864,6,16,1,80,Return
646.349219733331,1030.1521441829,186.176464850986,120.895199220035,200.895199220035,6,16,1,80,Return
646.604819430855,1027.69354718007,185.732129612678,120.128400127464,200.128400127464,6,16,1,80,Return
647.065778169012,1022.77635317443,184.843459136062,118.745523912992,198.745523912992,6,16,1,80,Return
647.398901650323,1017.85915916878,183.954788659446,118.213817940982,198.213817940982,6,16,1,80,Return
647.732025131634,1012.94196516313,183.066118182831,117.642567622921,197.642567622921,6,16,1,80,Return
648.065148612945,1008.02477115749,182.177447706215,117.031772958808,197.031772958808,6,16,1,80,Return
648.398272094256,1003.10757715184,181.288777229599,116.381433948644,196.381433948644,6,16,1,80,Return
648.731395575567,998.190383146195,180.400106752984,115.691550592602,195.691550592602,6,16,1,80,Return
649.064519056878,993.273189140549,179.511436276368,115.41155700624,195.41155700624,6,16,1,80,Return
649.397642538189,988.355995134903,178.622765799752,116.079479894026,196.079479894026,6,16,1,80,Return
649.7307660195,983.438801129256,177.734095323137,116.702079662572,196.702079662572,6,16,1,80,Return
650.063889500811,978.52160712361,176.845424846521,117.265362912038,197.265362912038,6,16,1,80,Return
650.397012982122,973.604413117964,175.956754369905,117.769329642622,197.769329642622,6,16,1,80,Return
650.730136463433,968.687219112318,175.06808389329,118.213979853941,198.213979853941,6,16,1,80,Return
651.063259944744,963.770025106671,174.179413416674,118.040149000318,198.040149000318,6,16,1,80,Return
651.396383426055,958.852831101025,173.290742940058,117.307118783424,197.307118783424,6,16,1,80,Return
651.729506907366,953.935637095379,172.402072463443,116.554316393504,196.554316393504,6,16,1,80,Return
652.062630388677,949.018443089732,171.513401986827,115.781741830559,195.781741830559,6,16,1,80,Return
652.395753869988,944.101249084086,170.624731510211,114.989395094825,194.989395094825,6,16,1,80,Return
652.728877351299,939.18405507844,169.736061033595,114.177276185832,194.177276185832,6,16,1,80,Return
653.137836074547,934.266861072793,168.84739055698,112.950400016087,192.950400016087,6,16,1,80,Return
653.58755274118,929.349667067147,167.958720080364,111.60125001619,191.60125001619,6,16,1,80,Return
654.017497234786,924.432473061501,167.070049603748,110.31141653537,190.31141653537,6,16,1,80,Return
654.427669555303,919.515279055855,166.181379127133,109.080899573821,189.080899573821,6,16,1,80,Return
654.818069702863,914.598085050208,165.292708650517,107.909699131142,187.909699131142,6,16,1,80,Return
655.188697677397,909.680891044562,164.404038173901,106.797815207539,186.797815207539,6,16,1,80,Return
655.521821158708,904.763697038916,163.515367697286,105.81589429241,185.81589429241,6,16,1,80,Return
655.854944640019,899.84650303327,162.62669722067,104.874468467116,184.874468467116,6,16,1,80,Return
656.18806812133,894.929309027623,161.738026744054,103.962700901508,183.962700901508,6,16,1,80,Return
656.521191602641,890.012115021977,160.849356267439,103.080591595285,183.080591595285,6,16,1,80,Return
656.854315083952,885.09492101633,159.960685790823,102.2281405486,182.2281405486,6,16,1,80,Return
657.187438565263,880.177727010685,159.072015314207,101.380767675592,181.380767675592,6,16,1,80,Return
657.566482327577,875.260533005038,158.183344837592,100.243636388651,180.243636388651,6,16,1,80,Return
657.935640003339,870.343338999392,157.294674360976,99.1361633613641,179.136163361364,6,16,1,80,Return
658.294911592628,865.426144993745,156.40600388436,98.0583485934962,178.058348593496,6,16,1,80,Return
658.644297095404,860.5089509881,155.517333407745,97.0101920851683,177.010192085168,6,16,1,80,Return
658.983796511667,855.591756982453,154.628662931129,95.9916938363804,175.99169383638,6,16,1,80,Return
659.318482261908,850.674562976807,153.739992454513,94.9876365856552,174.987636585655,6,16,1,80,Return
659.65376860529,845.75736897116,152.851321977897,93.9817775555114,173.981777555511,6,16,1,80,Return
659.986892086601,840.840174965514,151.962651501282,93.0253489578449,173.025348957845,6,16,1,80,Return
660.320015567912,835.922980959868,151.073981024666,92.1183507927426,172.118350792743,6,16,1,80,Return
660.653139049223,831.005786954222,150.18531054805,91.2607830602045,171.260783060204,6,16,1,80,Return
660.986262530534,826.088592948575,149.296640071435,90.4526457602304,170.45264576023,6,16,1,80,Return
661.367491780947,821.171398942929,148.407969594819,89.3089580089906,169.308958008991,6,16,1,80,Return
661.659834998884,818.712801940106,147.963634356511,88.4319283551796,168.43192835518,6,16,1,80,Return
661.948059013955,816.254204937283,147.519299118203,87.5672563099664,167.567256309966,6,16,1,80,Return
662.232163826463,813.79560793446,147.074963879896,86.7149418724415,166.714941872441,6,16,1,80,Return
662.512149436108,811.337010931637,146.630628641588,85.874985043507,165.874985043507,6,16,1,80,Return
662.788015843188,808.878413928813,146.18629340328,85.0473858222681,165.047385822268,6,16,1,80,Return
663.059763047407,806.41981692599,145.741958164972,84.2321442096122,164.232144209612,6,16,1,80,Return
663.327391049057,803.961219923167,145.297622926664,83.4292602046594,163.429260204659,6,16,1,80,Return
663.59089984785,801.502622920344,144.853287688356,82.6387338082823,162.638733808282,6,16,1,80,Return
663.850289444072,799.044025917521,144.408952450049,81.8605650196155,161.860565019616,6,16,1,80,Return
664.105559837424,796.585428914698,143.964617211741,81.0947538395596,161.09475383956,6,16,1,80,Return
664.370730845142,794.126831911874,143.520281973433,80.2992408164058,160.299240816406,6,16,1,80,Return
664.66829298284,791.668234909051,143.075946735125,79.4065544033118,159.406554403312,6,16,1,80,Return
664.955969034194,789.209637906228,142.631611496817,78.5435262492505,158.54352624925,6,16,1,80,Return
665.233758998868,786.751040903405,142.187276258509,77.7101563552284,157.710156355228,6,16,1,80,Return
665.501662877192,784.292443900582,141.742941020201,76.9064447202566,156.906444720257,6,16,1,80,Return
665.759680668842,781.833846897759,141.298605781894,76.1323913453064,156.132391345306,6,16,1,80,Return
666.246057992762,776.916652892112,140.409935305278,74.673259373546,154.673259373546,6,16,1,80,Return
666.692890970628,771.999458886466,139.521264828662,73.3327604399471,153.332760439947,6,16,1,80,Return
667.100179602478,767.08226488082,138.632594352047,72.1108945443994,152.110894544399,6,16,1,80,Return
667.433303083788,762.165070875174,137.743923875431,72.2928392112854,152.292839211285,6,16,1,80,Return
667.766426565099,757.247876869527,136.855253398815,72.7586975715313,152.758697571531,6,16,1,80,Return
668.09955004641,752.330682863881,135.9665829222,73.2047837587513,153.204783758751,6,16,1,80,Return
668.432673527721,747.413488858235,135.077912445584,73.6310977729454,153.631097772945,6,16,1,80,Return
668.765797009032,742.496294852589,134.189241968968,74.0376396140197,154.03763961402,6,16,1,80,Return
669.098920490343,737.579100846942,133.300571492352,74.4256140127548,154.425614012755,6,16,1,80,Return
669.512032384652,732.661906841296,132.411901015737,75.6649496956812,155.664949695681,6,16,1,80,Return
669.931735003303,727.744712835649,131.523230539121,76.9240575516336,156.924057551634,6,16,1,80,Return
670.358028346296,722.827518830004,130.634560062505,78.2029375806118,158.202937580612,6,16,1,80,Return
670.790912413595,717.910324824357,129.74588958589,79.5015897825089,159.501589782509,6,16,1,80,Return
671.23038720527,712.993130818711,128.857219109274,80.8200141575346,160.820014157535,6,16,1,80,Return
671.701577536457,708.075936813065,127.968548632658,82.2335851510952,162.233585151095,6,16,1,80,Return
671.993549028446,705.617339810241,127.524213394351,83.1094996270625,163.109499627063,6,16,1,80,Return
672.28634436083,703.158742807418,127.079878156043,83.9878856242144,163.987885624214,6,16,1,80,Return
672.579963533905,700.700145804595,126.635542917735,84.8687431434392,164.868743143439,6,16,1,80,Return
672.874406547374,698.241548801772,126.191207679427,85.7520721838471,165.752072183847,6,16,1,80,Return
673.169673401495,695.782951798949,125.746872441119,86.6378727462083,166.637872746208,6,16,1,80,Return
673.465764096049,693.324354796126,125.302537202811,87.5261448298711,167.526144829871,6,16,1,80,Return
673.762678631295,690.865757793303,124.858201964504,88.4168884356097,168.41688843561,6,16,1,80,Return
674.060417006935,688.407160790479,124.413866726196,89.3101035625285,169.310103562528,6,16,1,80,Return
674.358979223267,685.948563787656,123.969531487888,90.2057902115246,170.205790211525,6,16,1,80,Return
674.658365279992,683.489966784833,123.52519624958,91.1039483816993,171.103948381699,6,16,1,80,Return
674.958575177409,681.03136978201,123.080861011272,92.0045780739529,172.004578073953,6,16,1,80,Return
675.25960891521,678.572772779186,122.636525772964,92.9076792873546,172.907679287355,6,16,1,80,Return
675.561466493701,676.114175776363,122.192190534656,93.8132520228267,173.813252022827,6,16,1,80,Return
675.864147912583,673.655578773541,121.747855296349,94.7212962794743,174.721296279474,6,16,1,80,Return
676.16765317216,671.196981770717,121.303520058041,95.6318120582036,175.631812058204,6,16,1,80,Return
676.471982272083,668.738384767894,120.859184819733,96.5447993579738,176.544799357974,6,16,1,80,Return
676.777135212745,666.279787765071,120.414849581425,97.4602581799592,177.460258179959,6,16,1,80,Return
677.083111993798,663.821190762248,119.970514343117,98.3781885231172,178.378188523117,6,16,1,80,Return
677.389912615545,661.362593759425,119.526179104809,99.2985903883598,179.29859038836,6,16,1,80,Return
677.697537077683,658.903996756602,119.081843866502,100.221463774774,180.221463774774,6,16,1,80,Return
678.005985380516,656.445399753779,118.637508628194,101.146808683273,181.146808683273,6,16,1,80,Return
678.31525752374,653.986802750956,118.193173389886,102.074625112943,182.074625112943,6,16,1,80,Return
678.618516799319,651.528205748132,117.748838151578,102.984402939679,182.984402939679,6,16,1,80,Return
678.867405365188,649.069608745309,117.30450291327,103.731068637289,183.731068637289,6,16,1,80,Return
679.352011515135,644.152414739663,116.415832436655,105.18488708713,185.18488708713,6,16,1,80,Return
679.83332230283,639.235220734016,115.527161960039,106.628819450213,186.628819450213,6,16,1,80,Return
680.311337728353,634.31802672837,114.638491483423,108.062865726784,188.062865726784,6,16,1,80,Return
680.786057791706,629.400832722724,113.749821006807,109.487025916842,189.487025916842,6,16,1,80,Return
681.257482492888,624.483638717078,112.861150530192,110.901300020387,190.901300020387,6,16,1,80,Return
681.590605974199,619.566444711431,111.972480053576,111.362387612632,191.362387612632,6,16,1,80,Return
681.92372945551,614.649250705786,111.08380957696,111.474105122473,191.474105122473,6,16,1,80,Return
682.256852936821,609.732056700139,110.195139100345,111.556164372774,191.556164372774,6,16,1,80,Return
682.589976418132,604.814862694493,109.306468623729,111.608565363535,191.608565363535,6,16,1,80,Return
682.923099899443,599.897668688846,108.417798147113,111.631308094757,191.631308094757,6,16,1,80,Return
683.256223380754,594.9804746832,107.529127670498,111.624392566438,191.624392566438,6,16,1,80,Return
683.658078794048,590.063280677554,106.640457193882,110.418826326556,190.418826326556,6,16,1,80,Return
684.092168151339,585.146086671907,105.751786717266,109.116558254681,189.116558254681,6,16,1,80,Return
684.529552870802,580.228892666261,104.863116240651,107.804404096293,187.804404096293,6,16,1,80,Return
684.970232952435,575.311698660615,103.974445764035,106.482363851392,186.482363851392,6,16,1,80,Return
685.41420839624,570.394504654968,103.085775287419,105.150437519979,185.150437519979,6,16,1,80,Return
685.884996471573,565.477310649323,102.197104810804,103.738073293979,183.738073293979,6,16,1,80,Return
686.210566078918,563.018713646499,101.752769572496,102.761364471944,182.761364471944,6,16,1,80,Return
686.537783367554,560.560116643676,101.308434334188,101.779712606037,181.779712606037,6,16,1,80,Return
686.86664833707,558.101519640853,100.86409909588,100.793117697489,180.793117697489,6,16,1,80,Return
687.197160987877,555.64292263803,100.419763857572,99.8015797450679,179.801579745068,6,16,1,80,Return
687.529321319563,553.184325635207,99.9754286192644,98.8050987500094,178.805098750009,6,16,1,80,Return
687.863129332542,550.725728632384,99.5310933809566,97.8036747110737,177.803674711074,6,16,1,80,Return
688.198585026398,548.26713162956,99.0867581426487,96.7973076295038,176.797307629504,6,16,1,80,Return
688.535688401548,545.808534626737,98.6424229043408,95.7859975040538,175.785997504054,6,16,1,80,Return
688.874439457586,543.349937623914,98.198087666033,94.7697443359417,174.769744335942,6,16,1,80,Return
689.214838194906,540.891340621091,97.7537524277252,93.7485481239796,173.74854812398,6,16,1,80,Return
689.556884613103,538.432743618268,97.3094171894173,92.7224088693892,172.722408869389,6,16,1,80,Return
689.894753696883,535.974146615445,96.8650819511095,91.708801618051,171.708801618051,6,16,1,80,Return
690.229170824647,533.515549612622,96.4207467128016,90.7055502347591,170.705550234759,6,16,1,80,Return
690.563587952615,531.056952609798,95.9764114744938,89.7022988508534,169.702298850853,6,16,1,80,Return
690.898005080379,528.598355606975,95.532076236186,88.6990474675616,168.699047467562,6,16,1,80,Return
691.232422208348,526.139758604152,95.0877409978781,87.6957960836559,167.695796083656,6,16,1,80,Return
691.566839336111,523.681161601329,94.6434057595703,86.692544700364,166.692544700364,6,16,1,80,Return
691.90125646408,521.222564598505,94.1990705212625,85.6892933164583,165.689293316458,6,16,1,80,Return
692.235673591844,518.763967595683,93.7547352829546,84.6860419331665,164.686041933167,6,16,1,80,Return
692.570090719821,516.30537059286,93.3104000446467,83.6827905492352,163.682790549235,6,16,1,80,Return
692.904507847585,513.846773590036,92.8660648063389,82.6795391659434,162.679539165943,6,16,1,80,Return
693.238924975553,511.388176587213,92.4217295680311,81.6762877820376,161.676287782038,6,16,1,80,Return
693.573342103317,508.92957958439,91.9773943297232,80.6730363987458,160.673036398746,6,16,1,80,Return
693.780956705631,506.470982581567,91.5330590914153,80.0501925918055,160.050192591806,6,16,1,80,Return
694.183303080823,501.553788575921,90.6443886147997,78.8431534662299,158.84315346623,6,16,1,80,Return
694.575763369502,496.636594570275,89.7557181381841,77.6657726001928,157.665772600193,6,16,1,80,Return
694.958337571684,491.719400564628,88.8670476615683,76.5180499936455,156.518049993645,6,16,1,80,Return
695.33102568734,486.802206558982,87.9783771849527,75.3999856466787,155.399985646679,6,16,1,80,Return
695.693827716483,481.885012553335,87.089706708337,74.3115795592504,154.31157955925,6,16,1,80,Return
695.911629446705,479.426415550512,86.6453714700291,73.6581743685844,153.658174368584,6,16,1,80,Return
696.198465406732,476.967818547689,86.2010362317213,72.7976664885031,152.797666488503,6,16,1,80,Return
696.483735205405,474.509221544866,85.7567009934135,71.941857092484,151.941857092484,6,16,1,80,Return
696.768181163722,472.050624542043,85.3123657551056,71.0885192175317,151.088519217532,6,16,1,80,Return
697.05180328131,469.59202753922,84.8680305167978,70.2376528647683,150.237652864768,6,16,1,80,Return
697.334601558569,467.133430536397,84.42369527849,69.3892580329905,149.38925803299,6,16,1,80,Return
697.616575995072,464.674833533574,83.9793600401821,68.5433347234816,148.543334723482,6,16,1,80,Return
697.897726591219,462.21623653075,83.5350248018742,67.6998829350425,147.699882935042,6,16,1,80,Return
698.178053346637,459.757639527927,83.0906895635664,66.8589026687893,146.858902668789,6,16,1,80,Return
698.457556261697,457.299042525105,82.6463543252586,66.0203939236073,146.020393923607,6,16,1,80,Return
698.73623533603,454.840445522281,82.2020190869507,65.1843567006098,145.18435670061,6,16,1,80,Return
699.014090570005,452.381848519458,81.7576838486428,64.350790998685,144.350790998685,6,16,1,80,Return
699.30171147834,449.923251516635,81.313348610335,63.4879282736786,143.487928273679,6,16,1,80,Return
699.594701330775,447.464654513812,80.8690133720272,62.6089587163747,142.608958716375,6,16,1,80,Return
699.889338864101,445.006057510988,80.4246781337193,61.7250461163958,141.725046116396,6,16,1,80,Return
700.185624078734,442.547460508165,79.9803428954115,60.8361904724958,140.836190472496,6,16,1,80,Return
700.483556974231,440.088863505342,79.5360076571037,59.9423917860072,139.942391786007,6,16,1,80,Return
700.783137551008,437.630266502519,79.0916724187958,59.043650055676,139.043650055676,6,16,1,80,Return
701.084365808675,435.171669499696,78.647337180488,58.1399652826755,138.139965282676,6,16,1,80,Return
701.387241747623,432.713072496873,78.2030019421801,57.2313374658295,137.231337465829,6,16,1,80,Return
701.691765367461,430.25447549405,77.7586667038723,56.3177666063172,136.317766606317,6,16,1,80,Return
701.997936668581,427.795878491226,77.3143314655645,55.3992527029563,135.399252702956,6,16,1,80,Return
702.305755650787,425.337281488403,76.8699962272566,54.4757957563373,134.475795756337,6,16,1,80,Return
702.602587572856,422.87868448558,76.4256609889488,53.5852999901309,133.585299990131,6,16,1,80,Return
702.956018968155,417.961490479934,75.5369905123331,52.5250058042337,132.525005804234,6,16,1,80,Return
703.309450363476,413.044296474287,74.6483200357175,51.4647116182725,131.464711618273,6,16,1,80,Return
703.662881758775,408.127102468642,73.7596495591017,50.4044174323753,130.404417432375,6,16,1,80,Return
704.016313154074,403.209908462995,72.8709790824861,49.3441232464781,129.344123246478,6,16,1,80,Return
704.369744549373,398.292714457349,71.9823086058703,48.2838290605809,128.283829060581,6,16,1,80,Return
704.702868030684,393.375520451703,71.0936381292547,47.4642413367917,127.464241336792,6,16,1,80,Return
705.035991511995,388.458326446056,70.204967652639,47.4234391545009,127.423439154501,6,16,1,80,Return
705.369114993306,383.54113244041,69.3162971760233,47.3628647992475,127.362864799247,6,16,1,80,Return
705.702238474617,378.623938434763,68.4276266994076,47.2825182709684,127.282518270968,6,16,1,80,Return
706.035361955928,373.706744429117,67.538956222792,47.1823995696636,127.182399569664,6,16,1,80,Return
706.368485437239,368.789550423471,66.6502857461762,47.0625086953332,127.062508695333,6,16,1,80,Return
706.70160891855,363.872356417824,65.7616152695606,46.9478455547074,126.947845554707,6,16,1,80,Return
707.034732399861,358.955162412179,64.8729447929448,46.8620638580327,126.862063858033,6,16,1,80,Return
707.367855881172,354.037968406532,63.9842743163292,46.7762821613581,126.776282161358,6,16,1,80,Return
707.700979362483,349.120774400886,63.0956038397135,46.6905004646834,126.690500464683,6,16,1,80,Return
708.034102843794,344.20358039524,62.2069333630978,46.6047187680088,126.604718768009,6,16,1,80,Return
708.367226325105,339.286386389593,61.3182628864822,46.5189370712958,126.518937071296,6,16,1,80,Return
708.700349806416,334.369192383947,60.4295924098665,46.273110374655,126.273110374655,6,16,1,80,Return
709.033473287727,329.451998378301,59.5409219332508,45.8991163283264,125.899116328326,6,16,1,80,Return
709.366596769038,324.534804372654,58.6522514566351,45.4954640224577,125.495464022458,6,16,1,80,Return
709.699720250349,319.617610367008,57.7635809800195,45.062153457049,125.062153457049,6,16,1,80,Return
710.03284373166,314.700416361362,56.8749105034037,44.5991846320924,124.599184632092,6,16,1,80,Return
710.365967212971,309.783222355716,55.9862400267881,44.1065575476103,124.10655754761,6,16,1,80,Return
710.699090694282,304.866028350069,55.0975695501724,43.1627332068224,123.162733206822,6,16,1,80,Return
711.056661358857,299.948834344423,54.2088990735567,42.0900212130965,122.090021213097,6,16,1,80,Return
711.417527385603,295.031640338777,53.320228596941,41.0074231328578,121.007423132858,6,16,1,80,Return
711.781688774513,290.114446333131,52.4315581203253,39.9149389661275,119.914938966127,6,16,1,80,Return
712.149145525601,285.197252327484,51.5428876437096,38.8125687128653,118.812568712865,6,16,1,80,Return
712.519897638859,280.280058321838,50.654217167094,37.7003123730904,117.70031237309,6,16,1,80,Return
712.85302112017,275.362864316192,49.7655466904782,36.8423860240493,116.842386024049,6,16,1,80,Return
713.186144601481,270.445670310545,48.8768762138626,36.0100372297468,116.010037229747,6,16,1,80,Return
713.519268082792,265.528476304899,47.988205737247,35.1974606084823,115.197460608482,6,16,1,80,Return
713.852391564103,260.611282299253,47.0995352606312,34.4046561602267,114.404656160227,6,16,1,80,Return
714.185515045414,255.694088293606,46.2108647840156,33.6316238849967,113.631623884997,6,16,1,80,Return
714.518638526725,250.776894287961,45.3221943073999,32.972000182555,112.972000182555,6,16,1,80,Return
714.851762008036,245.859700282314,44.4335238307842,32.817759376826,112.817759376826,6,16,1,80,Return
715.184885489347,240.942506276668,43.5448533541685,32.693176830637,112.693176830637,6,16,1,80,Return
715.518008970658,236.025312271022,42.6561828775529,32.5982525439671,112.598252543967,6,16,1,80,Return
715.851132451969,231.108118265375,41.7675124009371,32.5329865168515,112.532986516852,6,16,1,80,Return
716.18425593328,226.190924259729,40.8788419243215,32.4973787492759,112.497378749276,6,16,1,80,Return
716.517379414591,221.273730254082,39.9901714477057,32.5210602216477,112.521060221648,6,16,1,80,Return
716.850502895902,216.356536248436,39.1015009710901,32.6229377435244,112.622937743524,6,16,1,80,Return
717.183626377213,211.43934224279,38.2128304944744,32.7445874383847,112.744587438385,6,16,1,80,Return
717.516749858524,206.522148237143,37.3241600178587,32.8860093063113,112.886009306311,6,16,1,80,Return
717.849873339835,201.604954231498,36.435489541243,33.0472033472636,113.047203347264,6,16,1,80,Return
718.182996821146,196.687760225851,35.5468190646274,33.2281695612415,113.228169561242,6,16,1,80,Return
718.516120302457,191.770566220205,34.6581485880117,32.8435364450378,112.843536445038,6,16,1,80,Return
718.849243783768,186.853372214559,33.769478111396,31.9552406387215,111.955240638721,6,16,1,80,Return
719.182367265079,181.936178208912,32.8808076347804,31.0669448324692,111.066944832469,6,16,1,80,Return
719.51549074639,177.018984203266,31.9921371581646,30.1786490262168,110.178649026217,6,16,1,80,Return
719.848614227701,172.10179019762,31.103466681549,29.2903532199645,109.290353219965,6,16,1,80,Return
720.181737709012,167.184596191973,30.2147962049332,28.4020574137122,108.402057413712,6,16,1,80,Return
720.589618122821,162.267402186327,29.3261257283176,27.1784161722867,107.178416172287,6,16,1,80,Return
721.046372757331,157.350208180681,28.4374552517019,25.8081522687566,105.808152268757,6,16,1,80,Return
721.509718116183,152.433014175035,27.5487847750862,24.4181161922,104.4181161922,6,16,1,80,Return
721.979654199377,147.515820169388,26.6601142984705,23.0083079426166,103.008307942617,6,16,1,80,Return
722.456181006914,142.598626163742,25.7714438218549,21.5787275200066,101.578727520007,6,16,1,80,Return
722.939298538806,137.681432158096,24.8827733452391,20.1293749243311,100.129374924331,6,16,1,80,Return
723.329590329101,132.76423815245,23.9941028686235,18.9584995534447,98.9584995534447,6,16,1,80,Return
723.70339977375,127.847044146803,23.1054323920077,17.8370712194994,97.8370712194994,6,16,1,80,Return
724.064027769714,122.929850141157,22.2167619153921,16.755187231606,96.755187231606,6,16,1,80,Return
724.411474316995,118.012656135511,21.3280914387764,15.7128475897644,95.7128475897644,6,16,1,80,Return
724.745739415584,113.095462129864,20.4394209621607,14.7100522939953,94.7100522939953,6,16,1,80,Return
725.078862896895,108.178268124218,19.5507504855451,13.754767325274,93.754767325274,6,16,1,80,Return
725.411986378207,103.261074118572,18.6620800089294,12.9002921748503,92.9002921748503,6,16,1,80,Return
725.745109859517,98.3438801129255,17.7734095323137,12.0557031109395,92.0557031109395,6,16,1,80,Return
726.078233340828,93.4266861072797,16.884739055698,11.2210001335417,91.2210001335417,6,16,1,80,Return
726.41135682214,88.509492101633,15.9960685790824,10.3961832426606,90.3961832426606,6,16,1,80,Return
726.74448030345,83.5922980959867,15.1073981024666,9.5812524382865,89.5812524382865,6,16,1,80,Return
727.077603784761,78.6751040903409,14.218727625851,8.8088824173662,88.8088824173662,6,16,1,80,Return
727.410727266073,73.7579100846942,13.3300571492352,8.1433903197365,88.1433903197365,6,16,1,80,Return
727.743850747383,68.840716079048,12.4413866726196,7.50755648164718,87.5075564816472,6,16,1,80,Return
728.076974228695,63.9235220734013,11.5527161960039,6.90138090309823,86.9013809030982,6,16,1,80,Return
728.410097710006,59.0063280677555,10.6640457193882,6.32486358406142,86.3248635840614,6,16,1,80,Return
728.743221191316,54.0891340621092,9.7753752427725,5.77800452458662,85.7780045245866,6,16,1,80,Return
729.076344672628,49.1719400564625,8.88670476615687,5.57683218324191,85.5768321832419,6,16,1,80,Return
729.409468153939,44.2547460508167,7.99803428954112,5.73963635422867,85.7396363542287,6,16,1,80,Return
729.742591635249,39.3375520451705,7.10936381292549,5.89255443870247,85.8925544387025,6,16,1,80,Return
730.075715116561,34.4203580395238,6.22069333630986,6.03558643663258,86.0355864366326,6,16,1,80,Return
730.408838597872,29.503164033878,5.33202285969412,6.16873234808267,86.1687323480827,6,16,1,80,Return
730.741962079183,24.5859700282313,4.44335238307849,6.29199217301982,86.2919921730198,6,16,1,80,Return
731.075085560494,19.668776022585,3.55468190646275,6.77666242165252,86.7766624216525,6,16,1,80,Return
731.408209041805,14.7515820169392,2.66601142984712,7.44215507576213,87.4421550757621,6,16,1,80,Return
731.741332523116,9.8343880112925,1.77734095323137,8.08787555683192,88.0878755568319,6,16,1,80,Return
732.074456004427,4.91719400564625,0.888670476615744,8.71382386489413,88.7138238648941,6,16,1,80,Return
732.407579485738,4.54747350886464e-13,0,9.31999999993042,89.3199999999304,6,16,1,80,Return
732.907579485738,4.54747350886464e-13,0,9.31999999993042,89.3199999999304,5,16,1,80,Hover
733.407579485738,4.54747350886464e-13,0,9.31999999993042,89.3199999999304,5,16,1,80,Hover
733.907579485738,4.54747350886464e-13,0,9.31999999993042,89.3199999999304,5,16,1,80,Hover
734.407579485738,4.54747350886464e-13,0,9.31999999993042,89.3199999999304,5,16,1,80,Hover
734.907579485738,4.54747350886464e-13,0,9.31999999993042,89.3199999999304,5,16,1,80,Hover
735.407579485738,4.54747350886464e-13,0,9.31999999993042,89.3199999999304,5,16,1,80,Hover
735.907579485738,4.54747350886464e-13,0,9.31999999993042,89.3199999999304,5,16,1,80,Hover
736.407579485738,4.54747350886464e-13,0,9.31999999993042,89.3199999999304,5,16,1,80,Hover
736.907579485738,4.54747350886464e-13,0,9.31999999993042,89.3199999999304,5,16,1,80,Hover
737.407579485738,4.54747350886464e-13,0,9.31999999993042,89.3199999999304,5,16,1,80,Hover
737.901406646231,4.54747350886464e-13,0,9.31999999993042,87.8385185184489,7,16,0,78.5185185185185,Landing
738.395233806725,4.54747350886464e-13,0,9.31999999993042,86.3570370369675,7,16,0,77.037037037037,Landing
738.889060967219,4.54747350886464e-13,0,9.31999999993042,84.875555555486,7,16,0,75.5555555555555,Landing
739.382888127713,4.54747350886464e-13,0,9.31999999993042,83.3940740740045,7,16,0,74.0740740740741,Landing
739.876715288207,4.54747350886464e-13,0,9.31999999993042,81.912592592523,7,16,0,72.5925925925926,Landing
740.3705424487,4.54747350886464e-13,0,9.31999999993042,80.4311111110415,7,16,0,71.1111111111111,Landing
740.864369609194,4.54747350886464e-13,0,9.31999999993042,78.9496296295601,7,16,0,69.6296296296296,Landing
741.358196769688,4.54747350886464e-13,0,9.31999999993042,77.4681481480786,7,16,0,68.1481481481482,Landing
741.852023930182,4.54747350886464e-13,0,9.31999999993042,75.9866666665971,7,16,0,66.6666666666667,Landing
742.345851090676,4.54747350886464e-13,0,9.31999999993042,74.5051851851156,7,16,0,65.1851851851852,Landing
742.83967825117,4.54747350886464e-13,0,9.31999999993042,73.0237037036341,7,16,0,63.7037037037037,Landing
743.333505411664,4.54747350886464e-13,0,9.31999999993042,71.5422222221526,7,16,0,62.2222222222222,Landing
743.827332572157,4.54747350886464e-13,0,9.31999999993042,70.0607407406712,7,16,0,60.7407407407407,Landing
744.321159732651,4.54747350886464e-13,0,9.31999999993042,68.5792592591897,7,16,0,59.2592592592593,Landing
744.814986893145,4.54747350886464e-13,0,9.31999999993042,67.0977777777082,7,16,0,57.7777777777778,Landing
745.308814053639,4.54747350886464e-13,0,9.31999999993042,65.6162962962267,7,16,0,56.2962962962963,Landing
745.802641214133,4.54747350886464e-13,0,9.31999999993042,64.1348148147452,7,16,0,54.8148148148148,Landing
746.296468374626,4.54747350886464e-13,0,9.31999999993042,62.6533333332638,7,16,0,53.3333333333333,Landing
746.79029553512,4.54747350886464e-13,0,9.31999999993042,61.1718518517823,7,16,0,51.8518518518518,Landing
747.284122695614,4.54747350886464e-13,0,9.31999999993042,59.6903703703008,7,16,0,50.3703703703704,Landing
747.777949856108,4.54747350886464e-13,0,9.31999999993042,58.2088888888193,7,16,0,48.8888888888889,Landing
748.271777016602,4.54747350886464e-13,0,9.31999999993042,56.7274074073378,7,16,0,47.4074074074074,Landing
748.765604177096,4.54747350886464e-13,0,9.31999999993042,55.2459259258563,7,16,0,45.9259259259259,Landing
749.259431337589,4.54747350886464e-13,0,9.31999999993042,53.7644444443749,7,16,0,44.4444444444444,Landing
749.753258498083,4.54747350886464e-13,0,9.31999999993042,52.2829629628934,7,16,0,42.962962962963,Landing
750.247085658577,4.54747350886464e-13,0,9.31999999993042,50.8014814814119,7,16,0,41.4814814814815,Landing
750.740912819071,4.54747350886464e-13,0,9.31999999993042,49.3199999999304,7,16,0,40,Landing
751.234739979565,4.54747350886464e-13,0,9.31999999993042,47.8385185184489,7,16,0,38.5185185185185,Landing
751.728567140059,4.54747350886464e-13,0,9.31999999993042,46.3570370369674,7,16,0,37.037037037037,Landing
752.222394300552,4.54747350886464e-13,0,9.31999999993042,44.875555555486,7,16,0,35.5555555555556,Landing
752.716221461046,4.54747350886464e-13,0,9.31999999993042,43.3940740740045,7,16,0,34.0740740740741,Landing
753.21004862154,4.54747350886464e-13,0,9.31999999993042,41.912592592523,7,16,0,32.5925925925926,Landing
753.703875782034,4.54747350886464e-13,0,9.31999999993042,40.4311111110415,7,16,0,31.1111111111111,Landing
754.197702942528,4.54747350886464e-13,0,9.31999999993042,38.94962962956,7,16,0,29.6296296296296,Landing
754.691530103021,4.54747350886464e-13,0,9.31999999993042,37.4681481480786,7,16,0,28.1481481481481,Landing
755.185357263515,4.54747350886464e-13,0,9.31999999993042,35.9866666665971,7,16,0,26.6666666666667,Landing
755.679184424009,4.54747350886464e-13,0,9.31999999993042,34.5051851851156,7,16,0,25.1851851851852,Landing
756.173011584503,4.54747350886464e-13,0,9.31999999993042,33.0237037036341,7,16,0,23.7037037037037,Landing
756.666838744997,4.54747350886464e-13,0,9.31999999993042,31.5422222221526,7,16,0,22.2222222222222,Landing
757.160665905491,4.54747350886464e-13,0,9.31999999993042,30.0607407406712,7,16,0,20.7407407407407,Landing
757.654493065984,4.54747350886464e-13,0,9.31999999993042,28.5792592591897,7,16,0,19.2592592592592,Landing
758.148320226478,4.54747350886464e-13,0,9.31999999993042,27.0977777777082,7,16,0,17.7777777777778,Landing
758.642147386972,4.54747350886464e-13,0,9.31999999993042,25.6162962962267,7,16,0,16.2962962962963,Landing
759.135974547466,4.54747350886464e-13,0,9.31999999993042,24.1348148147452,7,16,0,14.8148148148148,Landing
759.62980170796,4.54747350886464e-13,0,9.31999999993042,22.6533333332637,7,16,0,13.3333333333333,Landing
760.123628868454,4.54747350886464e-13,0,9.31999999993042,21.1718518517823,7,16,0,11.8518518518518,Landing
760.617456028947,4.54747350886464e-13,0,9.31999999993042,19.6903703703008,7,16,0,10.3703703703704,Landing
761.111283189441,4.54747350886464e-13,0,9.31999999993042,18.2088888888193,7,16,0,8.88888888888888,Landing
761.605110349935,4.54747350886464e-13,0,9.31999999993042,16.7274074073378,7,16,0,7.4074074074074,Landing
762.098937510429,4.54747350886464e-13,0,9.31999999993042,15.2459259258563,7,16,0,5.92592592592592,Landing
762.592764670923,4.54747350886464e-13,0,9.31999999993042,13.7644444443749,7,16,0,4.44444444444444,Landing
763.086591831417,4.54747350886464e-13,0,9.31999999993042,12.2829629628934,7,16,0,2.96296296296295,Landing
763.58041899191,4.54747350886464e-13,0,9.31999999993042,10.8014814814119,7,16,0,1.48148148148147,Landing
764.074246152404,4.54747350886464e-13,0,9.31999999993042,9.31999999993042,7,16,0,-7.105427357601e-15,Landing
