time_s,east_m,north_m,terrain_msl_m,uav_msl_m,phase_code,target_index,cruise,agl_m,phase
0,0,0,9.31999999993042,9.31999999993042,1,0,0,0,Takeoff
0.493827160493827,0,0,9.31999999993042,10.8014814814119,1,0,0,1.48148148148148,Takeoff
0.987654320987654,0,0,9.31999999993042,12.2829629628934,1,0,0,2.96296296296296,Takeoff
1.48148148148148,0,0,9.31999999993042,13.7644444443749,1,0,0,4.44444444444444,Takeoff
1.97530864197531,0,0,9.31999999993042,15.2459259258563,1,0,0,5.92592592592593,Takeoff
2.46913580246914,0,0,9.31999999993042,16.7274074073378,1,0,0,7.4074074074074,Takeoff
2.96296296296296,0,0,9.31999999993042,18.2088888888193,1,0,0,8.88888888888889,Takeoff
3.45679012345679,0,0,9.31999999993042,19.6903703703008,1,0,0,10.3703703703704,Takeoff
3.95061728395062,0,0,9.31999999993042,21.1718518517823,1,0,0,11.8518518518519,Takeoff
4.44444444444444,0,0,9.31999999993042,22.6533333332638,1,0,0,13.3333333333333,Takeoff
4.93827160493827,0,0,9.31999999993042,24.1348148147452,1,0,0,14.8148148148148,Takeoff
5.4320987654321,0,0,9.31999999993042,25.6162962962267,1,0,0,16.2962962962963,Takeoff
5.92592592592593,0,0,9.31999999993042,27.0977777777082,1,0,0,17.7777777777778,Takeoff
6.41975308641975,0,0,9.31999999993042,28.5792592591897,1,0,0,19.2592592592593,Takeoff
6.91358024691358,0,0,9.31999999993042,30.0607407406712,1,0,0,20.7407407407407,Takeoff
7.40740740740741,0,0,9.31999999993042,31.5422222221526,1,0,0,22.2222222222222,Takeoff
7.90123456790123,0,0,9.31999999993042,33.0237037036341,1,0,0,23.7037037037037,Takeoff
8.39506172839506,0,0,9.31999999993042,34.5051851851156,1,0,0,25.1851851851852,Takeoff
8.88888888888889,0,0,9.31999999993042,35.9866666665971,1,0,0,26.6666666666667,Takeoff
9.38271604938272,0,0,9.31999999993042,37.4681481480786,1,0,0,28.1481481481481,Takeoff
9.87654320987654,0,0,9.31999999993042,38.9496296295601,1,0,0,29.6296296296296,Takeoff
10.3703703703704,0,0,9.31999999993042,40.4311111110415,1,0,0,31.1111111111111,Takeoff
10.8641975308642,0,0,9.31999999993042,41.912592592523,1,0,0,32.5925925925926,Takeoff
11.358024691358,0,0,9.31999999993042,43.3940740740045,1,0,0,34.0740740740741,Takeoff
11.8518518518519,0,0,9.31999999993042,44.875555555486,1,0,0,35.5555555555556,Takeoff
12.3456790123457,0,0,9.31999999993042,46.3570370369675,1,0,0,37.037037037037,Takeoff
12.8395061728395,0,0,9.31999999993042,47.8385185184489,1,0,0,38.5185185185185,Takeoff
13.3333333333333,0,0,9.31999999993042,49.3199999999304,1,0,0,40,Takeoff
13.8271604938272,0,0,9.31999999993042,50.8014814814119,1,0,0,41.4814814814815,Takeoff
14.320987654321,0,0,9.31999999993042,52.2829629628934,1,0,0,42.962962962963,Takeoff
14.8148148148148,0,0,9.31999999993042,53.7644444443749,1,0,0,44.4444444444444,Takeoff
15.3086419753086,0,0,9.31999999993042,55.2459259258563,1,0,0,45.9259259259259,Takeoff
15.8024691358025,0,0,9.31999999993042,56.7274074073378,1,0,0,47.4074074074074,Takeoff
16.2962962962963,0,0,9.31999999993042,58.2088888888193,1,0,0,48.8888888888889,Takeoff
16.7901234567901,0,0,9.31999999993042,59.6903703703008,1,0,0,50.3703703703704,Takeoff
17.283950617284,0,0,9.31999999993042,61.1718518517823,1,0,0,51.8518518518518,Takeoff
17.7777777777778,0,0,9.31999999993042,62.6533333332638,1,0,0,53.3333333333333,Takeoff
18.2716049382716,0,0,9.31999999993042,64.1348148147452,1,0,0,54.8148148148148,Takeoff
18.7654320987654,0,0,9.31999999993042,65.6162962962267,1,0,0,56.2962962962963,Takeoff
19.2592592592593,0,0,9.31999999993042,67.0977777777082,1,0,0,57.7777777777778,Takeoff
19.7530864197531,0,0,9.31999999993042,68.5792592591897,1,0,0,59.2592592592593,Takeoff
20.2469135802469,0,0,9.31999999993042,70.0607407406712,1,0,0,60.7407407407408,Takeoff
20.7407407407407,0,0,9.31999999993042,71.5422222221526,1,0,0,62.2222222222222,Takeoff
21.2345679012346,0,0,9.31999999993042,73.0237037036341,1,0,0,63.7037037037037,Takeoff
21.7283950617284,0,0,9.31999999993042,74.5051851851156,1,0,0,65.1851851851852,Takeoff
22.2222222222222,0,0,9.31999999993042,75.9866666665971,1,0,0,66.6666666666667,Takeoff
22.7160493827161,0,0,9.31999999993042,77.4681481480786,1,0,0,68.1481481481482,Takeoff
23.2098765432099,0,0,9.31999999993042,78.9496296295601,1,0,0,69.6296296296296,Takeoff
23.7037037037037,0,0,9.31999999993042,80.4311111110415,1,0,0,71.1111111111111,Takeoff
24.1975308641975,0,0,9.31999999993042,81.912592592523,1,0,0,72.5925925925926,Takeoff
24.6913580246914,0,0,9.31999999993042,83.3940740740045,1,0,0,74.0740740740741,Takeoff
25.1851851851852,0,0,9.31999999993042,84.875555555486,1,0,0,75.5555555555556,Takeoff
25.679012345679,0,0,9.31999999993042,86.3570370369675,1,0,0,77.037037037037,Takeoff
26.1728395061728,0,0,9.31999999993042,87.838518518449,1,0,0,78.5185185185185,Takeoff
26.6666666666667,0,0,9.31999999993042,89.3199999999304,1,0,0,80,Takeoff
26.9990162545268,4.61302606951105,1.89014454630797,8.72720306495727,88.7272030649573,2,1,1,80,Transit
27.3313658423869,9.22605213902209,3.78028909261593,8.09495338430613,88.0949533843061,2,1,1,80,Transit
27.663715430247,13.8390782085331,5.6704336389239,7.42325095780179,87.4232509578018,2,1,1,80,Transit
27.9960650181071,18.4521042780442,7.56057818523186,6.71209578579256,86.7120957857926,2,1,1,80,Transit
28.3284146059672,23.0651303475552,9.45072273153983,5.98530683968978,85.9853068396898,2,1,1,80,Transit
28.6607641938273,27.6781564170663,11.3408672778478,5.77118908911055,85.7711890891105,2,1,1,80,Transit
28.9931137816874,32.2911824865773,13.2310118241558,5.53734496569233,85.5373449656923,2,1,1,80,Transit
29.3254633695475,36.9042085560884,15.1211563704637,5.28377446939987,85.2837744693999,2,1,1,80,Transit
29.6578129574076,41.5172346255994,17.0113009167717,5.01047760033446,85.0104776003345,2,1,1,80,Transit
29.9901625452677,46.1302606951105,18.9014454630797,4.7174543583982,84.7174543583982,2,1,1,80,Transit
30.3225121331279,50.7432867646215,20.7915900093876,4.40470474362295,84.4047047436229,2,1,1,80,Transit
30.654861720988,55.3563128341326,22.6817345556956,4.85381687194163,84.8538168719416,2,1,1,80,Transit
30.9872113088481,59.9693389036436,24.5718791020035,5.49963254854721,85.4996325485472,2,1,1,80,Transit
31.3195608967082,64.5823649731546,26.4620236483115,6.32985773256658,86.3298577325666,2,1,1,80,Transit
31.6519104845683,69.1953910426657,28.3521681946195,7.11814703881861,87.1181470388186,2,1,1,80,Transit
31.9842600724284,73.8084171121767,30.2423127409274,7.84725722655936,87.8472572265594,2,1,1,80,Transit
32.3166096602885,78.4214431816878,32.1324572872354,8.51718829599996,88.517188296,2,1,1,80,Transit
32.6489592481486,83.0344692511988,34.0226018335434,9.19067146609648,89.1906714660965,2,1,1,80,Transit
32.9813088360087,87.6474953207099,35.9127463798513,9.8716415610476,89.8716415610476,2,1,1,80,Transit
33.3136584238688,92.2605213902209,37.8028909261593,10.5328852831782,90.5328852831782,2,1,1,80,Transit
33.6460080117289,96.873547459732,39.6930354724673,11.1744026324539,91.1744026324539,2,1,1,80,Transit
33.978357599589,101.486573529243,41.5831800187752,11.7961936091188,91.7961936091188,2,1,1,80,Transit
34.3107071874492,106.099599598754,43.4733245650832,12.3982582127139,92.3982582127139,2,1,1,80,Transit
34.6430567753093,110.712625668265,45.3634691113912,13.0532100112358,93.0532100112358,2,1,1,80,Transit
34.9754063631694,115.325651737776,47.2536136576991,13.7771807677967,93.7771807677967,2,1,1,80,Transit
35.3077559510295,119.938677807287,49.1437582040071,14.4814251515494,94.4814251515494,2,1,1,80,Transit
35.6401055388896,124.551703876798,51.0339027503151,15.1659431626983,95.1659431626983,2,1,1,80,Transit
35.9724551267497,129.164729946309,52.924047296623,15.8307348007419,95.8307348007419,2,1,1,80,Transit
36.3048047146098,133.77775601582,54.814191842931,16.4758000659468,96.4758000659468,2,1,1,80,Transit
36.6371543024699,138.390782085331,56.704336389239,17.0813538603761,97.0813538603761,2,1,1,80,Transit
36.96950389033,143.003808154842,58.5944809355469,17.8263068766646,97.8263068766646,2,1,1,80,Transit
37.3018534781901,147.616834224353,60.4846254818549,18.551533520545,98.551533520545,2,1,1,80,Transit
37.6342030660502,152.229860293865,62.3747700281628,19.257033791153,99.257033791153,2,1,1,80,Transit
37.9665526539103,156.842886363376,64.2649145744708,19.9428076889213,99.9428076889213,2,1,1,80,Transit
38.2989022417704,161.455912432887,66.1550591207788,20.6088552138498,100.60885521385,2,1,1,80,Transit
38.6312518296306,166.068938502398,68.0452036670867,21.2569745555809,101.256974555581,2,1,1,80,Transit
38.9636014174907,170.681964571909,69.9353482133947,21.9473218663349,101.947321866335,2,1,1,80,Transit
39.2959510053508,175.29499064142,71.8254927597027,22.6771219224994,102.677121922499,2,1,1,80,Transit
39.6283005932109,179.908016710931,73.7156373060106,23.4463747242563,103.446374724256,2,1,1,80,Transit
39.960650181071,184.521042780442,75.6057818523186,24.2550802716906,104.255080271691,2,1,1,80,Transit
40.2929997689311,189.134068849953,77.4959263986266,25.1032385648025,105.103238564802,2,1,1,80,Transit
40.6253493567912,193.747094919464,79.3860709449345,25.9908496039772,105.990849603977,2,1,1,80,Transit
40.9576989446513,198.360120988975,81.2762154912425,26.3404288821185,106.340428882118,2,1,1,80,Transit
41.2900485325114,202.973147058486,83.1663600375505,26.6521469053438,106.652146905344,2,1,1,80,Transit
41.6223981203715,207.586173127997,85.0565045838584,27.0230440470854,107.023044047085,2,1,1,80,Transit
41.9547477082316,212.199199197508,86.9466491301664,27.4311109753908,107.431110975391,2,1,1,80,Transit
42.2870972960917,216.812225267019,88.8367936764744,27.7709177356602,107.77091773566,2,1,1,80,Transit
42.6194468839519,221.42525133653,90.7269382227823,28.1107244959296,108.11072449593,2,1,1,80,Transit
42.951796471812,226.038277406041,92.6170827690903,28.5987205004433,108.598720500443,2,1,1,80,Transit
43.2841460596721,230.651303475552,94.5072273153983,29.1956252750517,109.195625275052,2,1,1,80,Transit
43.6164956475322,235.264329545063,96.3973718617062,29.8319827956278,109.831982795628,2,1,1,80,Transit
43.9488452353923,239.877355614574,98.2875164080142,30.5077930616014,110.507793061601,2,1,1,80,Transit
44.2811948232524,244.490381684085,100.177660954322,31.2230560732546,111.223056073255,2,1,1,80,Transit
44.6135444111125,249.103407753596,102.06780550063,31.9777718305872,111.977771830587,2,1,1,80,Transit
44.9458939989726,253.716433823108,103.957950046938,32.7534297164433,112.753429716443,2,1,1,80,Transit
45.2782435868327,258.329459892619,105.848094593246,33.4893606506569,113.489360650657,2,1,1,80,Transit
45.6105931746928,262.94248596213,107.738239139554,34.1858388388924,114.185838838892,2,1,1,80,Transit
45.9429427625529,267.555512031641,109.628383685862,34.8428642814504,114.84286428145,2,1,1,80,Transit
46.275292350413,272.168538101152,111.51852823217,35.460436978331,115.460436978331,2,1,1,80,Transit
46.6076419382731,276.781564170663,113.408672778478,36.038556929595,116.038556929595,2,1,1,80,Transit
46.9399915261333,281.394590240174,115.298817324786,36.4853195623649,116.485319562365,2,1,1,80,Transit
47.2723411139934,286.007616309685,117.188961871094,36.663767423991,116.663767423991,2,1,1,80,Transit
47.6046907018535,290.620642379196,119.079106417402,36.6062168286076,116.606216828608,2,1,1,80,Transit
47.9370402897136,295.233668448707,120.96925096371,36.5194642011337,116.519464201134,2,1,1,80,Transit
48.2693898775737,299.846694518218,122.859395510018,36.4524379464988,116.452437946499,2,1,1,80,Transit
48.6017394654338,304.459720587729,124.749540056326,36.4051380649853,116.405138064985,2,1,1,80,Transit
48.9340890532939,309.07274665724,126.639684602634,36.3444259260652,116.344425926065,2,1,1,80,Transit
49.266438641154,313.685772726751,128.529829148942,35.8525020940215,115.852502094022,2,1,1,80,Transit
49.5987882290141,318.298798796262,130.41997369525,35.3803046348179,115.380304634818,2,1,1,80,Transit
49.9311378168742,322.911824865773,132.310118241558,34.9278335484542,114.927833548454,2,1,1,80,Transit
50.2634874047343,327.524850935284,134.200262787866,34.4950888349581,114.495088834958,2,1,1,80,Transit
50.5958369925944,332.137877004795,136.090407334173,34.0820704943822,114.082070494382,2,1,1,80,Transit
50.9281865804546,336.750903074306,137.980551880481,33.6887785265396,113.68877852654,2,1,1,80,Transit
51.2605361683147,341.363929143817,139.870696426789,33.1357628422495,113.135762842249,2,1,1,80,Transit
51.5928857561748,345.976955213328,141.760840973097,32.594372735516,112.594372735516,2,1,1,80,Transit
51.9252353440349,350.589981282839,143.650985519405,32.0924353744446,112.092435374445,2,1,1,80,Transit
52.257584931895,355.203007352351,145.541130065713,31.6299507590733,111.629950759073,2,1,1,80,Transit
52.5899345197551,359.816033421862,147.431274612021,31.2069188894622,111.206918889462,2,1,1,80,Transit
52.9222841076152,364.429059491373,149.321419158329,31.0213187230668,111.021318723067,2,1,1,80,Transit
53.2546336954753,369.042085560884,151.211563704637,31.8706260759138,111.870626075914,2,1,1,80,Transit
53.6722067041001,373.655111630395,153.101708250945,33.1233451017883,113.123345101788,2,1,1,80,Transit
54.1029306279508,378.268137699906,154.991852797253,34.4155168733403,114.41551687334,2,1,1,80,Transit
54.5468054670179,382.881163769417,156.881997343561,35.7471413905418,115.747141390542,2,1,1,80,Transit
55.0038312213189,387.494189838928,158.772141889869,37.1182186534446,117.118218653445,2,1,1,80,Transit
55.4740078909785,392.107215908439,160.662286436177,38.5287486624234,118.528748662423,2,1,1,80,Transit
55.714027818892,394.413728943194,161.607358709331,39.248808446164,119.248808446164,2,1,1,80,Transit
56.0737398538648,396.72024197795,162.552430982485,40.3279445510822,120.327944551082,2,1,1,80,Transit
56.4409107613382,399.026755012706,163.497503255639,41.4294572735025,121.429457273502,2,1,1,80,Transit
56.8097255334413,401.333268047461,164.442575528793,42.5359015898117,122.535901589812,2,1,1,80,Transit
57.1801841699343,403.639781082216,165.387647801947,43.6472774992907,123.647277499291,2,1,1,80,Transit
57.5522866706307,405.946294116972,166.332720075101,44.7635850013799,124.76358500138,2,1,1,80,Transit
57.9260330359303,408.252807151728,167.277792348255,45.8848240972788,125.884824097279,2,1,1,80,Transit
58.3014232654178,410.559320186483,168.222864621409,47.0109947857413,127.010994785741,2,1,1,80,Transit
58.6784573595392,412.865833221239,169.167936894563,48.1420970681057,128.142097068106,2,1,1,80,Transit
59.0571353180489,415.172346255994,170.113009167717,49.2781309436347,129.278130943635,2,1,1,80,Transit
59.4374571407611,417.47885929075,171.058081440871,50.4190964117713,130.419096411771,2,1,1,80,Transit
59.8194228280774,419.785372325505,172.003153714025,51.5649934737202,131.56499347372,2,1,1,80,Transit
60.203032379579,422.091885360261,172.948225987179,52.7158221282249,132.715822128225,2,1,1,80,Transit
60.5388510542477,424.398398395016,173.893298260333,53.7232781522311,133.723278152231,2,1,1,80,Transit
60.8320324471647,426.704911429772,174.838370533487,54.602822330982,134.602822330982,2,1,1,80,Transit
61.1202822467262,429.011424464527,175.783442806641,55.4675717296666,135.467571729667,2,1,1,80,Transit
61.4036004532228,431.317937499283,176.728515079795,56.3175263491562,136.317526349156,2,1,1,80,Transit
61.6819870663649,433.624450534038,177.673587352949,57.1526861885828,137.152686188583,2,1,1,80,Transit
61.9554420864411,435.930963568794,178.618659626103,57.9730512488112,137.973051248811,2,1,1,80,Transit
62.2208285047344,438.237476603549,179.563731899257,58.7692105036913,138.769210503691,2,1,1,80,Transit
62.475664869726,440.543989638305,180.508804172411,59.5337195986661,139.533719598666,2,1,1,80,Transit
62.7337889636738,442.85050267306,181.453876445565,60.3080918805095,140.308091880509,2,1,1,80,Transit
62.9952007862783,445.157015707816,182.398948718719,61.092327348323,141.092327348323,2,1,1,80,Transit
63.2599003378397,447.463528742571,183.344020991873,61.8864260030072,141.886426003007,2,1,1,80,Transit
63.5278876182081,449.770041777327,184.289093265027,62.6903878441123,142.690387844112,2,1,1,80,Transit
63.7826479243442,452.076554812082,185.234165538181,63.4546687625205,143.454668762521,2,1,1,80,Transit
64.1185302354487,456.689580881594,187.124310084489,64.462315695834,144.462315695834,2,1,1,80,Transit
64.4508798233088,461.302606951105,189.014454630797,65.4305098837281,145.430509883728,2,1,1,80,Transit
64.7832294111689,465.915633020616,190.904599177104,66.3592513256845,146.359251325685,2,1,1,80,Transit
65.115578999029,470.528659090127,192.794743723412,67.2485400219634,147.248540021963,2,1,1,80,Transit
65.4479285868891,475.141685159638,194.68488826972,68.0983759725649,148.098375972565,2,1,1,80,Transit
65.7802781747492,479.754711229149,196.575032816028,68.9087591774889,148.908759177489,2,1,1,80,Transit
66.1126277626093,484.36773729866,198.465177362336,69.1841722446739,149.184172244674,2,1,1,80,Transit
66.4449773504694,488.980763368171,200.355321908644,69.2809397030232,149.280939703023,2,1,1,80,Transit
66.7773269383296,493.593789437682,202.245466454952,69.2593489243292,149.259348924329,2,1,1,80,Transit
67.1096765261897,498.206815507193,204.13561100126,69.1193999086027,149.119399908603,2,1,1,80,Transit
67.4420261140498,502.819841576704,206.025755547568,68.8610926558348,148.861092655835,2,1,1,80,Transit
67.7743757019099,507.432867646215,207.915900093876,68.4844271660246,148.484427166025,2,1,1,80,Transit
68.10672528977,512.045893715726,209.806044640184,68.2094119545702,148.20941195457,2,1,1,80,Transit
68.4390748776301,516.658919785237,211.696189186492,67.9078703500556,147.907870350056,2,1,1,80,Transit
68.7714244654902,521.271945854748,213.5863337328,67.4649101629208,147.464910162921,2,1,1,80,Transit
69.1037740533503,525.884971924259,215.476478279108,66.8838653658969,146.883865365897,2,1,1,80,Transit
69.4361236412104,530.49799799377,217.366622825416,66.1647359589802,146.16473595898,2,1,1,80,Transit
69.7684732290705,535.111024063281,219.256767371724,65.3075219421835,145.307521942184,2,1,1,80,Transit
70.1080482535933,539.724050132792,221.146911918032,64.2887968686153,144.288796868615,2,1,1,80,Transit
70.4919997114142,544.337076202303,223.03705646434,63.1369424951524,143.136942495152,2,1,1,80,Transit
70.9088284573406,548.950102271814,224.927201010648,61.8864562573733,141.886456257373,2,1,1,80,Transit
71.3585344912967,553.563128341326,226.817345556956,60.5373381555049,140.537338155505,2,1,1,80,Transit
71.8411178133179,558.176154410836,228.707490103264,59.0895881894415,139.089588189442,2,1,1,80,Transit
72.0947384573432,560.482667445592,229.652562376418,58.3287262573654,138.328726257365,2,1,1,80,Transit
72.356578423404,562.789180480348,230.597634649572,57.5432063591832,137.543206359183,2,1,1,80,Transit
72.6266377114627,565.095693515103,231.542706922726,56.7330284950069,136.733028495007,2,1,1,80,Transit
72.8573115733479,567.402206549859,232.48777919588,56.0410069093513,136.041006909351,2,1,1,80,Transit
73.2458545396025,572.01523261937,234.377923742188,54.8753780105876,134.875378010588,2,1,1,80,Transit
73.6212465906215,576.628258688881,236.268068288496,53.7492018575306,133.749201857531,2,1,1,80,Transit
73.9834877264145,581.241284758392,238.158212834804,52.6624784501517,132.662478450152,2,1,1,80,Transit
74.3325779469814,585.854310827903,240.048357381112,51.6152077884507,131.615207788451,2,1,1,80,Transit
74.6649275348416,590.467336897414,241.93850192742,50.7690373771787,130.769037377179,2,1,1,80,Transit
74.9972771227017,595.080362966925,243.828646473728,50.2674917784671,130.267491778467,2,1,1,80,Transit
75.3296267105618,599.693389036436,245.718791020035,50.1137274417051,130.113727441705,2,1,1,80,Transit
75.6619762984219,604.306415105947,247.608935566343,50.0191422234625,130.019142223462,2,1,1,80,Transit
75.994325886282,608.919441175458,249.499080112651,49.983736123739,129.983736123739,2,1,1,80,Transit
76.3266754741421,613.532467244969,251.389224658959,50.0075091425349,130.007509142535,2,1,1,80,Transit
76.6590250620022,618.14549331448,253.279369205267,50.0904612800122,130.090461280012,2,1,1,80,Transit
76.9913746498623,622.758519383991,255.169513751575,50.2325925359333,130.232592535933,2,1,1,80,Transit
77.3237242377224,627.371545453502,257.059658297883,50.7273186158226,130.727318615823,2,1,1,80,Transit
77.6560738255825,631.984571523013,258.949802844191,51.3521845384576,131.352184538458,2,1,1,80,Transit
77.9884234134426,636.597597592524,260.839947390499,52.0756823256023,132.075682325602,2,1,1,80,Transit
78.3207730013027,641.210623662035,262.730091936807,52.8978119766404,132.89781197664,2,1,1,80,Transit
78.6531225891628,645.823649731546,264.620236483115,53.8185734918983,133.818573491898,2,1,1,80,Transit
78.9929203823012,650.436675801057,266.510381029423,54.8379668713134,134.837966871313,2,1,1,80,Transit
79.4454283939584,655.049701870568,268.400525575731,56.195490906285,136.195490906285,2,1,1,80,Transit
79.6991394265646,657.356214905324,269.345597848885,56.9566240041036,136.956624004104,2,1,1,80,Transit
79.9594259167868,659.66272794008,270.290670122039,57.7374834747701,137.73748347477,2,1,1,80,Transit
80.226287864454,661.969240974835,271.235742395193,58.5380693177717,138.538069317772,2,1,1,80,Transit
80.5044336029061,664.275754009591,272.180814668347,59.372506533128,139.372506533128,2,1,1,80,Transit
80.8499957434765,666.582267044346,273.125886941501,60.4091929548393,140.409192954839,2,1,1,80,Transit
81.1972017486533,668.888780079102,274.070959214655,61.4508109703697,141.45081097037,2,1,1,80,Transit
81.5460516182015,671.195293113857,275.016031487809,62.4973605790141,142.497360579014,2,1,1,80,Transit
81.8965453519804,673.501806148613,275.961103760963,63.5488417803508,143.548841780351,2,1,1,80,Transit
82.2486829503682,675.808319183368,276.906176034117,64.6052545755144,144.605254575514,2,1,1,80,Transit
82.6024644129527,678.114832218124,277.851248307271,65.6665989632678,145.666598963268,2,1,1,80,Transit
82.9577952068099,680.421345252879,278.796320580425,66.7325913448393,146.732591344839,2,1,1,80,Transit
83.2949543845571,682.727858287635,279.741392853579,67.744068878081,147.744068878081,2,1,1,80,Transit
83.6288258333363,685.03437132239,280.686465126733,68.7456832244185,148.745683224419,2,1,1,80,Transit
83.9594095535026,687.340884357146,281.631537399887,69.7374343849176,149.737434384918,2,1,1,80,Transit
84.2867055446703,689.647397391901,282.576609673041,70.7193223584205,150.719322358421,2,1,1,80,Transit
84.6107138072216,691.953910426657,283.521681946195,71.6913471460746,151.691347146075,2,1,1,80,Transit
84.9314343409347,694.260423461412,284.466754219349,72.6535087472137,152.653508747214,2,1,1,80,Transit
85.2488671457141,696.566936496168,285.411826492503,73.6058071615522,153.605807161552,2,1,1,80,Transit
85.5630122218136,698.873449530923,286.356898765657,74.5482423898505,154.54824238985,2,1,1,80,Transit
85.8738695689522,701.179962565679,287.301971038811,75.4808144312665,155.480814431266,2,1,1,80,Transit
86.181439187466,703.486475600434,288.247043311965,76.4035232868077,156.403523286808,2,1,1,80,Transit
86.4857210771448,705.79298863519,289.192115585119,77.3163689558443,157.316368955844,2,1,1,80,Transit
86.7867152378919,708.099501669946,290.137187858273,78.2193514380855,158.219351438085,2,1,1,80,Transit
87.015004018666,710.406014704701,291.082260131427,78.9042177804079,158.904217780408,2,1,1,80,Transit
87.3646299459481,715.019040774212,292.972404677735,79.9530955622539,159.953095562254,2,1,1,80,Transit
87.6969795338082,719.632066843723,294.862549224043,80.923067852745,160.923067852745,2,1,1,80,Transit
88.0293291216683,724.245092913234,296.752693770351,81.8141346518316,161.814134651832,2,1,1,80,Transit
88.3616787095284,728.858118982745,298.642838316658,82.6262959598036,162.626295959804,2,1,1,80,Transit
88.6940282973885,733.471145052256,300.532982862966,83.3595517762255,163.359551776226,2,1,1,80,Transit
89.0263778852486,738.084171121767,302.423127409274,84.0989429993984,164.098942999398,2,1,1,80,Transit
89.2728148118393,740.390684156523,303.368199682428,84.8382537791703,164.83825377917,2,1,1,80,Transit
89.5388981490233,742.697197191279,304.313271955582,85.6365037907225,165.636503790722,2,1,1,80,Transit
89.8049814863225,745.003710226034,305.258344228736,86.4347538026199,166.43475380262,2,1,1,80,Transit
90.0710648235065,747.310223260789,306.20341650189,87.2330038141721,167.233003814172,2,1,1,80,Transit
90.3371481608057,749.616736295545,307.148488775044,88.0312538260696,168.03125382607,2,1,1,80,Transit
90.6032314981048,751.9232493303,308.093561048198,88.829503837967,168.829503837967,2,1,1,80,Transit
90.8693148352889,754.229762365056,309.038633321352,89.6277538495192,169.627753849519,2,1,1,80,Transit
91.1353981725881,756.536275399812,309.983705594506,90.4260038614167,170.426003861417,2,1,1,80,Transit
91.4014815097721,758.842788434567,310.92877786766,91.2242538729688,171.224253872969,2,1,1,80,Transit
91.6675648470713,761.149301469323,311.873850140814,92.0225038848663,172.022503884866,2,1,1,80,Transit
91.9336481843704,763.455814504078,312.818922413968,92.8207538967638,172.820753896764,2,1,1,80,Transit
92.1997315215545,765.762327538834,313.763994687122,93.6190039083159,173.619003908316,2,1,1,80,Transit
92.5016499720334,768.068840573589,314.709066960276,94.5247592597529,174.524759259753,2,1,1,80,Transit
92.8098721235335,770.375353608345,315.65413923343,95.4494257142529,175.449425714253,2,1,1,80,Transit
93.1164504104459,772.6818666431,316.599211506584,96.3691605749902,176.36916057499,2,1,1,80,Transit
93.4213848331384,774.988379677856,317.544283779738,97.2839638430678,177.283963843068,2,1,1,80,Transit
93.7246753912451,777.294892712611,318.489356052892,98.1938355173878,178.193835517388,2,1,1,80,Transit
94.0263220851108,779.601405747367,319.434428326046,99.098775598985,179.098775598985,2,1,1,80,Transit
94.326324914592,781.907918782122,320.3795005992,99.9987840874286,179.998784087429,2,1,1,80,Transit
94.62468387949,784.214431816878,321.324572872354,100.893860982122,180.893860982122,2,1,1,80,Transit
94.9213989801637,786.520944851633,322.269645145508,101.784006284144,181.784006284144,2,1,1,80,Transit
95.2164702162559,788.827457886389,323.214717418662,102.66921999242,182.66921999242,2,1,1,80,Transit
95.5098975881045,791.133970921145,324.159789691816,103.549502107966,183.549502107966,2,1,1,80,Transit
95.8016810955669,793.4404839559,325.10486196497,104.424852630353,184.424852630353,2,1,1,80,Transit
96.1176948380115,795.746996990655,326.049934238124,105.372893857687,185.372893857687,2,1,1,80,Transit
96.4656838355702,798.053510025411,326.995006511278,106.416860850363,186.416860850363,2,1,1,80,Transit
96.810385104111,800.360023060166,327.940078784432,107.450964655986,187.450964655986,2,1,1,80,Transit
97.151798644055,802.666536094922,328.885151057586,108.475205275818,188.475205275818,2,1,1,80,Transit
97.4899244551768,804.973049129678,329.83022333074,109.489582709183,189.489582709183,2,1,1,80,Transit
97.8247625373007,807.279562164433,330.775295603894,110.494096955555,190.494096955555,2,1,1,80,Transit
98.1563128908225,809.586075199189,331.720367877048,111.48874801612,191.48874801612,2,1,1,80,Transit
98.4845755153352,811.892588233944,332.665440150202,112.473535889658,192.473535889658,2,1,1,80,Transit
98.8095504112424,814.1991012687,333.610512423356,113.44846057738,193.44846057738,2,1,1,80,Transit
99.1250876275671,816.505614303455,334.55558469651,114.395072226354,194.395072226354,2,1,1,80,Transit
99.4390879955412,818.812127338211,335.500656969664,115.337073330276,195.337073330276,2,1,1,80,Transit
99.7563760925183,821.118640372966,336.445729242818,116.288937621207,196.288937621207,2,1,1,80,Transit
100.077332373527,823.425153407722,337.390801515972,117.251806464233,197.251806464233,2,1,1,80,Transit
100.408929949499,825.731666442477,338.335873789126,118.246599192151,198.246599192151,2,1,1,80,Transit
100.735595932253,828.038179477233,339.28094606228,119.226597140413,199.226597140413,2,1,1,80,Transit
101.057330321603,830.344692511988,340.226018335434,120.191800308461,200.191800308461,2,1,1,80,Transit
101.374133117942,832.651205546744,341.171090608588,121.142208697479,201.142208697479,2,1,1,80,Transit
101.686004320874,834.957718581499,342.116162881742,122.077822306276,202.077822306276,2,1,1,80,Transit
101.992943930792,837.264231616255,343.061235154896,122.998641136027,202.998641136027,2,1,1,80,Transit
102.294951947495,839.57074465101,344.00630742805,123.904665186138,203.904665186138,2,1,1,80,Transit
102.592028370802,841.877257685766,344.951379701204,124.795894456059,204.795894456059,2,1,1,80,Transit
102.884173201086,844.183770720521,345.896451974358,125.67232894691,205.67232894691,2,1,1,80,Transit
103.171386437976,846.490283755277,346.841524247512,126.53396865758,206.53396865758,2,1,1,80,Transit
103.453668081837,848.796796790032,347.786596520666,127.380813589165,207.380813589165,2,1,1,80,Transit
103.731018132491,851.103309824788,348.73166879382,128.212863741124,208.212863741124,2,1,1,80,Transit
104.012994032496,853.409822859543,349.676741066974,129.05879144114,209.05879144114,2,1,1,80,Transit
104.304902493208,855.716335894299,350.621813340128,129.934516823277,209.934516823277,2,1,1,80,Transit
104.603386411342,858.022848929054,351.566885613281,130.829968577679,210.829968577679,2,1,1,80,Transit
104.908445787281,860.32936196381,352.511957886435,131.745146705496,211.745146705496,2,1,1,80,Transit
105.220080620835,862.635874998566,353.457030159589,132.680051206158,212.680051206158,2,1,1,80,Transit
105.538290911808,864.942388033321,354.402102432743,133.634682079076,213.634682079076,2,1,1,80,Transit
105.863076660589,867.248901068077,355.347174705897,134.609039325419,214.609039325419,2,1,1,80,Transit
106.194437866781,869.555414102832,356.292246979051,135.603122943996,215.603122943996,2,1,1,80,Transit
106.532374530796,871.861927137588,357.237319252205,136.61693293604,216.61693293604,2,1,1,80,Transit
106.876886652418,874.168440172343,358.182391525359,137.650469300908,217.650469300908,2,1,1,80,Transit
107.227974231456,876.474953207099,359.127463798513,138.703732038022,218.703732038022,2,1,1,80,Transit
107.585637268306,878.781466241854,360.072536071667,139.776721148571,219.776721148571,2,1,1,80,Transit
107.949874643283,881.08797927661,361.017608344821,140.8694332735,220.8694332735,2,1,1,80,Transit
108.312515202632,883.394492311365,361.962680617975,141.957354951547,221.957354951547,2,1,1,80,Transit
108.668580304367,885.701005346121,362.907752891129,143.025550256752,223.025550256752,2,1,1,80,Transit
109.01806994829,888.007518380876,363.852825164283,144.074019188521,224.074019188521,2,1,1,80,Transit
109.360984134798,890.314031415632,364.797897437437,145.102761748047,225.102761748047,2,1,1,80,Transit
109.677335710932,892.620544450387,365.742969710591,146.051816476449,226.051816476449,2,1,1,80,Transit
109.988294803556,894.927057485143,366.688041983745,146.984693754319,226.984693754319,2,1,1,80,Transit
110.295966167372,897.233570519898,367.633114256899,147.907707845768,227.907707845768,2,1,1,80,Transit
110.600349802175,899.540083554654,368.578186530053,148.820858750179,228.820858750179,2,1,1,80,Transit
110.901445708379,901.846596589409,369.523258803207,149.724146468788,229.724146468788,2,1,1,80,Transit
111.199253885768,904.153109624165,370.468331076361,150.617571000956,230.617571000956,2,1,1,80,Transit
111.493774334159,906.45962265892,371.413403349515,151.501132346131,231.501132346131,2,1,1,80,Transit
111.785007053943,908.766135693676,372.358475622669,152.37483050548,232.37483050548,2,1,1,80,Transit
112.27328506215,913.379161763187,374.248620168977,153.839664530104,233.839664530104,2,1,1,80,Transit
112.747780673579,917.992187832698,376.138764715285,155.26315136439,235.26315136439,2,1,1,80,Transit
113.215700827395,922.605213902209,378.028909261593,156.666911825837,236.666911825837,2,1,1,80,Transit
113.67704552376,927.21823997172,379.919053807901,158.050945914933,238.050945914933,2,1,1,80,Transit
114.131814762349,931.831266041231,381.809198354209,159.415253630699,239.415253630699,2,1,1,80,Transit
114.631814762349,931.831266041231,381.809198354209,159.415253630699,239.415253630699,5,1,1,80,Hover
115.131814762349,931.831266041231,381.809198354209,159.415253630699,239.415253630699,5,1,1,80,Hover
115.631814762349,931.831266041231,381.809198354209,159.415253630699,239.415253630699,5,1,1,80,Hover
116.131814762349,931.831266041231,381.809198354209,159.415253630699,239.415253630699,5,1,1,80,Hover
116.631814762349,931.831266041231,381.809198354209,159.415253630699,239.415253630699,5,1,1,80,Hover
117.131814762349,931.831266041231,381.809198354209,159.415253630699,239.415253630699,5,1,1,80,Hover
117.631814762349,931.831266041231,381.809198354209,159.415253630699,239.415253630699,5,1,1,80,Hover
118.131814762349,931.831266041231,381.809198354209,159.415253630699,239.415253630699,5,1,1,80,Hover
118.631814762349,931.831266041231,381.809198354209,159.415253630699,239.415253630699,5,1,1,80,Hover
119.131814762349,931.831266041231,381.809198354209,159.415253630699,239.415253630699,5,1,1,80,Hover
119.412453565947,934.315264513876,381.588102393932,160.257170041493,240.257170041493,3,2,1,80,Route
119.693506538311,936.79926298652,381.367006433656,161.100328958586,241.100328958586,3,2,1,80,Route
120.186721199595,941.767259931809,380.924814513103,162.579972942436,242.579972942436,3,2,1,80,Route
120.664422437897,946.735256877097,380.48262259255,164.013076657344,244.013076657344,3,2,1,80,Route
121.142123676213,951.703253822386,380.040430671997,165.44618037229,245.44618037229,3,2,1,80,Route
121.619824914515,956.671250767675,379.598238751444,166.879284087198,246.879284087198,3,2,1,80,Route
122.097526152831,961.639247712964,379.156046830891,168.312387802144,248.312387802144,3,2,1,80,Route
122.563150510272,966.607244658252,378.713854910338,169.709260874468,249.709260874468,3,2,1,80,Route
122.895659673675,971.575241603541,378.271662989785,170.550247217322,250.550247217322,3,2,1,80,Route
123.228168837077,976.54323854883,377.829471069231,171.361413419723,251.361413419723,3,2,1,80,Route
123.56067800048,981.511235494118,377.387279148678,172.142759481673,252.142759481673,3,2,1,80,Route
123.893187163882,986.479232439407,376.945087228125,172.89428540318,252.89428540318,3,2,1,80,Route
124.225696327285,991.447229384696,376.502895307572,173.615991184264,253.615991184264,3,2,1,80,Route
124.558205490687,996.415226329984,376.060703387019,174.352399052936,254.352399052936,3,2,1,80,Route
124.89071465409,1001.38322327527,375.618511466466,175.178375721628,255.178375721628,3,2,1,80,Route
125.223223817492,1006.35122022056,375.176319545913,176.004352390358,256.004352390358,3,2,1,80,Route
125.555732980895,1011.31921716585,374.73412762536,176.830329059051,256.830329059051,3,2,1,80,Route
125.888242144298,1016.28721411114,374.291935704807,177.656305727781,257.656305727781,3,2,1,80,Route
126.2207513077,1021.25521105643,373.849743784254,178.482282396473,258.482282396473,3,2,1,80,Route
126.553260471103,1026.22320800172,373.407551863701,179.457551357368,259.457551357368,3,2,1,80,Route
126.915877280391,1031.19120494701,372.965359943148,180.545401785233,260.545401785233,3,2,1,80,Route
127.275180740726,1036.15920189229,372.523168022595,181.623312166239,261.623312166239,3,2,1,80,Route
127.631170852141,1041.12719883758,372.080976102042,182.691282500482,262.691282500482,3,2,1,80,Route
127.983847614599,1046.09519578287,371.638784181489,183.749312787859,263.749312787859,3,2,1,80,Route
128.33321102814,1051.06319272816,371.196592260936,184.797403028481,264.797403028481,3,2,1,80,Route
128.665720191543,1056.03118967345,370.754400340383,185.723044415822,265.723044415822,3,2,1,80,Route
128.998229354945,1060.99918661874,370.31220841983,186.606008314708,266.606008314708,3,2,1,80,Route
129.330738518348,1065.96718356403,369.870016499277,187.474062143451,267.474062143451,3,2,1,80,Route
129.66324768175,1070.93518050931,369.427824578724,188.32720590189,268.32720590189,3,2,1,80,Route
129.995756845153,1075.9031774546,368.98563265817,189.1654395902,269.1654395902,3,2,1,80,Route
130.328266008556,1080.87117439989,368.543440737617,189.983250496671,269.983250496671,3,2,1,80,Route
130.660775171958,1085.83917134518,368.101248817064,190.683788946543,270.683788946543,3,2,1,80,Route
130.993284335361,1090.80716829047,367.659056896511,191.399237466729,271.399237466729,3,2,1,80,Route
131.325793498763,1095.77516523576,367.216864975958,192.129596057046,272.129596057046,3,2,1,80,Route
131.658302662166,1100.74316218105,366.774673055405,192.874864717664,272.874864717664,3,2,1,80,Route
131.990811825568,1105.71115912634,366.332481134852,193.635043448427,273.635043448426,3,2,1,80,Route
132.323320988971,1110.67915607162,365.890289214299,194.608495099289,274.608495099289,3,2,1,80,Route
132.816715047202,1115.64715301691,365.448097293746,196.088677273982,276.088677273983,3,2,1,80,Route
133.066518341032,1118.13115148956,365.22700133347,196.838087155471,276.838087155471,3,2,1,80,Route
133.318392477781,1120.6151499622,365.005905373193,197.593709565719,277.593709565719,3,2,1,80,Route
133.570841870284,1123.09914843485,364.784809412917,198.351057743228,278.351057743228,3,2,1,80,Route
133.821971568752,1125.58314690749,364.56371345264,199.104446838631,279.104446838631,3,2,1,80,Route
134.073101267373,1128.06714538013,364.342617492363,199.857835934495,279.857835934495,3,2,1,80,Route
134.324230965824,1130.55114385278,364.121521532087,200.611225029848,280.611225029848,3,2,1,80,Route
134.575360664445,1133.03514232542,363.90042557181,201.364614125712,281.364614125712,3,2,1,80,Route
134.826490362913,1135.51914079807,363.679329611534,202.118003221115,282.118003221115,3,2,1,80,Route
135.235684837981,1140.48713774336,363.237137690981,203.345586646319,283.345586646319,3,2,1,80,Route
135.568194001384,1145.45513468865,362.794945770428,204.331038595211,284.331038595211,3,2,1,80,Route
135.900703164786,1150.42313163393,362.352753849875,205.316490544153,285.316490544153,3,2,1,80,Route
136.233212328189,1155.39112857922,361.910561929322,206.301942493045,286.301942493045,3,2,1,80,Route
136.565721491591,1160.35912552451,361.468370008769,207.287394442294,287.287394442294,3,2,1,80,Route
136.898230654994,1165.3271224698,361.026178088215,208.272846391186,288.272846391186,3,2,1,80,Route
137.230739818396,1170.29511941509,360.583986167662,208.346006345108,288.346006345108,3,2,1,80,Route
137.563248981799,1175.26311636038,360.141794247109,208.172192067918,288.172192067918,3,2,1,80,Route
137.895758145202,1180.23111330567,359.699602326556,208.008317837544,288.008317837544,3,2,1,80,Route
138.228267308604,1185.19911025096,359.257410406003,207.854383654023,287.854383654023,3,2,1,80,Route
138.560776472007,1190.16710719624,358.81521848545,207.71038951728,287.71038951728,3,2,1,80,Route
138.893285635409,1195.13510414153,358.373026564897,207.564970916679,287.564970916679,3,2,1,80,Route
139.225794798812,1200.10310108682,357.930834644344,206.993165723037,286.993165723037,3,2,1,80,Route
139.558303962214,1205.07109803211,357.488642723791,206.396510412351,286.396510412351,3,2,1,80,Route
139.890813125617,1210.0390949774,357.046450803238,205.77500498468,285.77500498468,3,2,1,80,Route
140.223322289019,1215.00709192269,356.604258882685,205.128649439919,285.128649439919,3,2,1,80,Route
140.555831452422,1219.97508886798,356.162066962132,204.457443778195,284.457443778195,3,2,1,80,Route
140.888340615825,1224.94308581326,355.719875041579,203.925879006931,283.925879006931,3,2,1,80,Route
141.220849779227,1229.91108275855,355.277683121026,203.825778069164,283.825778069164,3,2,1,80,Route
141.55335894263,1234.87907970384,354.835491200473,203.725677131308,283.725677131308,3,2,1,80,Route
141.885868106032,1239.84707664913,354.39329927992,203.625576193451,283.625576193451,3,2,1,80,Route
142.218377269435,1244.81507359442,353.951107359367,203.525475255684,283.525475255684,3,2,1,80,Route
142.550886432837,1249.78307053971,353.508915438814,203.425374317828,283.425374317828,3,2,1,80,Route
142.88339559624,1254.751067485,353.066723518261,203.774770615391,283.774770615391,3,2,1,80,Route
143.215904759643,1259.71906443029,352.624531597708,204.543546748164,284.543546748164,3,2,1,80,Route
143.548413923045,1264.68706137557,352.182339677154,205.312322880938,285.312322880938,3,2,1,80,Route
143.880923086448,1269.65505832086,351.740147756601,206.081099013801,286.081099013801,3,2,1,80,Route
144.21343224985,1274.62305526615,351.297955836048,206.849875146575,286.849875146575,3,2,1,80,Route
144.545941413253,1279.59105221144,350.855763915495,207.618651279438,287.618651279438,3,2,1,80,Route
144.878450576655,1284.55904915673,350.413571994942,208.457957684508,288.457957684508,3,2,1,80,Route
145.210959740058,1289.52704610202,349.971380074389,209.314818392611,289.314818392611,3,2,1,80,Route
145.54346890346,1294.49504304731,349.529188153836,210.166709077215,290.166709077215,3,2,1,80,Route
145.875978066863,1299.4630399926,349.086996233283,211.013629738411,291.013629738411,3,2,1,80,Route
146.208487230266,1304.43103693788,348.64480431273,211.855580376297,291.855580376297,3,2,1,80,Route
146.540996393668,1309.39903388317,348.202612392177,212.691244608699,292.691244608699,3,2,1,80,Route
146.873505557071,1314.36703082846,347.760420471624,213.368186015457,293.368186015457,3,2,1,80,Route
147.206014720473,1319.33502777375,347.318228551071,214.050097445521,294.050097445521,3,2,1,80,Route
147.538523883876,1324.30302471904,346.876036630518,214.736978898994,294.736978898994,3,2,1,80,Route
147.871033047278,1329.27102166433,346.433844709965,215.42883037597,295.42883037597,3,2,1,80,Route
148.203542210681,1334.23901860962,345.991652789412,216.125651876258,296.125651876258,3,2,1,80,Route
148.536051374084,1339.2070155549,345.549460868859,216.860486346818,296.860486346818,3,2,1,80,Route
148.868560537486,1344.17501250019,345.107268948306,217.691277065302,297.691277065302,3,2,1,80,Route
149.201069700889,1349.14300944548,344.665077027753,218.517097760377,298.517097760377,3,2,1,80,Route
149.533578864291,1354.11100639077,344.2228851072,219.337948432141,299.337948432141,3,2,1,80,Route
149.866088027694,1359.07900333606,343.780693186646,220.153829080401,300.153829080401,3,2,1,80,Route
150.198597191096,1364.04700028135,343.338501266093,220.964739705354,300.964739705354,3,2,1,80,Route
150.531106354499,1369.01499722664,342.89630934554,221.757152195562,301.757152195562,3,2,1,80,Route
150.863615517901,1373.98299417193,342.454117424987,222.545919870848,302.545919870848,3,2,1,80,Route
151.196124681304,1378.95099111721,342.011925504434,223.349597616261,303.349597616261,3,2,1,80,Route
151.528633844707,1383.9189880625,341.569733583881,224.1681854319,304.1681854319,3,2,1,80,Route
151.861143008109,1388.88698500779,341.127541663328,225.001683317837,305.001683317837,3,2,1,80,Route
152.193652171512,1393.85498195308,340.685349742775,225.850091273921,305.850091273921,3,2,1,80,Route
152.526161334914,1398.82297889837,340.243157822222,226.090702140086,306.090702140086,3,2,1,80,Route
152.858670498317,1403.79097584366,339.800965901669,226.149930289014,306.149930289014,3,2,1,80,Route
153.191179661719,1408.75897278895,339.358773981116,226.243948601804,306.243948601803,3,2,1,80,Route
153.523688825122,1413.72696973424,338.916582060563,226.372757078462,306.372757078462,3,2,1,80,Route
153.856197988525,1418.69496667952,338.47439014001,226.536355718961,306.536355718961,3,2,1,80,Route
154.188707151927,1423.66296362481,338.032198219457,226.734744523298,306.734744523298,3,2,1,80,Route
154.52121631533,1428.6309605701,337.590006298904,226.644041519133,306.644041519133,3,2,1,80,Route
154.853725478732,1433.59895751539,337.147814378351,226.579914389196,306.579914389196,3,2,1,80,Route
155.186234642135,1438.56695446068,336.705622457798,226.54560739975,306.54560739975,3,2,1,80,Route
155.518743805537,1443.53495140597,336.263430537245,226.541120550756,306.541120550756,3,2,1,80,Route
155.85125296894,1448.50294835126,335.821238616692,226.566453842122,306.566453842122,3,2,1,80,Route
156.183762132342,1453.47094529654,335.379046696139,226.588201942189,306.588201942189,3,2,1,80,Route
156.516271295745,1458.43894224183,334.936854775585,226.519018433296,306.519018433296,3,2,1,80,Route
156.848780459148,1463.40693918712,334.494662855032,226.45977497127,306.45977497127,3,2,1,80,Route
157.18128962255,1468.37493613241,334.052470934479,226.410471556116,306.410471556116,3,2,1,80,Route
157.513798785953,1473.3429330777,333.610279013926,226.337179094509,306.337179094509,3,2,1,80,Route
157.846307949355,1478.31093002299,333.168087093373,226.264855371046,306.264855371046,3,2,1,80,Route
158.178817112758,1483.27892696828,332.72589517282,226.118903197291,306.118903197291,3,2,1,80,Route
158.51132627616,1488.24692391357,332.283703252267,225.892684153331,305.892684153331,3,2,1,80,Route
158.843835439563,1493.21492085885,331.841511331714,225.676405156089,305.676405156089,3,2,1,80,Route
159.176344602966,1498.18291780414,331.399319411161,225.470066205759,305.470066205759,3,2,1,80,Route
159.508853766368,1503.15091474943,330.957127490608,225.273667302247,305.273667302247,3,2,1,80,Route
159.841362929771,1508.11891169472,330.514935570055,225.087208445438,305.087208445438,3,2,1,80,Route
160.173872093173,1513.08690864001,330.072743649502,225.36797155242,305.36797155242,3,2,1,80,Route
160.506381256576,1518.0549055853,329.630551728949,225.818088156704,305.818088156704,3,2,1,80,Route
160.838890419978,1523.02290253059,329.188359808396,226.263234737693,306.263234737693,3,2,1,80,Route
161.171399583381,1527.99089947588,328.746167887843,226.703411295273,306.703411295273,3,2,1,80,Route
161.503908746783,1532.95889642116,328.30397596729,227.13861782934,307.13861782934,3,2,1,80,Route
161.836417910186,1537.92689336645,327.861784046737,227.568854340104,307.568854340104,3,2,1,80,Route
162.098802847834,1540.4108918391,327.64068808646,228.356009153048,308.356009153048,3,2,1,80,Route
162.372211494621,1542.89489031174,327.419592126184,229.176235093409,309.176235093409,3,2,1,80,Route
162.645205972674,1545.37888878439,327.198496165907,229.995218527568,309.995218527568,3,2,1,80,Route
162.917786282226,1547.86288725703,326.977400205631,230.812959456224,310.812959456224,3,2,1,80,Route
163.189952423012,1550.34688572967,326.756304245354,231.629457878581,311.629457878581,3,2,1,80,Route
163.46170439533,1552.83088420232,326.535208285077,232.444713795536,312.444713795536,3,2,1,80,Route
163.733042198913,1555.31488267496,326.314112324801,233.258727206285,313.258727206285,3,2,1,80,Route
164.003965833997,1557.79888114761,326.093016364524,234.071498111536,314.071498111536,3,2,1,80,Route
164.274475300314,1560.28287962025,325.871920404248,234.883026510488,314.883026510488,3,2,1,80,Route
164.544570598194,1562.7668780929,325.650824443971,235.693312404128,315.693312404128,3,2,1,80,Route
164.814251727277,1565.25087656554,325.429728483695,236.502355791378,316.502355791378,3,2,1,80,Route
165.135752385691,1567.73487503819,325.208632523418,237.46685776662,317.46685776662,3,2,1,80,Route
165.523936565959,1570.21887351083,324.987536563142,238.631410307422,318.631410307422,3,2,1,80,Route
165.910464071948,1572.70287198347,324.766440602865,239.790992825389,319.790992825389,3,2,1,80,Route
166.29533490325,1575.18687045612,324.545344642589,240.945605319297,320.945605319297,3,2,1,80,Route
166.678549060303,1577.67086892876,324.324248682312,242.095247790454,322.095247790454,3,2,1,80,Route
167.060106542691,1580.15486740141,324.103152722036,243.23992023762,323.23992023762,3,2,1,80,Route
167.440007350806,1582.63886587405,323.882056761759,244.379622661963,324.379622661963,3,2,1,80,Route
167.818251484235,1585.1228643467,323.660960801483,245.514355062253,325.514355062253,3,2,1,80,Route
168.194838943431,1587.60686281934,323.439864841206,246.644117439838,326.644117439838,3,2,1,80,Route
168.569769727923,1590.09086129198,323.21876888093,247.768909793316,327.768909793316,3,2,1,80,Route
168.943043838163,1592.57485976463,322.997672920653,248.888732124035,328.888732124035,3,2,1,80,Route
169.31466127372,1595.05885823727,322.776576960377,250.003584430706,330.003584430706,3,2,1,80,Route
169.69735927243,1597.54285670992,322.5554810001,251.151678426837,331.151678426837,3,2,1,80,Route
170.081022736595,1600.02685518256,322.334385039823,252.302668819332,332.302668819332,3,2,1,80,Route
170.464686200982,1602.51085365521,322.113289079547,253.453659212491,333.453659212491,3,2,1,80,Route
170.848349665159,1604.99485212785,321.89219311927,254.604649605024,334.604649605024,3,2,1,80,Route
171.232013129546,1607.47885060049,321.671097158994,255.755639998183,335.755639998183,3,2,1,80,Route
171.61567659371,1609.96284907314,321.450001198717,256.906630390677,336.906630390677,3,2,1,80,Route
171.999340058097,1612.44684754578,321.228905238441,258.057620783836,338.057620783836,3,2,1,80,Route
172.383003522496,1614.93084601843,321.007809278164,259.208611177034,339.208611177034,3,2,1,80,Route
172.766666986661,1617.41484449107,320.786713317888,260.359601569528,340.359601569528,3,2,1,80,Route
173.150330451047,1619.89884296372,320.565617357611,261.510591962688,341.510591962688,3,2,1,80,Route
173.533993915225,1622.38284143636,320.344521397335,262.66158235522,342.66158235522,3,2,1,80,Route
173.870700392848,1624.866839909,320.123425437058,263.671701788092,343.671701788092,3,2,1,80,Route
174.140970178434,1627.35083838165,319.902329476782,264.482511144849,344.482511144849,3,2,1,80,Route
174.410411626952,1629.83483685429,319.681233516505,265.290835490401,345.290835490401,3,2,1,80,Route
174.679024738069,1632.31883532694,319.460137556229,266.096674823753,346.096674823753,3,2,1,80,Route
174.946809512106,1634.80283379958,319.239041595952,266.900029145865,346.900029145865,3,2,1,80,Route
175.213765948756,1637.28683227223,319.017945635676,267.700898455813,347.700898455813,3,2,1,80,Route
175.479894048333,1639.77083074487,318.796849675399,268.499282754545,348.499282754545,3,2,1,80,Route
175.745193810514,1642.25482921752,318.575753715123,269.295182041087,349.295182041087,3,2,1,80,Route
176.009665235614,1644.73882769016,318.354657754846,270.088596316388,350.088596316388,3,2,1,80,Route
176.273308323333,1647.2228261628,318.13356179457,270.879525579544,350.879525579544,3,2,1,80,Route
176.536123073964,1649.70682463545,317.912465834293,271.667969831438,351.667969831438,3,2,1,80,Route
176.798109487208,1652.19082310809,317.691369874016,272.45392907117,352.45392907117,3,2,1,80,Route
177.04875277356,1654.67482158074,317.47027391374,273.205858930225,353.205858930225,3,2,1,80,Route
177.29867633483,1657.15882005338,317.249177953463,273.955629614037,353.955629614037,3,2,1,80,Route
177.549014064859,1659.64281852603,317.028081993187,274.706642804123,354.706642804123,3,2,1,80,Route
177.799765963359,1662.12681699867,316.80698603291,275.458898499623,355.458898499623,3,2,1,80,Route
178.050932030628,1664.61081547131,316.585890072634,276.212396701429,356.212396701429,3,2,1,80,Route
178.302512266362,1667.09481394396,316.364794112357,276.967137408632,356.967137408632,3,2,1,80,Route
178.554506670859,1669.5788124166,316.143698152081,277.723120622124,357.723120622124,3,2,1,80,Route
178.806915243834,1672.06281088925,315.922602191804,278.48034634105,358.48034634105,3,2,1,80,Route
179.059737985566,1674.54680936189,315.701506231528,279.238814566245,359.238814566245,3,2,1,80,Route
179.312974895769,1677.03080783454,315.480410271251,279.998525296852,359.998525296852,3,2,1,80,Route
179.758575474373,1681.99880477983,315.038218350698,281.335327032665,361.335327032665,3,2,1,80,Route
180.091084637776,1686.96680172511,314.596026430145,281.930108972223,361.930108972223,3,2,1,80,Route
180.423593801178,1691.9347986704,314.153834509592,282.534830958625,362.534830958625,3,2,1,80,Route
180.756102964581,1696.90279561569,313.711642589039,283.149492991805,363.149492991805,3,2,1,80,Route
181.088612127983,1701.87079256098,313.269450668486,283.774095071838,363.774095071838,3,2,1,80,Route
181.421121291386,1706.83878950627,312.827258747933,284.408637198689,364.408637198689,3,2,1,80,Route
181.753630454788,1711.80678645156,312.38506682738,284.945339607805,364.945339607805,3,2,1,80,Route
182.086139618191,1716.77478339685,311.942874906827,285.350090971974,365.350090971974,3,2,1,80,Route
182.418648781594,1721.74278034213,311.500682986274,285.754842336092,365.754842336092,3,2,1,80,Route
182.751157944996,1726.71077728742,311.058491065721,286.159593700262,366.159593700262,3,2,1,80,Route
183.083667108399,1731.67877423271,310.616299145168,286.564345064431,366.564345064431,3,2,1,80,Route
183.416176271801,1736.646771178,310.174107224615,286.969096428549,366.969096428549,3,2,1,80,Route
183.750910112732,1741.61476812329,309.731915304062,287.97329795134,367.97329795134,3,2,1,80,Route
184.175452924314,1746.58276506858,309.289723383508,289.246926386089,369.246926386089,3,2,1,80,Route
184.599995735914,1751.55076201387,308.847531462955,290.520554820888,370.520554820888,3,2,1,80,Route
185.024538547497,1756.51875895916,308.405339542402,291.794183255637,371.794183255637,3,2,1,80,Route
185.449081359097,1761.48675590444,307.963147621849,293.067811690436,373.067811690436,3,2,1,80,Route
185.873624170816,1766.45475284973,307.520955701296,294.341440125594,374.341440125594,3,2,1,80,Route
186.183292762911,1768.93875132238,307.29985974102,295.270445901879,375.270445901879,3,2,1,80,Route
186.507809863128,1771.42274979502,307.078763780743,296.243997202528,376.243997202528,3,2,1,80,Route
186.832741131775,1773.90674826767,306.857667820467,297.218791008471,377.218791008471,3,2,1,80,Route
187.158086569244,1776.39074674031,306.63657186019,298.194827320878,378.194827320878,3,2,1,80,Route
187.483846175126,1778.87474521295,306.415475899914,299.172106138524,379.172106138524,3,2,1,80,Route
187.810019949811,1781.3587436856,306.194379939637,300.150627462579,380.150627462579,3,2,1,80,Route
188.136607892947,1783.84274215824,305.973283979361,301.130391291986,381.130391291986,3,2,1,80,Route
188.463610004866,1786.32674063089,305.752188019084,302.111397627745,382.111397627745,3,2,1,80,Route
188.791026285217,1788.81073910353,305.531092058808,303.093646468796,383.093646468796,3,2,1,80,Route
189.118856734391,1791.29473757618,305.309996098531,304.077137816319,384.077137816319,3,2,1,80,Route
189.447101351976,1793.77873604882,305.088900138254,305.061871669073,385.061871669073,3,2,1,80,Route
189.764667122203,1796.26273452147,304.867804177978,306.014568979754,386.014568979754,3,2,1,80,Route
190.063345425353,1798.74673299411,304.646708217701,306.910603889203,386.910603889203,3,2,1,80,Route
190.362852065928,1801.23073146675,304.425612257425,307.80912381093,387.80912381093,3,2,1,80,Route
190.663187043546,1803.7147299394,304.204516297148,308.710128743785,388.710128743785,3,2,1,80,Route
190.964350358568,1806.19872841204,303.983420336872,309.61361868885,389.61361868885,3,2,1,80,Route
191.266342010679,1808.68272688469,303.762324376595,310.519593645184,390.519593645184,3,2,1,80,Route
191.56916200017,1811.16672535733,303.541228416319,311.428053613656,391.428053613656,3,2,1,80,Route
191.872810326725,1813.65072382998,303.320132456042,312.33899859332,392.33899859332,3,2,1,80,Route
192.177286990684,1816.13472230262,303.099036495766,313.252428585196,393.252428585196,3,2,1,80,Route
192.487118006784,1818.61872077526,302.877940535489,314.181921633496,394.181921633496,3,2,1,80,Route
192.8002255707,1821.10271924791,302.656844575213,315.121244325245,395.121244325245,3,2,1,80,Route
193.114989808913,1823.58671772055,302.435748614936,316.065537039884,396.065537039884,3,2,1,80,Route
193.552892435062,1826.0707161932,302.21465265466,317.379244918331,397.379244918331,3,2,1,80,Route
194.012319111964,1828.55471466584,301.993556694383,318.757524949037,398.757524949037,3,2,1,80,Route
194.472159957739,1831.03871313849,301.772460734107,320.137047486362,400.137047486362,3,2,1,80,Route
194.932414971874,1833.52271161113,301.55136477383,321.517812528768,401.517812528768,3,2,1,80,Route
195.393084154928,1836.00671008378,301.330268813554,322.899820077929,402.899820077929,3,2,1,80,Route
195.854167506298,1838.49070855642,301.109172853277,324.283070132039,404.283070132039,3,2,1,80,Route
196.315665026542,1840.97470702906,300.888076893001,325.66756269277,405.66756269277,3,2,1,80,Route
196.777576715191,1843.45870550171,300.666980932724,327.053297758718,407.053297758718,3,2,1,80,Route
197.239902572669,1845.94270397435,300.445884972447,328.440275331153,408.440275331153,3,2,1,80,Route
197.702642598507,1848.426702447,300.224789012171,329.828495408667,409.828495408667,3,2,1,80,Route
198.165796793266,1850.91070091964,300.003693051894,331.217957992944,411.217957992944,3,2,1,80,Route
198.475812137898,1852.5666999014,299.856295745043,332.148004026839,412.148004026839,3,2,1,80,Route
198.851829287253,1854.22269888317,299.708898438192,333.276055474904,413.276055474904,3,2,1,80,Route
199.227110136843,1855.87869786493,299.561501131341,334.401898023675,414.401898023675,3,2,1,80,Route
199.60165468667,1857.53469684669,299.41410382449,335.525531673154,415.525531673154,3,2,1,80,Route
199.975462936732,1859.19069582846,299.266706517639,336.64695642334,416.64695642334,3,2,1,80,Route
200.348534887029,1860.84669481022,299.119309210788,337.766172274233,417.766172274233,3,2,1,80,Route
200.720870537563,1862.50269379198,298.971911903937,338.883179225833,418.883179225833,3,2,1,80,Route
201.092469888292,1864.15869277374,298.824514597086,339.997977278021,419.997977278021,3,2,1,80,Route
201.463332939298,1865.81469175551,298.677117290235,341.110566431039,421.110566431039,3,2,1,80,Route
201.833459690539,1867.47069073727,298.529719983384,342.220946684763,422.220946684763,3,2,1,80,Route
202.202850142017,1869.12668971903,298.382322676533,343.329118039195,423.329118039195,3,2,1,80,Route
202.57150429373,1870.7826887008,298.234925369682,344.435080494334,424.435080494334,3,2,1,80,Route
202.939422145678,1872.43868768256,298.087528062831,345.538834050181,425.538834050181,3,2,1,80,Route
203.306603697863,1874.09468666432,297.94013075598,346.640378706734,426.640378706734,3,2,1,80,Route
203.67304895025,1875.75068564608,297.792733449129,347.739714463895,427.739714463895,3,2,1,80,Route
204.038757902907,1877.40668462785,297.645336142278,348.836841321866,428.836841321866,3,2,1,80,Route
204.403730555799,1879.06268360961,297.497938835427,349.931759280544,429.931759280544,3,2,1,80,Route
204.767966908928,1880.71868259137,297.350541528576,351.024468339929,431.024468339929,3,2,1,80,Route
205.133486576059,1883.20268106402,297.1294455683,352.121027341323,432.121027341323,3,2,1,80,Route
205.462844573064,1885.68667953666,296.908349608023,353.109101332336,433.109101332336,3,2,1,80,Route
205.791788401237,1888.17067800931,296.687253647747,354.095932816858,434.095932816858,3,2,1,80,Route
206.120318060978,1890.65467648195,296.46615768747,355.081521796081,435.081521796081,3,2,1,80,Route
206.448433551946,1893.13867495459,296.245061727193,356.065868268985,436.065868268985,3,2,1,80,Route
206.776134874453,1895.62267342724,296.023965766917,357.048972236504,437.048972236504,3,2,1,80,Route
207.103422028158,1898.10667189988,295.80286980664,358.030833697621,438.030833697621,3,2,1,80,Route
207.430295013431,1900.59067037253,295.581773846364,359.011452653437,439.011452653437,3,2,1,80,Route
207.756753829929,1903.07466884517,295.360677886087,359.990829102932,439.990829102932,3,2,1,80,Route
208.082798477967,1905.55866731782,295.139581925811,360.968963047045,440.968963047045,3,2,1,80,Route
208.408428957204,1908.04266579046,294.918485965534,361.945854484758,441.945854484758,3,2,1,80,Route
208.696716069306,1910.52666426311,294.697390005258,362.810715821065,442.810715821065,3,2,1,80,Route
209.12262717796,1915.49466120839,294.255198084705,364.088449147027,444.088449147027,3,2,1,80,Route
209.553508310049,1920.46265815368,293.813006164152,365.381092543292,445.381092543292,3,2,1,80,Route
209.989359465514,1925.43065509897,293.370814243599,366.688646009686,446.688646009686,3,2,1,80,Route
210.430180644417,1930.39865204426,292.928622323046,368.011109546397,448.011109546397,3,2,1,80,Route
210.875971846692,1935.36664898955,292.486430402492,369.348483153222,449.348483153222,3,2,1,80,Route
211.247423516895,1940.33464593484,292.044238481939,370.46283816383,450.46283816383,3,2,1,80,Route
211.579932680298,1945.30264288013,291.602046561386,371.24342564993,451.24342564993,3,2,1,80,Route
211.9124418437,1950.27063982541,291.159854640833,372.033953182722,452.033953182722,3,2,1,80,Route
212.244951007103,1955.2386367707,290.71766272028,372.834420762453,452.834420762453,3,2,1,80,Route
212.577460170505,1960.20663371599,290.275470799727,373.644828388866,453.644828388866,3,2,1,80,Route
212.909969333908,1965.17463066128,289.833278879174,374.465176062228,454.465176062228,3,2,1,80,Route
213.24247849731,1970.14262760657,289.391086958621,374.981439718951,454.981439718951,3,2,1,80,Route
213.574987660713,1975.11062455186,288.948895038068,375.32469197003,455.32469197003,3,2,1,80,Route
213.907496824116,1980.07862149715,288.506703117515,375.65800417443,455.65800417443,3,2,1,80,Route
214.240005987518,1985.04661844244,288.064511196962,375.981376331888,455.981376331888,3,2,1,80,Route
214.572515150921,1990.01461538772,287.622319276409,376.294808442658,456.294808442658,3,2,1,80,Route
214.905024314323,1994.98261233301,287.180127355856,376.598300506495,456.598300506495,3,2,1,80,Route
215.237533477726,1999.9506092783,286.737935435303,375.889188541734,455.889188541734,3,2,1,80,Route
215.570042641128,2004.91860622359,286.29574351475,375.071557294663,455.071557294663,3,2,1,80,Route
215.902551804531,2009.88660316888,285.853551594197,374.258896070879,454.258896070879,3,2,1,80,Route
216.235060967934,2014.85460011417,285.411359673644,373.451204870624,453.451204870624,3,2,1,80,Route
216.567570131336,2019.82259705946,284.969167753091,372.648483693651,452.648483693651,3,2,1,80,Route
216.900079294739,2024.79059400475,284.526975832538,371.835713865636,451.835713865636,3,2,1,80,Route
217.232588458141,2029.75859095003,284.084783911985,370.936062720673,450.936062720673,3,2,1,80,Route
217.565097621544,2034.72658789532,283.642591991431,370.036411575582,450.036411575582,3,2,1,80,Route
217.897606784946,2039.69458484061,283.200400070878,369.136760430618,449.136760430618,3,2,1,80,Route
218.230115948349,2044.6625817859,282.758208150325,368.237109285528,448.237109285528,3,2,1,80,Route
218.562625111751,2049.63057873119,282.316016229772,367.337458140564,447.337458140564,3,2,1,80,Route
218.895134275154,2054.59857567648,281.873824309219,366.641030361199,446.641030361199,3,2,1,80,Route
219.227643438557,2059.56657262177,281.431632388666,366.262705458459,446.262705458459,3,2,1,80,Route
219.560152601959,2064.53456956706,280.989440468113,365.884380555847,445.884380555847,3,2,1,80,Route
219.892661765362,2069.50256651234,280.54724854756,365.506055652954,445.506055652954,3,2,1,80,Route
220.225170928764,2074.47056345763,280.105056627007,365.127730750343,445.127730750343,3,2,1,80,Route
220.557680092167,2079.43856040292,279.662864706454,364.749405847603,444.749405847603,3,2,1,80,Route
220.890189255569,2084.40655734821,279.220672785901,364.642599280675,444.642599280675,3,2,1,80,Route
221.222698418972,2089.3745542935,278.778480865348,364.683555978862,444.683555978862,3,2,1,80,Route
221.555207582375,2094.34255123879,278.336288944795,364.714572630115,444.714572630115,3,2,1,80,Route
221.887716745777,2099.31054818408,277.894097024242,364.735649234671,444.735649234671,3,2,1,80,Route
222.22022590918,2104.27854512936,277.451905103689,364.746785792303,444.746785792303,3,2,1,80,Route
222.552735072582,2109.24654207465,277.009713183136,364.74798230323,444.74798230323,3,2,1,80,Route
222.885244235985,2114.21453901994,276.567521262583,365.329388625341,445.329388625341,3,2,1,80,Route
223.217753399387,2119.18253596523,276.12532934203,365.985461319247,445.985461319247,3,2,1,80,Route
223.55026256279,2124.15053291052,275.683137421477,366.636563989845,446.636563989845,3,2,1,80,Route
223.882771726193,2129.11852985581,275.240945500923,367.282696636941,447.282696636941,3,2,1,80,Route
224.215280889595,2134.0865268011,274.79875358037,367.923859260724,447.923859260724,3,2,1,80,Route
224.547790052998,2139.05452374639,274.356561659817,368.516205536782,448.516205536782,3,2,1,80,Route
224.8802992164,2144.02252069167,273.914369739264,368.799877285507,448.799877285507,3,2,1,80,Route
225.212808379803,2148.99051763696,273.472177818711,369.078579010823,449.078579010823,3,2,1,80,Route
225.545317543205,2153.95851458225,273.029985898158,369.352310712648,449.352310712648,3,2,1,80,Route
225.877826706608,2158.92651152754,272.587793977605,369.621072391149,449.621072391149,3,2,1,80,Route
226.210335870011,2163.89450847283,272.145602057052,369.884864046163,449.884864046163,3,2,1,80,Route
226.542845033413,2168.86250541812,271.703410136499,369.615128199105,449.615128199105,3,2,1,80,Route
226.884671251931,2173.83050236341,271.261218215946,368.589649543551,448.589649543551,3,2,1,80,Route
227.221527447046,2178.7984993087,270.819026295393,367.579080958207,447.579080958207,3,2,1,80,Route
227.554036610448,2183.76649625398,270.37683437484,366.583422443098,446.583422443098,3,2,1,80,Route
227.886545773851,2188.73449319927,269.934642454287,365.602673998187,445.602673998187,3,2,1,80,Route
228.219054937253,2193.70249014456,269.492450533734,364.636835623523,444.636835623523,3,2,1,80,Route
228.414559476254,2196.18648861721,269.271354573457,364.050322006519,444.050322006519,3,2,1,80,Route
228.728917185037,2198.67048708985,269.050258613181,363.107248880171,443.107248880171,3,2,1,80,Route
229.043689062236,2201.15448556249,268.829162652904,362.162933248575,442.162933248575,3,2,1,80,Route
229.358875108253,2203.63848403514,268.608066692628,361.217375110522,441.217375110522,3,2,1,80,Route
229.674475322698,2206.12248250778,268.386970732351,360.270574467187,440.270574467187,3,2,1,80,Route
229.990489705939,2208.60648098043,268.165874772075,359.322531317465,439.322531317465,3,2,1,80,Route
230.306918257618,2211.09047945307,267.944778811798,358.373245662428,438.373245662428,3,2,1,80,Route
230.623760978104,2213.57447792572,267.723682851522,357.422717500969,437.422717500969,3,2,1,80,Route
230.941017867008,2216.05847639836,267.502586891245,356.470946834259,436.470946834259,3,2,1,80,Route
231.258688924728,2218.542474871,267.281490930969,355.517933661097,435.517933661097,3,2,1,80,Route
231.576774151066,2221.02647334365,267.060394970692,354.563677982084,434.563677982084,3,2,1,80,Route
231.895273545831,2223.51047181629,266.839299010416,353.608179797791,433.608179797791,3,2,1,80,Route
232.263648301742,2225.99447028894,266.618203050139,352.503055530055,432.503055530055,3,2,1,80,Route
232.651913540153,2228.47846876158,266.397107089862,351.338259814823,431.338259814823,3,2,1,80,Route
233.041421284647,2230.96246723423,266.176011129586,350.169736581343,430.169736581343,3,2,1,80,Route
233.432171534755,2233.44646570687,265.954915169309,348.997485831018,428.997485831018,3,2,1,80,Route
233.824164290952,2235.93046417952,265.733819209033,347.821507562427,427.821507562427,3,2,1,80,Route
234.217399552768,2238.41446265216,265.512723248756,346.64180177698,426.64180177698,3,2,1,80,Route
234.611877320667,2240.8984611248,265.29162728848,345.458368473281,425.458368473281,3,2,1,80,Route
235.007597594185,2243.38245959745,265.070531328203,344.271207652728,424.271207652728,3,2,1,80,Route
235.404560373788,2245.86645807009,264.849435367927,343.080319313919,423.080319313919,3,2,1,80,Route
235.802765659009,2248.35045654274,264.62833940765,341.885703458257,421.885703458257,3,2,1,80,Route
236.202213450318,2250.83445501538,264.407243447374,340.68736008433,420.68736008433,3,2,1,80,Route
236.604346262178,2253.31845348803,264.186147487097,339.48096164875,419.48096164875,3,2,1,80,Route
237.012205584252,2255.80245196067,263.965051526821,338.257383682526,418.257383682526,3,2,1,80,Route
237.420064906088,2258.28645043331,263.743955566544,337.033805717018,417.033805717018,3,2,1,80,Route
237.827924228167,2260.77044890596,263.522859606268,335.810227750782,415.810227750782,3,2,1,80,Route
238.235783550003,2263.2544473786,263.301763645991,334.586649785275,414.586649785275,3,2,1,80,Route
238.643642872077,2265.73844585125,263.080667685715,333.363071819051,413.363071819051,3,2,1,80,Route
239.051502193917,2268.22244432389,262.859571725438,332.139493853531,412.139493853531,3,2,1,80,Route
239.459361515992,2270.70644279654,262.638475765162,330.915915887307,410.915915887307,3,2,1,80,Route
239.867220837828,2273.19044126918,262.417379804885,329.6923379218,409.6923379218,3,2,1,80,Route
240.275080159906,2275.67443974183,262.196283844609,328.468759955563,408.468759955563,3,2,1,80,Route
240.682939481742,2278.15843821447,261.975187884332,327.245181990056,407.245181990056,3,2,1,80,Route
241.090798803817,2280.64243668711,261.754091924055,326.021604023832,406.021604023832,3,2,1,80,Route
241.491652626515,2283.12643515976,261.532995963779,324.819042555738,404.819042555738,3,2,1,80,Route
241.889246597533,2285.6104336324,261.311900003502,323.626260642683,403.626260642683,3,2,1,80,Route
242.286426399698,2288.09443210505,261.090804043226,322.434721236188,402.434721236188,3,2,1,80,Route
242.786426399698,2288.09443210505,261.090804043226,322.434721236188,402.434721236188,5,2,1,80,Hover
243.286426399698,2288.09443210505,261.090804043226,322.434721236188,402.434721236188,5,2,1,80,Hover
243.786426399698,2288.09443210505,261.090804043226,322.434721236188,402.434721236188,5,2,1,80,Hover
244.286426399698,2288.09443210505,261.090804043226,322.434721236188,402.434721236188,5,2,1,80,Hover
244.786426399698,2288.09443210505,261.090804043226,322.434721236188,402.434721236188,5,2,1,80,Hover
245.286426399698,2288.09443210505,261.090804043226,322.434721236188,402.434721236188,5,2,1,80,Hover
245.786426399698,2288.09443210505,261.090804043226,322.434721236188,402.434721236188,5,2,1,80,Hover
246.286426399698,2288.09443210505,261.090804043226,322.434721236188,402.434721236188,5,2,1,80,Hover
246.786426399698,2288.09443210505,261.090804043226,322.434721236188,402.434721236188,5,2,1,80,Hover
247.286426399698,2288.09443210505,261.090804043226,322.434721236188,402.434721236188,5,2,1,80,Hover
247.661770526723,2290.4868166492,261.803375079781,321.308688855115,401.308688855115,3,3,1,80,Route
248.038400248849,2292.87920119334,262.515946116337,320.178799688736,400.178799688736,3,3,1,80,Route
248.416315566082,2295.27158573749,263.228517152892,319.045053737036,399.045053737036,3,3,1,80,Route
248.795516478418,2297.66397028164,263.941088189448,317.907451000029,397.907451000029,3,3,1,80,Route
249.17600298586,2300.05635482579,264.653659226004,316.765991477703,396.765991477703,3,3,1,80,Route
249.557775088405,2302.44873936994,265.366230262559,315.620675170068,395.620675170068,3,3,1,80,Route
249.940832786055,2304.84112391409,266.078801299115,314.471502077117,394.471502077117,3,3,1,80,Route
250.32517607881,2307.23350845823,266.79137233567,313.318472198853,393.318472198853,3,3,1,80,Route
250.710804966433,2309.62589300238,267.503943372226,312.161585535984,392.161585535984,3,3,1,80,Route
250.95671227424,2312.01827754653,268.216514408781,311.423863612563,391.423863612563,3,3,1,80,Route
251.403022387585,2316.80304663483,269.641656481893,310.084933272527,390.084933272527,3,3,1,80,Route
251.849332500931,2321.58781572312,271.066798555004,308.746002932491,388.746002932491,3,3,1,80,Route
252.287527952267,2326.37258481142,272.491940628115,307.431416578482,387.431416578482,3,3,1,80,Route
252.703112760407,2331.15735389972,273.917082701226,306.184662154063,386.184662154063,3,3,1,80,Route
253.118697568546,2335.94212298801,275.342224774337,304.937907729644,384.937907729644,3,3,1,80,Route
253.451530827814,2340.72689207631,276.767366847448,304.114045806119,384.114045806119,3,3,1,80,Route
253.784364087082,2345.51166116461,278.192508920559,303.762276991259,383.762276991259,3,3,1,80,Route
254.11719734635,2350.29643025291,279.61765099367,303.364226752637,383.364226752637,3,3,1,80,Route
254.450030605618,2355.0811993412,281.042793066781,302.919895090252,382.919895090252,3,3,1,80,Route
254.782863864887,2359.8659684295,282.467935139893,302.429282004104,382.429282004104,3,3,1,80,Route
255.115697124155,2364.6507375178,283.893077213004,301.892387494364,381.892387494364,3,3,1,80,Route
255.448530383423,2369.43550660609,285.318219286115,301.69952826692,381.69952826692,3,3,1,80,Route
255.781363642691,2374.22027569439,286.743361359226,301.905293955896,381.905293955896,3,3,1,80,Route
256.114196901959,2379.00504478269,288.168503432337,302.095632503619,382.095632503619,3,3,1,80,Route
256.447030161227,2383.78981387098,289.593645505448,302.270543910086,382.270543910086,3,3,1,80,Route
256.779863420495,2388.57458295928,291.018787578559,302.4300281753,382.4300281753,3,3,1,80,Route
257.112696679763,2393.35935204758,292.44392965167,302.574085299191,382.574085299191,3,3,1,80,Route
257.445529939031,2398.14412113587,293.869071724781,302.473972031043,382.473972031043,3,3,1,80,Route
257.778363198299,2402.92889022417,295.294213797893,302.123088459569,382.123088459569,3,3,1,80,Route
258.111196457567,2407.71365931247,296.719355871004,301.741350605586,381.741350605586,3,3,1,80,Route
258.444029716835,2412.49842840076,298.144497944115,301.328758469093,381.328758469093,3,3,1,80,Route
258.776862976103,2417.28319748906,299.569640017226,300.88531205009,380.88531205009,3,3,1,80,Route
259.109696235371,2422.06796657736,300.994782090337,300.411011348672,380.411011348672,3,3,1,80,Route
259.442529494639,2426.85273566565,302.419924163448,299.7264657637,379.7264657637,3,3,1,80,Route
259.775362753907,2431.63750475395,303.845066236559,298.851455193819,378.851455193819,3,3,1,80,Route
260.108196013175,2436.42227384225,305.27020830967,297.97543980119,377.97543980119,3,3,1,80,Route
260.441029272443,2441.20704293054,306.695350382781,297.114851549815,377.114851549815,3,3,1,80,Route
260.773862531711,2445.99181201884,308.120492455893,296.269690439695,376.269690439695,3,3,1,80,Route
261.106695790979,2450.77658110714,309.545634529004,295.439956471022,375.439956471022,3,3,1,80,Route
261.463183772896,2455.56135019544,310.970776602115,294.370492525274,374.370492525274,3,3,1,80,Route
261.878530855893,2460.34611928373,312.395918675226,293.124451276282,373.124451276282,3,3,1,80,Route
262.283593178054,2465.13088837203,313.821060748337,291.909264309799,371.909264309799,3,3,1,80,Route
262.678370739379,2469.91565746033,315.246202821448,290.724931625825,370.724931625825,3,3,1,80,Route
263.062863539867,2474.70042654862,316.671344894559,289.571453224359,369.571453224359,3,3,1,80,Route
263.437071579417,2479.48519563692,318.09648696767,288.44882910571,368.44882910571,3,3,1,80,Route
263.846381677743,2484.26996472522,319.521629040781,287.220898810732,367.220898810732,3,3,1,80,Route
264.26597428365,2489.05473381351,320.946771113893,285.962120993012,365.962120993012,3,3,1,80,Route
264.659854987466,2493.83950290181,322.371913187004,284.780478881564,364.780478881564,3,3,1,80,Route
265.028023789191,2498.62427199011,323.797055260115,283.675972476386,363.675972476386,3,3,1,80,Route
265.370480688718,2503.4090410784,325.222197333226,282.648601777808,362.648601777808,3,3,1,80,Route
265.703313947986,2508.1938101667,326.647339406337,281.698366785161,361.698366785161,3,3,1,80,Route
266.036147207254,2512.978579255,328.072481479448,281.023201710528,361.023201710528,3,3,1,80,Route
266.368980466522,2517.76334834329,329.497623552559,280.492000413935,360.492000413935,3,3,1,80,Route
266.70181372579,2522.54811743159,330.92276562567,279.960799117342,359.960799117342,3,3,1,80,Route
267.034646985058,2527.33288651989,332.347907698782,279.429597820749,359.429597820749,3,3,1,80,Route
267.367480244326,2532.11765560819,333.773049771893,278.898396524361,358.898396524361,3,3,1,80,Route
267.700313503594,2536.90242469648,335.198191845004,278.249542108936,358.249542108936,3,3,1,80,Route
268.033146762862,2541.68719378478,336.623333918115,277.366405472152,357.366405472152,3,3,1,80,Route
268.367879347854,2546.47196287308,338.048475991226,276.362207717177,356.362207717177,3,3,1,80,Route
268.702611932846,2551.25673196137,339.473618064337,275.358009962201,355.358009962201,3,3,1,80,Route
269.037344517838,2556.04150104967,340.898760137448,274.353812207226,354.353812207226,3,3,1,80,Route
269.372077102727,2560.82627013797,342.323902210559,273.349614452557,353.349614452557,3,3,1,80,Route
269.706809687719,2565.61103922626,343.74904428367,272.345416697582,352.345416697582,3,3,1,80,Route
270.051595429665,2570.39580831456,345.174186356782,271.311059471744,351.311059471744,3,3,1,80,Route
270.393136391342,2575.18057740286,346.599328429893,270.286436586712,350.286436586712,3,3,1,80,Route
270.72596965061,2579.96534649115,348.024470503004,269.292667984189,349.292667984189,3,3,1,80,Route
271.058802909878,2584.75011557945,349.449612576115,268.329753664175,348.329753664175,3,3,1,80,Route
271.391636169146,2589.53488466775,350.874754649226,267.397693626972,347.397693626972,3,3,1,80,Route
271.724469428414,2594.31965375604,352.299896722337,266.496487871971,346.496487871971,3,3,1,80,Route
272.057302687682,2599.10442284434,353.725038795448,265.93638738266,345.93638738266,3,3,1,80,Route
272.39013594695,2603.88919193264,355.150180868559,265.526464420765,345.526464420765,3,3,1,80,Route
272.722969206218,2608.67396102093,356.57532294167,265.116541458869,345.116541458869,3,3,1,80,Route
273.055802465487,2613.45873010923,358.000465014782,264.706618496974,344.706618496974,3,3,1,80,Route
273.388635724755,2618.24349919753,359.425607087893,264.296695535232,344.296695535232,3,3,1,80,Route
273.721468984023,2623.02826828582,360.850749161004,263.886772573336,343.886772573336,3,3,1,80,Route
274.054302243291,2627.81303737412,362.275891234115,263.486811650713,343.486811650713,3,3,1,80,Route
274.387135502559,2632.59780646242,363.701033307226,263.077834620687,343.077834620687,3,3,1,80,Route
274.719968761827,2637.38257555072,365.126175380337,262.652687675486,342.652687675486,3,3,1,80,Route
275.052802021095,2642.16734463901,366.551317453448,262.226585106622,342.226585106622,3,3,1,80,Route
275.385635280363,2646.95211372731,367.976459526559,261.815909678859,341.815909678859,3,3,1,80,Route
275.718468539631,2651.73688281561,369.40160159967,261.42066139235,341.42066139235,3,3,1,80,Route
276.051301798899,2656.5216519039,370.826743672782,260.894921732665,340.894921732665,3,3,1,80,Route
276.384135058167,2661.3064209922,372.251885745893,260.317632478272,340.317632478272,3,3,1,80,Route
276.716968317435,2666.0911900805,373.677027819004,259.740343223905,339.740343223905,3,3,1,80,Route
277.049801576703,2670.87595916879,375.102169892115,259.163053969743,339.163053969743,3,3,1,80,Route
277.382634835971,2675.66072825709,376.527311965226,258.585764715376,338.585764715376,3,3,1,80,Route
277.715468095239,2680.44549734539,377.952454038337,258.008475461009,338.008475461009,3,3,1,80,Route
278.048301354507,2685.23026643368,379.377596111448,257.506340599644,337.506340599644,3,3,1,80,Route
278.381134613775,2690.01503552198,380.802738184559,256.987772387489,336.987772387489,3,3,1,80,Route
278.713967873043,2694.79980461028,382.227880257671,256.422922751568,336.422922751568,3,3,1,80,Route
279.046801132312,2699.58457369857,383.653022330782,255.811791692078,335.811791692078,3,3,1,80,Route
279.37963439158,2704.36934278687,385.078164403893,255.154379208635,335.154379208635,3,3,1,80,Route
279.712467650848,2709.15411187517,386.503306477004,254.450685301426,334.450685301426,3,3,1,80,Route
280.045300910116,2713.93888096346,387.928448550115,253.831495588105,333.831495588105,3,3,1,80,Route
280.378134169384,2718.72365005176,389.353590623226,253.202605125901,333.202605125901,3,3,1,80,Route
280.710967428652,2723.50841914006,390.778732696337,252.527433239934,332.527433239934,3,3,1,80,Route
281.04380068792,2728.29318822836,392.203874769448,251.805979930392,331.805979930392,3,3,1,80,Route
281.376633947188,2733.07795731665,393.629016842559,251.038245196907,331.038245196907,3,3,1,80,Route
281.709467206456,2737.86272640495,395.054158915671,250.22422903966,330.22422903966,3,3,1,80,Route
282.042300465724,2742.64749549325,396.479300988782,250.169794255292,330.169794255292,3,3,1,80,Route
282.375133724992,2747.43226458154,397.904443061893,250.37657445985,330.37657445985,3,3,1,80,Route
282.70796698426,2752.21703366984,399.329585135004,250.537073240645,330.537073240645,3,3,1,80,Route
283.040800243528,2757.00180275814,400.754727208115,250.651290597651,330.651290597651,3,3,1,80,Route
283.373633502796,2761.78657184643,402.179869281226,250.719226530927,330.719226530927,3,3,1,80,Route
283.706466762064,2766.57134093473,403.605011354337,250.740881040442,330.740881040442,3,3,1,80,Route
284.039300021332,2771.35611002303,405.030153427448,250.743172908205,330.743172908205,3,3,1,80,Route
284.3721332806,2776.14087911132,406.455295500559,250.761147174633,330.761147174633,3,3,1,80,Route
284.704966539869,2780.92564819962,407.880437573671,250.794548582295,330.794548582295,3,3,1,80,Route
285.037799799137,2785.71041728792,409.305579646782,250.843377131231,330.843377131231,3,3,1,80,Route
285.370633058405,2790.49518637621,410.730721719893,250.907632821421,330.907632821421,3,3,1,80,Route
285.703466317673,2795.27995546451,412.155863793004,250.987315652866,330.987315652866,3,3,1,80,Route
286.036299576941,2800.06472455281,413.581005866115,251.082425625562,331.082425625562,3,3,1,80,Route
286.369132836209,2804.8494936411,415.006147939226,251.192962739508,331.192962739508,3,3,1,80,Route
286.701966095477,2809.6342627294,416.431290012337,251.318926994676,331.318926994676,3,3,1,80,Route
287.034799354745,2814.4190318177,417.856432085448,251.460318391129,331.460318391129,3,3,1,80,Route
287.367632614013,2819.203800906,419.281574158559,251.617136928837,331.617136928837,3,3,1,80,Route
287.700465873281,2823.98856999429,420.706716231671,251.789382607799,331.789382607799,3,3,1,80,Route
288.033299132549,2828.77333908259,422.131858304782,252.250279930546,332.250279930546,3,3,1,80,Route
288.366132391817,2833.55810817089,423.557000377893,252.777758188174,332.777758188174,3,3,1,80,Route
288.698965651085,2838.34287725918,424.982142451004,253.336090728163,333.336090728163,3,3,1,80,Route
289.031798910353,2843.12764634748,426.407284524115,253.925277550803,333.925277550803,3,3,1,80,Route
289.364632169621,2847.91241543578,427.832426597226,254.522644210092,334.522644210092,3,3,1,80,Route
289.697465428889,2852.69718452407,429.257568670337,255.116919003196,335.116919003196,3,3,1,80,Route
290.030298688157,2857.48195361237,430.682710743448,255.540002100135,335.540002100135,3,3,1,80,Route
290.363131947425,2862.26672270067,432.10785281656,255.930789999878,335.930789999878,3,3,1,80,Route
290.695965206693,2867.05149178896,433.532994889671,256.306150758276,336.306150758276,3,3,1,80,Route
291.028798465962,2871.83626087726,434.958136962782,256.666084375512,336.666084375512,3,3,1,80,Route
291.36163172523,2876.62102996556,436.383279035893,257.010590851493,337.010590851493,3,3,1,80,Route
291.694464984498,2881.40579905385,437.808421109004,257.339670186219,337.339670186219,3,3,1,80,Route
292.027298243766,2886.19056814215,439.233563182115,257.311575880707,337.311575880707,3,3,1,80,Route
292.360131503034,2890.97533723045,440.658705255226,257.272893036617,337.272893036617,3,3,1,80,Route
292.692964762302,2895.76010631874,442.083847328337,257.249637333806,337.249637333806,3,3,1,80,Route
293.02579802157,2900.54487540704,443.508989401448,257.241808772222,337.241808772222,3,3,1,80,Route
293.358631280838,2905.32964449534,444.93413147456,257.249407351892,337.249407351892,3,3,1,80,Route
293.691464540106,2910.11441358363,446.359273547671,257.272433072816,337.272433072816,3,3,1,80,Route
294.024297799374,2914.89918267193,447.784415620782,257.791395641584,337.791395641584,3,3,1,80,Route
294.357131058642,2919.68395176023,449.209557693893,258.347374522364,338.347374522364,3,3,1,80,Route
294.68996431791,2924.46872084853,450.634699767004,258.918780544536,338.918780544536,3,3,1,80,Route
295.022797577178,2929.25348993682,452.059841840115,259.505613707963,339.505613707963,3,3,1,80,Route
295.355630836446,2934.03825902512,453.484983913226,260.107874012643,340.107874012643,3,3,1,80,Route
295.688464095714,2938.82302811342,454.910125986337,260.725561458578,340.725561458578,3,3,1,80,Route
296.021297354982,2943.60779720171,456.335268059448,261.036923307899,341.036923307899,3,3,1,80,Route
296.35413061425,2948.39256629001,457.76041013256,261.334126751912,341.334126751912,3,3,1,80,Route
296.686963873518,2953.17733537831,459.185552205671,261.54870528197,341.54870528197,3,3,1,80,Route
297.019797132786,2957.9621044666,460.610694278782,261.794138094548,341.794138094548,3,3,1,80,Route
297.352630392054,2962.7468735549,462.035836351893,262.070425189636,342.070425189636,3,3,1,80,Route
297.685463651323,2967.5316426432,463.460978425004,262.377115798177,342.377115798177,3,3,1,80,Route
298.018296910591,2972.31641173149,464.886120498115,262.636658006291,342.636658006291,3,3,1,80,Route
298.351130169859,2977.10118081979,466.311262571226,262.896200214353,342.896200214353,3,3,1,80,Route
298.683963429127,2981.88594990809,467.736404644337,263.155742422467,343.155742422467,3,3,1,80,Route
299.016796688395,2986.67071899638,469.161546717448,263.415284630581,343.415284630581,3,3,1,80,Route
299.349629947663,2991.45548808468,470.58668879056,263.674826838695,343.674826838695,3,3,1,80,Route
299.682463206931,2996.24025717298,472.011830863671,263.92068519636,343.92068519636,3,3,1,80,Route
300.015296466199,3001.02502626127,473.436972936782,263.763830142692,343.763830142692,3,3,1,80,Route
300.348129725467,3005.80979534957,474.862115009893,263.622402230352,343.622402230352,3,3,1,80,Route
300.680962984735,3010.59456443787,476.287257083004,263.496401459191,343.496401459191,3,3,1,80,Route
301.013796244003,3015.37933352617,477.712399156115,263.385827829284,343.385827829284,3,3,1,80,Route
301.346629503271,3020.16410261446,479.137541229226,263.290681340632,343.290681340632,3,3,1,80,Route
301.679462762539,3024.94887170276,480.562683302337,263.205992240624,343.205992240624,3,3,1,80,Route
302.012296021807,3029.73364079106,481.987825375448,263.07132046033,343.07132046033,3,3,1,80,Route
302.345129281075,3034.51840987935,483.41296744856,262.982930103877,342.982930103877,3,3,1,80,Route
302.677962540343,3039.30317896765,484.838109521671,262.940821171103,342.940821171103,3,3,1,80,Route
303.010795799611,3044.08794805595,486.263251594782,262.944993662092,342.944993662092,3,3,1,80,Route
303.343629058879,3048.87271714424,487.688393667893,262.995447576844,342.995447576844,3,3,1,80,Route
303.676462318148,3053.65748623254,489.113535741004,263.067621521449,343.067621521449,3,3,1,80,Route
304.009295577416,3058.44225532084,490.538677814115,262.720772056294,342.720772056294,3,3,1,80,Route
304.342128836684,3063.22702440913,491.963819887226,262.373922590935,342.373922590935,3,3,1,80,Route
304.674962095952,3068.01179349743,493.388961960337,262.027073125576,342.027073125576,3,3,1,80,Route
305.00779535522,3072.79656258573,494.814104033449,261.680223660216,341.680223660216,3,3,1,80,Route
305.340628614488,3077.58133167402,496.23924610656,261.333374194857,341.333374194857,3,3,1,80,Route
305.673461873756,3082.36610076232,497.664388179671,260.999224520685,340.999224520685,3,3,1,80,Route
306.006295133024,3087.15086985062,499.089530252782,260.76198135567,340.76198135567,3,3,1,80,Route
306.339128392292,3091.93563893891,500.514672325893,260.509311049232,340.509311049232,3,3,1,80,Route
306.67196165156,3096.72040802721,501.939814399004,260.241213601457,340.241213601457,3,3,1,80,Route
307.004794910828,3101.50517711551,503.364956472115,259.957689012513,339.957689012513,3,3,1,80,Route
307.337628170096,3106.2899462038,504.790098545226,259.658737282315,339.658737282315,3,3,1,80,Route
307.670461429364,3111.0747152921,506.215240618337,259.34749121167,339.34749121167,3,3,1,80,Route
308.003294688632,3115.8594843804,507.640382691449,259.058788670779,339.058788670779,3,3,1,80,Route
308.3361279479,3120.6442534687,509.06552476456,258.785513270966,338.785513270966,3,3,1,80,Route
308.668961207168,3125.42902255699,510.490666837671,258.527665012408,338.527665012408,3,3,1,80,Route
309.001794466436,3130.21379164529,511.915808910782,258.285243895104,338.285243895104,3,3,1,80,Route
309.334627725704,3134.99856073359,513.340950983893,258.058249919054,338.058249919054,3,3,1,80,Route
309.667460984972,3139.78332982188,514.766093057004,257.7308896817,337.7308896817,3,3,1,80,Route
310.00029424424,3144.56809891018,516.191235130115,256.764544608855,336.764544608855,3,3,1,80,Route
310.337836409906,3149.35286799848,517.616377203226,255.75191811186,335.75191811186,3,3,1,80,Route
310.690805716826,3154.13763708677,519.041519276337,254.693010191099,334.693010191099,3,3,1,80,Route
311.071966962076,3158.92240617507,520.466661349449,253.54952645535,333.54952645535,3,3,1,80,Route
311.457171769511,3163.70717526337,521.89180342256,252.393912033044,332.393912033044,3,3,1,80,Route
311.830821444907,3168.49194435166,523.316945495671,251.272963006855,331.272963006855,3,3,1,80,Route
312.179771096198,3173.27671343996,524.742087568782,250.226114052984,330.226114052984,3,3,1,80,Route
312.539005508448,3178.06148252826,526.167229641893,249.148410816233,329.148410816233,3,3,1,80,Route
312.908524681534,3182.84625161655,527.592371715004,248.039853296974,328.039853296974,3,3,1,80,Route
313.288328615457,3187.63102070485,529.017513788115,246.900441495207,326.900441495207,3,3,1,80,Route
313.678417310215,3192.41578979315,530.442655861226,245.730175410931,325.730175410931,3,3,1,80,Route
314.111246909254,3197.20055888144,531.867797934337,244.431686613814,324.431686613814,3,3,1,80,Route
314.390649713998,3199.59294342559,532.580368970893,243.593478199583,323.593478199583,3,3,1,80,Route
314.668766923628,3201.98532796974,533.292940007449,242.759126570692,322.759126570692,3,3,1,80,Route
314.945598538163,3204.37771251389,534.005511044004,241.928631727087,321.928631727087,3,3,1,80,Route
315.221144557584,3206.77009705804,534.71808208056,241.101993668825,321.101993668825,3,3,1,80,Route
315.49540498191,3209.16248160219,535.430653117115,240.279212395845,320.279212395845,3,3,1,80,Route
315.768379811122,3211.55486614634,536.143224153671,239.460287908211,319.460287908211,3,3,1,80,Route
316.04006904524,3213.94725069048,536.855795190226,238.645220205858,318.645220205858,3,3,1,80,Route
316.310472684242,3216.33963523463,537.568366226782,237.834009288852,317.834009288852,3,3,1,80,Route
316.579590728151,3218.73201977878,538.280937263338,237.026655157125,317.026655157125,3,3,1,80,Route
316.847423176943,3221.12440432293,538.993508299893,236.223157810747,316.223157810747,3,3,1,80,Route
317.113970030644,3223.51678886708,539.706079336449,235.423517249646,315.423517249646,3,3,1,80,Route
317.431594576999,3225.90917341123,540.418650373004,234.470643610581,314.470643610581,3,3,1,80,Route
317.810814686235,3228.30155795537,541.13122140956,233.332983282873,313.332983282873,3,3,1,80,Route
318.192605985668,3230.69394249952,541.843792446115,232.187609384573,312.187609384573,3,3,1,80,Route
318.576968475321,3233.08632704367,542.556363482671,231.034521915612,311.034521915612,3,3,1,80,Route
318.963902155174,3235.47871158782,543.268934519226,229.873720876055,309.873720876055,3,3,1,80,Route
319.353407025245,3237.87109613197,543.981505555782,228.705206265842,308.705206265842,3,3,1,80,Route
319.745483085516,3240.26348067612,544.694076592338,227.528978085028,307.528978085028,3,3,1,80,Route
320.140130336005,3242.65586522026,545.406647628893,226.345036333561,306.345036333561,3,3,1,80,Route
320.537348776702,3245.04824976441,546.119218665449,225.15338101147,305.15338101147,3,3,1,80,Route
320.937138407602,3247.44063430856,546.831789702004,223.954012118771,303.954012118771,3,3,1,80,Route
321.339499228717,3249.83301885271,547.54436073856,222.746929655426,302.746929655426,3,3,1,80,Route
321.744431240035,3252.22540339686,548.256931775115,221.53213362147,301.53213362147,3,3,1,80,Route
322.134850055592,3254.61778794101,548.969502811671,220.3608771748,300.3608771748,3,3,1,80,Route
322.515710038784,3257.01017248516,549.682073848226,219.218297225226,299.218297225226,3,3,1,80,Route
322.904283592603,3259.4025570293,550.394644884782,218.052576563767,298.052576563767,3,3,1,80,Route
323.282146178218,3261.79494157345,551.107215921337,216.918988806922,296.918988806922,3,3,1,80,Route
323.660831653479,3264.1873261176,551.819786957893,215.782932381139,295.782932381139,3,3,1,80,Route
324.040802723838,3266.57971066175,552.532357994449,214.643019170063,294.643019170063,3,3,1,80,Route
324.422059389307,3268.9720952059,553.244929031004,213.499249173655,293.499249173655,3,3,1,80,Route
324.804601649875,3271.36447975005,553.95750006756,212.351622391951,292.351622391951,3,3,1,80,Route
325.188429505553,3273.75686429419,554.670071104115,211.200138824916,291.200138824916,3,3,1,80,Route
325.573542956331,3276.14924883834,555.382642140671,210.044798472584,290.044798472584,3,3,1,80,Route
325.959942002218,3278.54163338249,556.095213177226,208.885601334923,288.885601334923,3,3,1,80,Route
326.347626642962,3280.93401792664,556.807784213782,207.72254741269,287.72254741269,3,3,1,80,Route
326.731690320461,3283.32640247079,557.520355250338,206.570356380195,286.570356380195,3,3,1,80,Route
327.1162991946,3285.71878701494,558.232926286893,205.416529757777,285.416529757777,3,3,1,80,Route
327.506050449159,3288.11117155908,558.945497323449,204.247275994099,284.247275994099,3,3,1,80,Route
327.900944084136,3290.50355610323,559.658068360004,203.062595089169,283.062595089169,3,3,1,80,Route
328.30098009953,3292.89594064738,560.37063939656,201.862487042987,281.862487042987,3,3,1,80,Route
328.706158495344,3295.28832519153,561.083210433115,200.646951855545,280.646951855545,3,3,1,80,Route
329.116479271573,3297.68070973568,561.795781469671,199.415989526859,279.415989526859,3,3,1,80,Route
329.531942428224,3300.07309427983,562.508352506226,198.169600056903,278.169600056903,3,3,1,80,Route
329.952547965288,3302.46547882397,563.220923542782,196.907783445713,276.907783445713,3,3,1,80,Route
330.378295882777,3304.85786336812,563.933494579338,195.630539693245,275.630539693245,3,3,1,80,Route
330.809186180675,3307.25024791227,564.646065615893,194.337868799551,274.337868799551,3,3,1,80,Route
331.245218858748,3309.64263245642,565.358636652449,193.029770765334,273.029770765334,3,3,1,80,Route
331.643308949785,3312.03501700057,566.071207689004,191.83550049222,271.83550049222,3,3,1,80,Route
332.018676001507,3314.42740154472,566.78377872556,190.709399337057,270.709399337057,3,3,1,80,Route
332.397899838527,3316.81978608887,567.496349762115,189.571727825996,269.571727825996,3,3,1,80,Route
332.78098046086,3319.21217063301,568.208920798671,188.422485958996,268.422485958996,3,3,1,80,Route
333.167917868524,3321.60455517716,568.921491835226,187.261673736006,267.261673736006,3,3,1,80,Route
333.558712061483,3323.99693972131,569.634062871782,186.089291157127,266.089291157127,3,3,1,80,Route
333.953363039775,3326.38932426546,570.346633908337,184.905338222251,264.905338222251,3,3,1,80,Route
334.351870803361,3328.78170880961,571.059204944893,183.709814931493,263.709814931493,3,3,1,80,Route
334.754235352282,3331.17409335376,571.771775981449,182.502721284731,262.502721284731,3,3,1,80,Route
335.160456686494,3333.5664778979,572.484347018004,181.284057282094,261.284057282094,3,3,1,80,Route
335.570534805818,3335.95886244205,573.19691805456,180.053822924123,260.053822924123,3,3,1,80,Route
335.984469710656,3338.3512469862,573.909489091115,178.81201820961,258.81201820961,3,3,1,80,Route
336.398224011722,3340.74363153035,574.622060127671,177.570755306409,257.570755306409,3,3,1,80,Route
336.814885543331,3343.1360160745,575.334631164226,176.320770711583,256.320770711583,3,3,1,80,Route
337.236689455386,3345.52840061865,576.047202200782,175.055358975418,255.055358975418,3,3,1,80,Route
337.66363574783,3347.9207851628,576.759773237338,173.774520098088,253.774520098088,3,3,1,80,Route
338.095724420722,3350.31316970694,577.472344273893,172.478254079411,252.478254079411,3,3,1,80,Route
338.532955474,3352.70555425109,578.184915310449,171.166560919576,251.166560919576,3,3,1,80,Route
338.97532890773,3355.09793879524,578.897486347004,169.839440618386,249.839440618386,3,3,1,80,Route
339.422844721843,3357.49032333939,579.61005738356,168.496893176047,248.496893176047,3,3,1,80,Route
339.875502916411,3359.88270788354,580.322628420115,167.138918592345,247.138918592345,3,3,1,80,Route
340.333303491358,3362.27509242769,581.035199456671,165.765516867502,245.765516867502,3,3,1,80,Route
340.778093336492,3364.66747697183,581.747770493226,164.431147332101,244.431147332101,3,3,1,80,Route
341.215641047984,3367.05986151598,582.460341529782,163.118504197625,243.118504197625,3,3,1,80,Route
341.559670587198,3369.45224606013,583.172912566338,162.086415579982,242.086415579982,3,3,1,80,Route
341.87060233932,3371.84463060428,583.885483602893,161.153620323615,241.153620323615,3,3,1,80,Route
342.187962066994,3374.23701514843,584.598054639449,160.201541140595,240.201541140595,3,3,1,80,Route
342.51174977016,3376.62939969258,585.310625676004,159.230178031097,239.230178031097,3,3,1,80,Route
342.841965448881,3379.02178423672,586.02319671256,158.239530994935,238.239530994935,3,3,1,80,Route
343.17860910309,3381.41416878087,586.735767749115,157.229600032307,237.229600032307,3,3,1,80,Route
343.521680732858,3383.80655332502,587.448338785671,156.200385143003,236.200385143003,3,3,1,80,Route
343.871180338111,3386.19893786917,588.160909822227,155.151886327244,235.151886327244,3,3,1,80,Route
344.227107918926,3388.59132241332,588.873480858782,154.084103584799,234.084103584799,3,3,1,80,Route
344.589463475222,3390.98370695747,589.586051895338,152.99703691591,232.99703691591,3,3,1,80,Route
344.958247006861,3393.37609150162,590.298622931893,151.890686320992,231.890686320992,3,3,1,80,Route
345.333458514244,3395.76847604576,591.011193968449,150.765051798844,230.765051798844,3,3,1,80,Route
345.579094090191,3398.16086058991,591.723765005004,150.028145071005,230.028145071005,3,3,1,80,Route
345.971341017615,3402.94562967821,593.148907078115,148.851404288731,228.851404288731,3,3,1,80,Route
346.337876042948,3407.73039876651,594.574049151227,147.751799212734,227.751799212734,3,3,1,80,Route
346.678699166188,3412.5151678548,595.999191224338,146.729329843012,226.729329843012,3,3,1,80,Route
347.011532425456,3417.2999369431,597.424333297449,145.783996179566,225.783996179566,3,3,1,80,Route
347.344365684724,3422.0847060314,598.84947537056,144.915798222559,224.915798222559,3,3,1,80,Route
347.677198943992,3426.86947511969,600.274617443671,144.409317825352,224.409317825352,3,3,1,80,Route
348.01003220326,3431.65424420799,601.699759516782,144.359509661387,224.359509661387,3,3,1,80,Route
348.342865462528,3436.43901329629,603.124901589893,144.340555779931,224.340555779931,3,3,1,80,Route
348.675698721796,3441.22378238458,604.550043663004,144.352456180983,224.352456180983,3,3,1,80,Route
349.008531981064,3446.00855147288,605.975185736115,144.395210864545,224.395210864545,3,3,1,80,Route
349.341365240332,3450.79332056118,607.400327809226,144.468819830529,224.468819830529,3,3,1,80,Route
349.6741984996,3455.57808964947,608.825469882338,145.081209753741,225.081209753741,3,3,1,80,Route
350.109825692452,3460.36285873777,610.250611955449,146.388091332295,226.388091332295,3,3,1,80,Route
350.55573764614,3465.14762782607,611.67575402856,147.725827193359,227.725827193359,3,3,1,80,Route
350.996307113426,3469.93239691436,613.100896101671,149.047535595216,229.047535595216,3,3,1,80,Route
351.424038776208,3474.71716600266,614.526038174782,150.330730583563,230.330730583563,3,3,1,80,Route
351.846628058725,3479.50193509096,615.951180247893,151.598498431115,231.598498431115,3,3,1,80,Route
352.289661196985,3484.28670417926,617.376322321004,152.927597845895,232.927597845895,3,3,1,80,Route
352.75775448286,3489.07147326755,618.801464394115,154.331877703518,234.331877703518,3,3,1,80,Route
353.220705388316,3493.85624235585,620.226606467226,155.720730419886,235.720730419886,3,3,1,80,Route
353.678513913353,3498.64101144415,621.651748540338,157.094155994999,237.094155994999,3,3,1,80,Route
354.131180057808,3503.42578053244,623.076890613449,158.452154428363,238.452154428363,3,3,1,80,Route
354.57870382201,3508.21054962074,624.50203268656,159.794725720969,239.794725720969,3,3,1,80,Route
354.91567715694,3512.99531870904,625.927174759671,160.805645725758,240.805645725758,3,3,1,80,Route
355.248510416208,3517.78008779733,627.352316832782,161.543725864965,241.543725864965,3,3,1,80,Route
355.581343675476,3522.56485688563,628.777458905893,162.374368851696,242.374368851696,3,3,1,80,Route
355.914176934744,3527.34962597393,630.202600979004,163.297574685953,243.297574685953,3,3,1,80,Route
356.252766495223,3532.13439506222,631.627743052115,164.313343367389,244.313343367389,3,3,1,80,Route
356.622210338322,3536.91916415052,633.052885125227,165.421674896689,245.421674896689,3,3,1,80,Route
357.009263591381,3541.70393323882,634.478027198338,166.582834655866,246.582834655866,3,3,1,80,Route
357.379469411062,3546.48870232711,635.903169271449,167.693452114908,247.693452114908,3,3,1,80,Route
357.734248089488,3551.27347141541,637.32831134456,168.757788150187,248.757788150187,3,3,1,80,Route
358.073599626661,3556.05824050371,638.753453417671,169.775842761704,249.775842761704,3,3,1,80,Route
358.406432885929,3560.843009592,640.178595490782,170.747615949136,250.747615949136,3,3,1,80,Route
358.739266145197,3565.6277786803,641.603737563893,171.673107713135,251.673107713135,3,3,1,80,Route
359.120654345014,3570.4125477686,643.028879637004,172.817272312587,252.817272312587,3,3,1,80,Route
359.518897895735,3575.19731685689,644.454021710116,174.01200296475,254.01200296475,3,3,1,80,Route
359.904648606243,3579.98208594519,645.879163783227,175.169255096275,255.169255096275,3,3,1,80,Route
360.285256936333,3584.76685503349,647.304305856338,176.311080086545,256.311080086545,3,3,1,80,Route
360.660722885855,3589.55162412179,648.729447929449,177.43747793511,257.43747793511,3,3,1,80,Route
361.160722885855,3589.55162412179,648.729447929449,177.43747793511,257.43747793511,5,3,1,80,Hover
361.660722885855,3589.55162412179,648.729447929449,177.43747793511,257.43747793511,5,3,1,80,Hover
362.160722885855,3589.55162412179,648.729447929449,177.43747793511,257.43747793511,5,3,1,80,Hover
362.660722885855,3589.55162412179,648.729447929449,177.43747793511,257.43747793511,5,3,1,80,Hover
363.160722885855,3589.55162412179,648.729447929449,177.43747793511,257.43747793511,5,3,1,80,Hover
363.660722885855,3589.55162412179,648.729447929449,177.43747793511,257.43747793511,5,3,1,80,Hover
364.160722885855,3589.55162412179,648.729447929449,177.43747793511,257.43747793511,5,3,1,80,Hover
364.660722885855,3589.55162412179,648.729447929449,177.43747793511,257.43747793511,5,3,1,80,Hover
365.160722885855,3589.55162412179,648.729447929449,177.43747793511,257.43747793511,5,3,1,80,Hover
365.660722885855,3589.55162412179,648.729447929449,177.43747793511,257.43747793511,5,3,1,80,Hover
366.093754003802,3584.63443011614,647.840777452833,176.138384581271,256.138384581271,6,4,1,80,Return
366.530080483951,3579.71723611049,646.952106976217,174.829405140824,254.829405140824,6,4,1,80,Return
366.969702326238,3574.80004210485,646.063436499602,173.510539613961,253.510539613961,6,4,1,80,Return
367.412619530697,3569.8828480992,645.174766022986,172.181788000586,252.181788000586,6,4,1,80,Return
367.761269117432,3564.96565409355,644.28609554637,171.135839240381,251.135839240381,6,4,1,80,Return
368.094392598743,3560.04846008791,643.397425069755,170.308442482497,250.308442482497,6,4,1,80,Return
368.427516080054,3555.13126608226,642.508754593139,169.365222418506,249.365222418506,6,4,1,80,Return
368.764256747912,3550.21407207661,641.620084116523,168.355000414932,248.355000414932,6,4,1,80,Return
369.110883502275,3545.29687807097,640.731413639908,167.315120151841,247.315120151841,6,4,1,80,Return
369.467396343152,3540.37968406532,639.842743163292,166.245581629212,246.245581629212,6,4,1,80,Return
369.912335347835,3535.46249005968,638.954072686676,164.910764615162,244.910764615162,6,4,1,80,Return
370.363753977545,3530.54529605403,638.065402210061,163.556508726032,243.556508726032,6,4,1,80,Return
370.795400434242,3525.62810204838,637.176731733445,162.261569355943,242.261569355943,6,4,1,80,Return
371.207274717905,3520.71090804274,636.288061256829,161.025946504954,241.025946504954,6,4,1,80,Return
371.599376828542,3515.79371403709,635.399390780214,159.849640173041,239.849640173041,6,4,1,80,Return
371.971706766154,3510.87652003144,634.510720303598,158.732650360206,238.732650360206,6,4,1,80,Return
372.443406385241,3505.9593260258,633.622049826982,157.317551502944,237.317551502944,6,4,1,80,Return
372.922879028702,3501.04213202015,632.733379350367,155.879133572562,235.879133572562,6,4,1,80,Return
373.405647034309,3496.12493801451,631.844708873751,154.430829555741,234.430829555741,6,4,1,80,Return
373.891710402087,3491.20774400886,630.956038397135,152.972639452407,232.972639452407,6,4,1,80,Return
374.381069132036,3486.29055000321,630.067367920519,151.504563262559,231.504563262559,6,4,1,80,Return
374.86534082114,3481.37335599757,629.178697443904,150.051748195248,230.051748195248,6,4,1,80,Return
375.303957482209,3476.45616199192,628.290026967288,148.735898212041,228.735898212041,6,4,1,80,Return
375.745869505428,3471.53896798627,627.401356490672,147.410162142385,227.410162142385,6,4,1,80,Return
376.191076890817,3466.62177398063,626.512686014057,146.074539986215,226.074539986215,6,4,1,80,Return
376.639579638378,3461.70457997498,625.624015537441,144.729031743533,224.729031743533,6,4,1,80,Return
377.09137774811,3456.78738596934,624.735345060825,143.373637414338,223.373637414338,6,4,1,80,Return
377.427423506733,3451.87019196369,623.84667458421,142.36550013847,222.36550013847,6,4,1,80,Return
377.760546988044,3446.95299795804,622.958004107594,142.078595619182,222.078595619182,6,4,1,80,Return
378.093670469355,3442.0358039524,622.069333630978,141.801577186406,221.801577186406,6,4,1,80,Return
378.426793950666,3437.11860994675,621.180663154363,141.534444840144,221.534444840144,6,4,1,80,Return
378.759917431977,3432.2014159411,620.291992677747,141.277198580394,221.277198580394,6,4,1,80,Return
379.093040913288,3427.28422193546,619.403322201131,141.029838407094,221.029838407094,6,4,1,80,Return
379.426164394599,3422.36702792981,618.514651724516,141.095803440426,221.095803440426,6,4,1,80,Return
379.75928787591,3417.44983392417,617.6259812479,141.438782004239,221.438782004239,6,4,1,80,Return
380.092411357221,3412.53263991852,616.737310771284,141.771874481538,221.771874481538,6,4,1,80,Return
380.425534838532,3407.61544591287,615.848640294669,142.095080872324,222.095080872324,6,4,1,80,Return
380.758658319843,3402.69825190723,614.959969818053,142.408401176543,222.408401176543,6,4,1,80,Return
381.091781801154,3397.78105790158,614.071299341437,142.711835394305,222.711835394305,6,4,1,80,Return
381.291747623299,3395.32246089876,613.626964103129,143.31173286074,223.31173286074,6,4,1,80,Return
381.71086222101,3392.86386389593,613.182628864821,144.569076653872,224.569076653872,6,4,1,80,Return
382.131624500044,3390.40526689311,612.738293626514,145.831363490975,225.831363490975,6,4,1,80,Return
382.554034459925,3387.94666989029,612.293958388206,147.098593370619,227.098593370619,6,4,1,80,Return
382.997318576748,3385.48807288746,611.849623149898,148.428445721088,228.428445721088,6,4,1,80,Return
383.4382948351,3383.02947588464,611.40528791159,149.751374496143,229.751374496143,6,4,1,80,Return
383.875151890974,3380.57087888182,610.960952673282,151.061945663766,231.061945663766,6,4,1,80,Return
384.3078897439,3378.11228187899,610.516617434974,152.360159222543,232.360159222543,6,4,1,80,Return
384.736508394314,3375.65368487617,610.072282196667,153.646015173786,233.646015173786,6,4,1,80,Return
385.161007841815,3373.19508787335,609.627946958359,154.919513516289,234.919513516289,6,4,1,80,Return
385.581388086834,3370.73649087053,609.183611720051,156.180654251346,236.180654251346,6,4,1,80,Return
385.997649128909,3368.2778938677,608.739276481743,157.429437377571,237.429437377571,6,4,1,80,Return
386.336939268074,3366.63882919915,608.443052989538,158.447307795067,238.447307795067,6,4,1,80,Return
386.705882081986,3364.9997645306,608.146829497333,159.554136236803,239.554136236803,6,4,1,80,Return
387.072994139425,3363.36069986206,607.850606005127,160.65547240912,240.65547240912,6,4,1,80,Return
387.438275440103,3361.72163519351,607.554382512922,161.751316311154,241.751316311154,6,4,1,80,Return
387.80172598402,3360.08257052496,607.258159020717,162.841667942904,242.841667942904,6,4,1,80,Return
388.163345770884,3358.44350585641,606.961935528512,163.926527303497,243.926527303497,6,4,1,80,Return
388.523134801278,3356.80444118786,606.665712036306,165.005894394677,245.005894394677,6,4,1,80,Return
388.88109307491,3355.16537651931,606.369488544101,166.079769215573,246.079769215573,6,4,1,80,Return
389.237220591488,3353.52631185076,606.073265051896,167.148151765308,247.148151765308,6,4,1,80,Return
389.591517351597,3351.88724718222,605.777041559691,168.211042045635,248.211042045635,6,4,1,80,Return
389.943983354944,3350.24818251367,605.480818067486,169.268440055677,249.268440055677,6,4,1,80,Return
390.294618601226,3348.60911784512,605.18459457528,170.320345794521,250.320345794521,6,4,1,80,Return
390.643423091061,3346.97005317657,604.888371083075,171.366759264028,251.366759264028,6,4,1,80,Return
390.990396824124,3345.33098850802,604.59214759087,172.407680463216,252.407680463216,6,4,1,80,Return
391.335539800123,3343.69192383947,604.295924098665,173.443109391214,253.443109391214,6,4,1,80,Return
391.678852019664,3342.05285917092,603.999700606459,174.473046049837,254.473046049837,6,4,1,80,Return
392.020333482449,3340.41379450237,603.703477114254,175.497490438191,255.497490438191,6,4,1,80,Return
392.347517858504,3338.77472983382,603.407253622049,176.479043566355,256.479043566355,6,4,1,80,Return
392.773622031221,3336.316132831,602.962918383741,177.757356084507,257.757356084507,6,4,1,80,Return
393.198902363145,3333.85753582818,602.518583145433,179.033197080279,259.033197080279,6,4,1,80,Return
393.623358854776,3331.39893882536,602.074247907125,180.306566555174,260.306566555174,6,4,1,80,Return
394.046991505615,3328.94034182253,601.629912668818,181.577464507689,261.577464507689,6,4,1,80,Return
394.469800316158,3326.48174481971,601.18557743051,182.845890939319,262.845890939319,6,4,1,80,Return
394.891785285912,3324.02314781689,600.741242192202,184.11184584858,264.11184584858,6,4,1,80,Return
395.312946415372,3321.56455081406,600.296906953894,185.375329236961,265.375329236961,6,4,1,80,Return
395.73328370404,3319.10595381124,599.852571715586,186.636341102966,266.636341102966,6,4,1,80,Return
396.152797152415,3316.64735680842,599.408236477278,187.894881448089,267.894881448089,6,4,1,80,Return
396.571486759998,3314.18875980559,598.963901238971,189.150950270838,269.150950270838,6,4,1,80,Return
396.989352527286,3311.73016280277,598.519566000663,190.404547572704,270.404547572704,6,4,1,80,Return
397.443349484418,3309.27156579995,598.075230762355,191.766538444099,271.766538444099,6,4,1,80,Return
397.93067822689,3306.81296879712,597.630895524047,193.228524671515,273.228524671515,6,4,1,80,Return
398.418006969073,3304.3543717943,597.186560285739,194.690510898062,274.690510898062,6,4,1,80,Return
398.905335711545,3301.89577479148,596.742225047431,196.152497125479,276.152497125478,6,4,1,80,Return
399.392664453727,3299.43717778865,596.297889809123,197.614483352025,277.614483352025,6,4,1,80,Return
399.879993196199,3296.97858078583,595.853554570816,199.076469579442,279.076469579442,6,4,1,80,Return
400.367321938381,3294.51998378301,595.409219332508,200.538455805989,280.538455805989,6,4,1,80,Return
400.854650680854,3292.06138678018,594.9648840942,202.000442033405,282.000442033405,6,4,1,80,Return
401.341979423036,3289.60278977736,594.520548855892,203.462428259952,283.462428259952,6,4,1,80,Return
401.829308165508,3287.14419277454,594.076213617584,204.924414487368,284.924414487368,6,4,1,80,Return
402.31663690769,3284.68559577172,593.631878379276,206.386400713915,286.386400713915,6,4,1,80,Return
402.803965650163,3282.22699876889,593.187543140969,207.848386941332,287.848386941332,6,4,1,80,Return
403.249384098135,3279.76840176607,592.743207902661,209.184642285249,289.184642285249,6,4,1,80,Return
403.689172310139,3277.30980476325,592.298872664353,210.504006921261,290.504006921261,6,4,1,80,Return
404.12813668134,3274.85120776042,591.854537426045,211.820900034863,291.820900034863,6,4,1,80,Return
404.566277212258,3272.3926107576,591.410202187737,213.135321627619,293.135321627619,6,4,1,80,Return
405.003593902373,3269.93401375478,590.965866949429,214.447271697963,294.447271697963,6,4,1,80,Return
405.440086752206,3267.47541675195,590.521531711121,215.756750247462,295.756750247462,6,4,1,80,Return
405.875755761235,3265.01681974913,590.077196472814,217.06375727455,297.06375727455,6,4,1,80,Return
406.310600929983,3262.55822274631,589.632861234506,218.368292780792,298.368292780792,6,4,1,80,Return
406.744622257927,3260.09962574348,589.188525996198,219.670356764624,299.670356764624,6,4,1,80,Return
407.177819745588,3257.64102874066,588.74419075789,220.969949227609,300.969949227609,6,4,1,80,Return
407.610193392447,3255.18243173784,588.299855519582,222.267070168185,302.267070168185,6,4,1,80,Return
408.044985235533,3252.72383473501,587.855520281274,223.571445697443,303.571445697443,6,4,1,80,Return
408.486750866355,3250.26523773219,587.411185042967,224.896742589909,304.896742589909,6,4,1,80,Return
408.92604497581,3247.80664072937,586.966849804659,226.214624918274,306.214624918274,6,4,1,80,Return
409.362867563371,3245.34804372655,586.522514566351,227.525092680958,307.525092680958,6,4,1,80,Return
409.797218629569,3242.88944672372,586.078179328043,228.82814587955,308.82814587955,6,4,1,80,Return
410.229098173874,3240.4308497209,585.633844089735,230.123784512467,310.123784512467,6,4,1,80,Return
410.658506196814,3237.97225271808,585.189508851427,231.412008581287,311.412008581287,6,4,1,80,Return
411.085442697864,3235.51365571525,584.74517361312,232.692818084435,312.692818084435,6,4,1,80,Return
411.509907677546,3233.05505871243,584.300838374812,233.966213023482,313.966213023482,6,4,1,80,Return
411.93190113534,3230.59646170961,583.856503136504,235.232193396863,315.232193396863,6,4,1,80,Return
412.351423071765,3228.13786470678,583.412167898196,236.490759206138,316.490759206138,6,4,1,80,Return
412.768473486319,3225.67926770396,582.967832659888,237.7419104498,317.7419104498,6,4,1,80,Return
413.14212154515,3223.22067070114,582.52349742158,238.862854626295,318.862854626295,6,4,1,80,Return
413.494354753116,3220.76207369831,582.079162183273,239.919554250192,319.919554250192,6,4,1,80,Return
413.84905948249,3218.30347669549,581.634826944965,240.983668438313,320.983668438313,6,4,1,80,Return
414.206428864872,3215.84487969267,581.190491706657,242.055776585461,322.055776585461,6,4,1,80,Return
414.563368509492,3213.38628268984,580.746156468349,243.126595519321,323.126595519321,6,4,1,80,Return
414.917836632705,3210.92768568702,580.301821230041,244.189999888958,324.189999888958,6,4,1,80,Return
415.269833234069,3208.4690886842,579.857485991733,245.245989693051,325.245989693051,6,4,1,80,Return
415.619358314025,3206.01049168138,579.413150753425,246.294564932918,326.294564932918,6,4,1,80,Return
415.966411872133,3203.55189467855,578.968815515118,247.335725607244,327.335725607244,6,4,1,80,Return
416.310993908832,3201.09329767573,578.52448027681,248.369471717339,328.369471717339,6,4,1,80,Return
416.653104423705,3198.63470067291,578.080145038502,249.395803261958,329.395803261958,6,4,1,80,Return
416.99146520344,3196.17610367008,577.635809800194,250.410885601164,330.410885601164,6,4,1,80,Return
417.459562185169,3191.25890966444,576.747139323578,251.815176546351,331.815176546351,6,4,1,80,Return
417.927659166898,3186.34171565879,575.858468846963,253.219467491538,333.219467491538,6,4,1,80,Return
418.395756148627,3181.42452165314,574.969798370347,254.623758436725,334.623758436725,6,4,1,80,Return
418.863853130356,3176.5073276475,574.081127893731,256.028049381912,336.028049381912,6,4,1,80,Return
419.331950112106,3171.59013364185,573.192457417116,257.432340327163,337.432340327163,6,4,1,80,Return
419.762424904089,3166.6729396362,572.3037869405,258.723764703111,338.723764703111,6,4,1,80,Return
420.0955483854,3161.75574563056,571.415116463884,259.552346844881,339.552346844881,6,4,1,80,Return
420.428671866711,3156.83855162491,570.526445987269,260.400701159678,340.400701159678,6,4,1,80,Return
420.761795348022,3151.92135761927,569.637775510653,261.268827647502,341.268827647502,6,4,1,80,Return
421.094918829333,3147.00416361362,568.749105034037,262.156726308399,342.156726308399,6,4,1,80,Return
421.428042310644,3142.08696960797,567.860434557422,263.064397142271,343.064397142271,6,4,1,80,Return
421.761165791955,3137.16977560233,566.971764080806,264.001052724969,344.001052724969,6,4,1,80,Return
422.094289273266,3132.25258159668,566.08309360419,264.945384734894,344.945384734894,6,4,1,80,Return
422.427412754577,3127.33538759103,565.194423127575,265.869944571793,345.869944571793,6,4,1,80,Return
422.760536235888,3122.41819358539,564.305752650959,266.77473223572,346.77473223572,6,4,1,80,Return
423.093659717199,3117.50099957974,563.417082174343,267.659747726572,347.659747726572,6,4,1,80,Return
423.42678319851,3112.5838055741,562.528411697728,268.524991044399,348.524991044399,6,4,1,80,Return
423.759906679821,3107.66661156845,561.639741221112,269.423638667329,349.423638667329,6,4,1,80,Return
424.093030161132,3102.7494175628,560.751070744496,270.374531308058,350.374531308058,6,4,1,80,Return
424.426153642443,3097.83222355716,559.862400267881,271.345196121865,351.345196121865,6,4,1,80,Return
424.759277123754,3092.91502955151,558.973729791265,272.335633108642,352.335633108642,6,4,1,80,Return
425.096013510355,3087.99783554586,558.085059314649,273.345842268443,353.345842268443,6,4,1,80,Return
425.439340621297,3083.08064154022,557.196388838033,274.375823601271,354.375823601271,6,4,1,80,Return
425.772464102608,3078.16344753457,556.307718361418,274.95868655542,354.95868655542,6,4,1,80,Return
426.105587583919,3073.24625352893,555.419047884802,275.388465011449,355.388465011449,6,4,1,80,Return
426.43871106523,3068.32905952328,554.530377408186,275.81824346744,355.81824346744,6,4,1,80,Return
426.771834546541,3063.41186551763,553.641706931571,276.248021923431,356.248021923431,6,4,1,80,Return
427.104958027852,3058.49467151199,552.753036454955,276.677800379422,356.677800379422,6,4,1,80,Return
427.438081509163,3053.57747750634,551.864365978339,277.107578835413,357.107578835413,6,4,1,80,Return
427.771204990474,3048.66028350069,550.975695501724,277.212431540445,357.212431540445,6,4,1,80,Return
428.104328471785,3043.74308949505,550.087025025108,277.258632090779,357.258632090779,6,4,1,80,Return
428.437451953096,3038.8258954894,549.198354548492,277.22945821016,357.22945821016,6,4,1,80,Return
428.770575434407,3033.90870148376,548.309684071877,277.200284329541,357.200284329541,6,4,1,80,Return
429.103698915718,3028.99150747811,547.421013595261,277.171110448922,357.171110448922,6,4,1,80,Return
429.436822397029,3024.07431347246,546.532343118645,277.026504439834,357.026504439834,6,4,1,80,Return
429.76994587834,3019.15711946682,545.64367264203,276.07392434206,356.07392434206,6,4,1,80,Return
430.103069359651,3014.23992546117,544.755002165414,275.160888590249,355.160888590249,6,4,1,80,Return
430.436192840962,3009.32273145552,543.866331688798,274.287397184489,354.287397184489,6,4,1,80,Return
430.769316322273,3004.40553744988,542.977661212183,273.45345012478,353.45345012478,6,4,1,80,Return
431.102439803584,2999.48834344423,542.088990735567,272.659047411123,352.659047411123,6,4,1,80,Return
431.435563284895,2994.57114943859,541.200320258951,271.819620704378,351.819620704378,6,4,1,80,Return
431.769816511904,2989.65395543294,540.311649782336,270.816861023354,350.816861023354,6,4,1,80,Return
432.102939993215,2984.73676142729,539.42297930572,269.833873515356,349.833873515356,6,4,1,80,Return
432.436063474526,2979.81956742165,538.534308829104,268.870658180383,348.870658180383,6,4,1,80,Return
432.769186955837,2974.902373416,537.645638352488,267.927215018436,347.927215018436,6,4,1,80,Return
433.102310437148,2969.98517941035,536.756967875873,267.00354402953,347.00354402953,6,4,1,80,Return
433.435433918459,2965.06798540471,535.868297399257,266.099645213608,346.099645213608,6,4,1,80,Return
433.76855739977,2960.15079139906,534.979626922641,265.215518570689,345.215518570689,6,4,1,80,Return
434.101680881081,2955.23359739342,534.090956446026,264.351164100798,344.351164100798,6,4,1,80,Return
434.434804362392,2950.31640338777,533.20228596941,263.506581803933,343.506581803933,6,4,1,80,Return
434.767927843703,2945.39920938212,532.313615492794,262.681771680087,342.681771680087,6,4,1,80,Return
435.101051325014,2940.48201537648,531.424945016179,261.876733729271,341.876733729271,6,4,1,80,Return
435.434174806325,2935.56482137083,530.536274539563,261.216782059883,341.216782059883,6,4,1,80,Return
435.767298287636,2930.64762736518,529.647604062947,260.610646925859,340.610646925859,6,4,1,80,Return
436.100421768947,2925.73043335954,528.758933586332,259.994625705323,339.994625705323,6,4,1,80,Return
436.433545250258,2920.81323935389,527.870263109716,259.36871839827,339.36871839827,6,4,1,80,Return
436.766668731569,2915.89604534824,526.9815926331,258.73292500471,338.73292500471,6,4,1,80,Return
437.09979221288,2910.9788513426,526.092922156485,258.087245524638,338.087245524638,6,4,1,80,Return
437.432915694191,2906.06165733695,525.204251679869,257.933573780499,337.933573780499,6,4,1,80,Return
437.766039175502,2901.14446333131,524.315581203253,257.829200997299,337.829200997299,6,4,1,80,Return
438.099162656813,2896.22726932566,523.426910726638,257.695169954579,337.695169954579,6,4,1,80,Return
438.432286138124,2891.31007532001,522.538240250022,257.531480652309,337.531480652309,6,4,1,80,Return
438.765409619435,2886.39288131437,521.649569773406,257.3381330905,337.3381330905,6,4,1,80,Return
439.098533100746,2881.47568730872,520.76089929679,257.141975847375,337.141975847375,6,4,1,80,Return
439.431656582057,2876.55849330307,519.872228820175,257.405306905441,337.405306905441,6,4,1,80,Return
439.764780063368,2871.64129929743,518.983558343559,257.683588281849,337.683588281849,6,4,1,80,Return
440.097903544679,2866.72410529178,518.094887866943,257.980924301051,337.980924301051,6,4,1,80,Return
440.43102702599,2861.80691128614,517.206217390328,258.268374233741,338.268374233741,6,4,1,80,Return
440.764150507301,2856.88971728049,516.317546913712,258.545938079917,338.545938079917,6,4,1,80,Return
441.097273988612,2851.97252327484,515.428876437096,258.879351905149,338.879351905149,6,4,1,80,Return
441.430397469923,2847.0553292692,514.540205960481,259.394958445043,339.394958445043,6,4,1,80,Return
441.763520951234,2842.13813526355,513.651535483865,259.87102063893,339.87102063893,6,4,1,80,Return
442.096644432545,2837.2209412579,512.762865007249,260.30753848673,340.30753848673,6,4,1,80,Return
442.429767913856,2832.30374725226,511.874194530634,260.704511988479,340.704511988479,6,4,1,80,Return
442.762891395167,2827.38655324661,510.985524054018,261.061941144177,341.061941144177,6,4,1,80,Return
443.096014876478,2822.46935924097,510.096853577402,261.300450601527,341.300450601527,6,4,1,80,Return
443.429138357789,2817.55216523532,509.208183100787,261.412709072695,341.412709072695,6,4,1,80,Return
443.7622618391,2812.63497122967,508.319512624171,261.515081457273,341.515081457273,6,4,1,80,Return
444.095385320411,2807.71777722403,507.430842147555,261.607567755338,341.607567755338,6,4,1,80,Return
444.428508801722,2802.80058321838,506.54217167094,261.69016796689,341.69016796689,6,4,1,80,Return
444.761632283033,2797.88338921273,505.653501194324,261.762882091929,341.762882091929,6,4,1,80,Return
445.094755764344,2792.96619520709,504.764830717708,261.720789770816,341.720789770816,6,4,1,80,Return
445.427879245655,2788.04900120144,503.876160241092,261.601733343216,341.601733343216,6,4,1,80,Return
445.761002726966,2783.13180719579,502.987489764477,261.472790829076,341.472790829076,6,4,1,80,Return
446.094126208277,2778.21461319015,502.098819287861,261.333962228423,341.333962228423,6,4,1,80,Return
446.427249689588,2773.2974191845,501.210148811245,261.185247541257,341.185247541257,6,4,1,80,Return
446.760373170899,2768.38022517886,500.32147833463,261.026646767679,341.026646767679,6,4,1,80,Return
447.09349665221,2763.46303117321,499.432807858014,260.576976149544,340.576976149544,6,4,1,80,Return
447.426620133521,2758.54583716756,498.544137381398,260.071990199551,340.071990199551,6,4,1,80,Return
447.759743614832,2753.62864316192,497.655466904783,259.586776422584,339.586776422584,6,4,1,80,Return
448.092867096143,2748.71144915627,496.766796428167,259.121334818642,339.121334818642,6,4,1,80,Return
448.425990577454,2743.79425515062,495.878125951551,258.675665387807,338.675665387807,6,4,1,80,Return
448.759114058765,2738.87706114498,494.989455474936,258.249768129912,338.249768129912,6,4,1,80,Return
449.092237540076,2733.95986713933,494.10078499832,257.982340213432,337.982340213432,6,4,1,80,Return
449.425361021387,2729.04267313369,493.212114521704,257.747025098104,337.747025098104,6,4,1,80,Return
449.758484502698,2724.12547912804,492.323444045089,257.541368242315,337.541368242315,6,4,1,80,Return
450.091607984009,2719.20828512239,491.434773568473,257.365369646115,337.365369646115,6,4,1,80,Return
450.42473146532,2714.29109111675,490.546103091857,257.219029309396,337.219029309396,6,4,1,80,Return
450.757854946631,2709.3738971111,489.657432615242,257.134285126482,337.134285126482,6,4,1,80,Return
451.090978427942,2704.45670310545,488.768762138626,257.220066823165,337.220066823165,6,4,1,80,Return
451.424101909253,2699.53950909981,487.88009166201,257.336528507511,337.336528507511,6,4,1,80,Return
451.757225390564,2694.62231509416,486.991421185394,257.470552226672,337.470552226672,6,4,1,80,Return
452.090348871876,2689.70512108852,486.102750708779,257.614462032326,337.614462032326,6,4,1,80,Return
452.423472353187,2684.78792708287,485.214080232163,257.768257924493,337.768257924493,6,4,1,80,Return
452.756595834498,2679.87073307722,484.325409755547,257.862697404964,337.862697404964,6,4,1,80,Return
453.089719315809,2674.95353907158,483.436739278932,257.833958510641,337.833958510641,6,4,1,80,Return
453.42284279712,2670.03634506593,482.548068802316,257.805219616317,337.805219616317,6,4,1,80,Return
453.755966278431,2665.11915106028,481.6593983257,257.776480722006,337.776480722006,6,4,1,80,Return
454.089089759742,2660.20195705464,480.770727849085,257.747741827682,337.747741827682,6,4,1,80,Return
454.422213241053,2655.28476304899,479.882057372469,257.719002933358,337.719002933358,6,4,1,80,Return
454.755336722364,2650.36756904335,478.993386895853,257.754371186245,337.754371186245,6,4,1,80,Return
455.088460203675,2645.4503750377,478.104716419238,257.836744466952,337.836744466952,6,4,1,80,Return
455.421583684986,2640.53318103205,477.216045942622,257.909231661164,337.909231661164,6,4,1,80,Return
455.754707166297,2635.61598702641,476.327375466006,257.971832768847,337.971832768847,6,4,1,80,Return
456.087830647608,2630.69879302076,475.438704989391,258.024547790017,338.024547790017,6,4,1,80,Return
456.420954128919,2625.78159901511,474.550034512775,258.067376724674,338.067376724674,6,4,1,80,Return
456.75407761023,2620.86440500947,473.661364036159,258.160524993674,338.160524993674,6,4,1,80,Return
457.087201091541,2615.94721100382,472.772693559544,258.275045584705,338.275045584705,6,4,1,80,Return
457.420324572852,2611.03001699818,471.884023082928,258.389566175711,338.389566175711,6,4,1,80,Return
457.753448054163,2606.11282299253,470.995352606312,258.504086766717,338.504086766717,6,4,1,80,Return
458.086571535474,2601.19562898688,470.106682129697,258.618607357724,338.618607357724,6,4,1,80,Return
458.419695016785,2596.27843498124,469.218011653081,258.73312794873,338.73312794873,6,4,1,80,Return
458.752818498096,2591.36124097559,468.329341176465,259.053002543615,339.053002543615,6,4,1,80,Return
459.085941979407,2586.44404696994,467.440670699849,259.411606042847,339.411606042847,6,4,1,80,Return
459.419065460718,2581.5268529643,466.552000223234,259.789981715105,339.789981715105,6,4,1,80,Return
459.752188942029,2576.60965895865,465.663329746618,260.188129560388,340.188129560388,6,4,1,80,Return
460.08531242334,2571.69246495301,464.774659270002,260.606049578697,340.606049578697,6,4,1,80,Return
460.418435904651,2566.77527094736,463.885988793387,261,341,6,4,1,80,Return
460.751559385962,2561.85807694171,462.997318316771,261,341,6,4,1,80,Return
461.084682867273,2556.94088293607,462.108647840155,261,341,6,4,1,80,Return
461.417806348584,2552.02368893042,461.21997736354,261,341,6,4,1,80,Return
461.750929829895,2547.10649492477,460.331306886924,261,341,6,4,1,80,Return
462.084053311206,2542.18930091913,459.442636410308,261,341,6,4,1,80,Return
462.417176792517,2537.27210691348,458.553965933693,261.047406694685,341.047406694685,6,4,1,80,Return
462.750300273828,2532.35491290783,457.665295457077,261.220717311801,341.220717311801,6,4,1,80,Return
463.083423755139,2527.43771890219,456.776624980461,261.522793301112,341.522793301112,6,4,1,80,Return
463.41654723645,2522.52052489654,455.887954503846,261.817401741893,341.817401741893,6,4,1,80,Return
463.749670717761,2517.6033308909,454.99928402723,262.102124096107,342.102124096107,6,4,1,80,Return
464.082794199072,2512.68613688525,454.110613550614,262.376960363864,342.376960363864,6,4,1,80,Return
464.415917680383,2507.7689428796,453.221943073999,262.653481964499,342.653481964499,6,4,1,80,Return
464.749041161694,2502.85174887396,452.333272597383,262.940435921438,342.940435921438,6,4,1,80,Return
465.082164643005,2497.93455486831,451.444602120767,263.227389878376,343.227389878376,6,4,1,80,Return
465.415288124316,2493.01736086266,450.555931644151,263.514343835315,343.514343835315,6,4,1,80,Return
465.748411605627,2488.10016685702,449.667261167536,263.801297792202,343.801297792202,6,4,1,80,Return
466.081535086938,2483.18297285137,448.77859069092,264.088251749141,344.088251749141,6,4,1,80,Return
466.414658568249,2478.26577884573,447.889920214304,264.826472335129,344.826472335129,6,4,1,80,Return
466.74778204956,2473.34858484008,447.001249737689,265.801419810647,345.801419810647,6,4,1,80,Return
467.080905530871,2468.43139083443,446.112579261073,266.776367286165,346.776367286165,6,4,1,80,Return
467.414029012182,2463.51419682879,445.223908784457,267.751314761632,347.751314761632,6,4,1,80,Return
467.747152493493,2458.59700282314,444.335238307842,268.72626223715,348.72626223715,6,4,1,80,Return
468.080275974804,2453.67980881749,443.446567831226,269.701209712668,349.701209712668,6,4,1,80,Return
468.500640924694,2448.76261481185,442.55789735461,270.962304562339,350.962304562339,6,4,1,80,Return
468.944986284227,2443.8454208062,441.669226877995,272.295340640938,352.295340640938,6,4,1,80,Return
469.395922368081,2438.92822680056,440.780556401379,273.6481488925,353.6481488925,6,4,1,80,Return
469.853449176296,2434.01103279491,439.891885924763,275.020729317146,355.020729317146,6,4,1,80,Return
470.317566708854,2429.09383878926,439.003215448148,276.413081914818,356.413081914818,6,4,1,80,Return
470.789453159004,2424.17664478362,438.114544971532,277.828741265269,357.828741265269,6,4,1,80,Return
471.047523226267,2421.71804778079,437.670209733224,278.602951467059,358.602951467059,6,4,1,80,Return
471.305593293394,2419.25945077797,437.225874494916,279.377161668439,359.377161668439,6,4,1,80,Return
471.563663360657,2416.80085377515,436.781539256608,280.151371870229,360.151371870229,6,4,1,80,Return
471.821733427759,2414.34225677232,436.337204018301,280.925582071533,360.925582071533,6,4,1,80,Return
472.079803495022,2411.8836597695,435.892868779993,281.699792273322,361.699792273322,6,4,1,80,Return
472.337873562149,2409.42506276668,435.448533541685,282.474002474703,362.474002474703,6,4,1,80,Return
472.595943629412,2406.96646576385,435.004198303377,283.248212676492,363.248212676492,6,4,1,80,Return
472.854013696539,2404.50786876103,434.559863065069,284.022422877873,364.022422877873,6,4,1,80,Return
473.112083763802,2402.04927175821,434.115527826761,284.796633079662,364.796633079662,6,4,1,80,Return
473.370153830929,2399.59067475539,433.671192588453,285.570843281043,365.570843281043,6,4,1,80,Return
473.81031413076,2394.67348074974,432.782522111838,286.891324180538,366.891324180538,6,4,1,80,Return
474.143437612071,2389.75628674409,431.893851635222,287.380070200754,367.380070200754,6,4,1,80,Return
474.476561093382,2384.83909273845,431.005181158606,287.878702307559,367.878702307559,6,4,1,80,Return
474.809684574693,2379.9218987328,430.116510681991,288.387220500878,368.387220500878,6,4,1,80,Return
475.142808056004,2375.00470472715,429.227840205375,288.905624780709,368.905624780709,6,4,1,80,Return
475.475931537315,2370.08751072151,428.339169728759,289.433915147053,369.433915147053,6,4,1,80,Return
475.809055018627,2365.17031671586,427.450499252144,289.770583430956,369.770583430956,6,4,1,80,Return
476.142178499938,2360.25312271021,426.561828775528,289.792490106861,369.792490106861,6,4,1,80,Return
476.475301981249,2355.33592870457,425.673158298912,289.805704699484,369.805704699484,6,4,1,80,Return
476.80842546256,2350.41873469892,424.784487822297,289.828805378621,369.828805378621,6,4,1,80,Return
477.141548943871,2345.50154069328,423.895817345681,289.86179214427,369.86179214427,6,4,1,80,Return
477.474672425182,2340.58434668763,423.007146869065,289.904664996432,369.904664996432,6,4,1,80,Return
477.807795906493,2335.66715268198,422.11847639245,290.662811604515,370.662811604515,6,4,1,80,Return
478.230007134077,2330.74995867634,421.229805915834,291.92944528727,371.92944528727,6,4,1,80,Return
478.655513723833,2325.83276467069,420.341135439218,293.205965056537,373.205965056537,6,4,1,80,Return
479.08431567576,2320.91557066504,419.452464962603,294.492370912318,374.492370912318,6,4,1,80,Return
479.516412989859,2315.9983766594,418.563794485987,295.788662854613,375.788662854613,6,4,1,80,Return
479.951805666094,2311.08118265375,417.675124009371,297.094840883319,377.094840883319,6,4,1,80,Return
480.223512292521,2308.62258565093,417.230788771063,297.909960762601,377.909960762601,6,4,1,80,Return
480.539055750371,2306.16398864811,416.786453532755,298.856591136149,378.856591136149,6,4,1,80,Return
480.853775367512,2303.70539164528,416.342118294448,299.800749987575,379.800749987575,6,4,1,80,Return
481.167671144276,2301.24679464246,415.89778305614,300.742437317866,380.742437317866,6,4,1,80,Return
481.480743080333,2298.78819763964,415.453447817832,301.681653126036,381.681653126036,6,4,1,80,Return
481.792991176011,2296.32960063681,415.009112579524,302.61839741307,382.61839741307,6,4,1,80,Return
482.104415430982,2293.87100363399,414.564777341216,303.552670177984,383.552670177984,6,4,1,80,Return
482.415015845575,2291.41240663117,414.120442102908,304.484471421761,384.484471421761,6,4,1,80,Return
482.72479241943,2288.95380962834,413.676106864601,305.413801143327,385.413801143327,6,4,1,80,Return
483.033745152937,2286.49521262552,413.231771626293,306.340659343848,386.340659343848,6,4,1,80,Return
483.341874045738,2284.0366156227,412.787436387985,307.265046022252,387.265046022252,6,4,1,80,Return
483.649179098159,2281.57801861987,412.343101149677,308.186961179516,388.186961179516,6,4,1,80,Return
484.069444523211,2276.66082461423,411.454430673061,309.447757454671,389.447757454671,6,4,1,80,Return
484.47474723309,2271.74363060858,410.565760196446,310.663665584308,390.663665584308,6,4,1,80,Return
484.873459218627,2266.82643660294,409.67708971983,311.859801540919,391.859801540919,6,4,1,80,Return
485.265580479798,2261.90924259729,408.788419243214,313.036165324432,393.036165324432,6,4,1,80,Return
485.651111016653,2256.99204859164,407.899748766599,314.192756934996,394.192756934996,6,4,1,80,Return
486.039848148335,2252.074854586,407.011078289983,315.358968330043,395.358968330043,6,4,1,80,Return
486.489728203946,2247.15766058035,406.122407813367,316.708608496874,396.708608496874,6,4,1,80,Return
486.949494346069,2242.2404665747,405.233737336752,318.087906923245,398.087906923245,6,4,1,80,Return
487.419146574678,2237.32327256906,404.345066860136,319.496863609072,399.496863609072,6,4,1,80,Return
487.898684889826,2232.40607856341,403.45639638352,320.935478554516,400.935478554516,6,4,1,80,Return
488.388109291488,2227.48888455777,402.567725906905,322.403751759501,402.403751759501,6,4,1,80,Return
488.636528774698,2225.03028755494,402.123390668597,323.149010209132,403.149010209132,6,4,1,80,Return
488.966655656453,2222.57169055212,401.679055430289,324.139390854398,404.139390854398,6,4,1,80,Return
489.339446160005,2220.1130935493,401.234720191981,325.257762365052,405.257762365052,6,4,1,80,Return
489.71388434484,2217.65449654647,400.790384953673,326.381076919558,406.381076919558,6,4,1,80,Return
490.089970210562,2215.19589954365,400.346049715365,327.509334516724,407.509334516724,6,4,1,80,Return
490.467703757532,2212.73730254083,399.901714477057,328.642535157632,408.642535157632,6,4,1,80,Return
490.847084985423,2210.278705538,399.45737923875,329.780678841306,409.780678841306,6,4,1,80,Return
491.228113894601,2207.82010853518,399.013044000442,330.923765568839,410.923765568839,6,4,1,80,Return
491.610790484663,2205.36151153236,398.568708762134,332.071795339025,412.071795339025,6,4,1,80,Return
491.995114756012,2202.90291452953,398.124373523826,333.224768153072,413.224768153072,6,4,1,80,Return
492.381086708244,2200.44431752671,397.680038285518,334.38268400977,414.38268400977,6,4,1,80,Return
492.768706341765,2197.98572052389,397.23570304721,335.545542910331,415.545542910331,6,4,1,80,Return
493.149919093322,2195.52712352106,396.791367808903,336.689181165004,416.689181165004,6,4,1,80,Return
493.316480833978,2193.06852651824,396.347032570595,337.093812968883,417.093812968883,6,4,1,80,Return
493.649604315289,2188.1513325126,395.458362093979,337.871699386606,417.871699386606,6,4,1,80,Return
493.9827277966,2183.23413850695,394.569691617363,338.617605680128,418.617605680128,6,4,1,80,Return
494.315851277911,2178.3169445013,393.681021140748,339.36351197365,419.36351197365,6,4,1,80,Return
494.648974759222,2173.39975049566,392.792350664132,340.109418267172,420.109418267172,6,4,1,80,Return
494.982098240533,2168.48255649001,391.903680187516,340.855324560694,420.855324560694,6,4,1,80,Return
495.315221721844,2163.56536248436,391.015009710901,340.997666080501,420.997666080501,6,4,1,80,Return
495.648345203155,2158.64816847872,390.126339234285,340.883580475679,420.883580475679,6,4,1,80,Return
495.981468684466,2153.73097447307,389.237668757669,340.769494870959,420.769494870959,6,4,1,80,Return
496.314592165777,2148.81378046743,388.348998281054,340.655409266238,420.655409266238,6,4,1,80,Return
496.647715647088,2143.89658646178,387.460327804438,340.541323661518,420.541323661518,6,4,1,80,Return
496.980839128399,2138.97939245613,386.571657327822,340.427238056798,420.427238056798,6,4,1,80,Return
497.31396260971,2134.06219845049,385.682986851207,340.41862771152,420.41862771152,6,4,1,80,Return
497.647086091021,2129.14500444484,384.794316374591,340.386018659425,420.386018659425,6,4,1,80,Return
497.980209572332,2124.22781043919,383.905645897975,340.313865261279,420.313865261279,6,4,1,80,Return
498.313333053643,2119.31061643355,383.01697542136,340.202167517082,420.202167517082,6,4,1,80,Return
498.646456534954,2114.3934224279,382.128304944744,340.050925426833,420.050925426833,6,4,1,80,Return
498.979580016265,2109.47622842225,381.239634468128,339.832540867942,419.832540867942,6,4,1,80,Return
499.312703497576,2104.55903441661,380.350963991512,339.260147726829,419.260147726829,6,4,1,80,Return
499.645826978887,2099.64184041096,379.462293514897,338.707526758742,418.707526758742,6,4,1,80,Return
499.978950460198,2094.72464640532,378.573623038281,338.174677963681,418.174677963681,6,4,1,80,Return
500.312073941509,2089.80745239967,377.684952561665,337.661601341645,417.661601341645,6,4,1,80,Return
500.64519742282,2084.89025839402,376.79628208505,337.168296892561,417.168296892561,6,4,1,80,Return
500.978320904131,2079.97306438838,375.907611608434,336.691651969809,416.691651969809,6,4,1,80,Return
501.311444385442,2075.05587038273,375.018941131818,336.244592751506,416.244592751506,6,4,1,80,Return
501.644567866753,2070.13867637708,374.130270655203,335.846963965769,415.846963965769,6,4,1,80,Return
501.977691348064,2065.22148237144,373.241600178587,335.498765612599,415.498765612599,6,4,1,80,Return
502.310814829375,2060.30428836579,372.352929701971,335.199997691871,415.199997691871,6,4,1,80,Return
502.643938310686,2055.38709436015,371.464259225356,334.950660203824,414.950660203824,6,4,1,80,Return
502.977061791997,2050.4699003545,370.57558874874,334.938427871786,414.938427871786,6,4,1,80,Return
503.310185273308,2045.55270634885,369.686918272124,335.230381767134,415.230381767134,6,4,1,80,Return
503.643308754619,2040.63551234321,368.798247795509,335.601424354586,415.601424354586,6,4,1,80,Return
503.97643223593,2035.71831833756,367.909577318893,336.051555633939,416.051555633939,6,4,1,80,Return
504.309555717241,2030.80112433191,367.020906842277,336.580775605578,416.580775605578,6,4,1,80,Return
504.642679198552,2025.88393032627,366.132236365662,337.18908426932,417.18908426932,6,4,1,80,Return
504.975802679863,2020.96673632062,365.243565889046,337.988957059594,417.988957059594,6,4,1,80,Return
505.308926161174,2016.04954231498,364.35489541243,338.853326987281,418.853326987281,6,4,1,80,Return
505.642049642485,2011.13234830933,363.466224935814,339.720914739655,419.720914739655,6,4,1,80,Return
505.975173123796,2006.21515430368,362.577554459199,340.628046838299,420.628046838299,6,4,1,80,Return
506.308296605107,2001.29796029804,361.688883982583,341.574723282994,421.574723282994,6,4,1,80,Return
506.641420086418,1996.38076629239,360.800213505967,342.560944073742,422.560944073742,6,4,1,80,Return
506.974543567729,1991.46357228674,359.911543029352,342.838207635427,422.838207635427,6,4,1,80,Return
507.30766704904,1986.5463782811,359.022872552736,342.970257801511,422.970257801511,6,4,1,80,Return
507.640790530351,1981.62918427545,358.13420207612,343.122080140352,423.122080140352,6,4,1,80,Return
507.973914011662,1976.7119902698,357.245531599505,343.293674652484,423.293674652484,6,4,1,80,Return
508.307037492973,1971.79479626416,356.356861122889,343.485041337641,423.485041337641,6,4,1,80,Return
508.640160974284,1966.87760225851,355.468190646273,343.697532653515,423.697532653515,6,4,1,80,Return
508.973284455595,1961.96040825287,354.579520169658,344.272463081125,424.272463081125,6,4,1,80,Return
509.306407936906,1957.04321424722,353.690849693042,344.837507421944,424.837507421944,6,4,1,80,Return
509.639531418217,1952.12602024157,352.802179216426,345.39266567653,425.39266567653,6,4,1,80,Return
509.972654899528,1947.20882623593,351.913508739811,345.937937844602,425.937937844602,6,4,1,80,Return
510.305778380839,1942.29163223028,351.024838263195,346.47332392616,426.47332392616,6,4,1,80,Return
510.63890186215,1937.37443822463,350.136167786579,346.821576846994,426.821576846994,6,4,1,80,Return
510.972025343461,1932.45724421899,349.247497309964,346.385488619594,426.385488619594,6,4,1,80,Return
511.305148824772,1927.54005021334,348.358826833348,345.909856046711,425.909856046711,6,4,1,80,Return
511.638272306083,1922.6228562077,347.470156356732,345.394679127776,425.394679127776,6,4,1,80,Return
511.971395787394,1917.70566220205,346.581485880117,344.83995786279,424.83995786279,6,4,1,80,Return
512.304519268705,1912.7884681964,345.692815403501,344.245692251752,424.245692251752,6,4,1,80,Return
512.637642750016,1907.87127419076,344.804144926885,343.379397619949,423.379397619949,6,4,1,80,Return
513.077400973628,1902.95408018511,343.915474450269,342.060122949113,422.060122949113,6,4,1,80,Return
513.543522094608,1898.03688617946,343.026803973654,340.661759586174,420.661759586174,6,4,1,80,Return
514.036006112956,1893.11969217382,342.138133497038,339.184307531131,419.184307531131,6,4,1,80,Return
514.292134208549,1890.661095171,341.69379825873,338.415923244352,418.415923244352,6,4,1,80,Return
514.554853028671,1888.20249816817,341.249463020422,337.627766783984,417.627766783984,6,4,1,80,Return
514.824162572946,1885.74390116535,340.805127782115,336.819838151159,416.819838151159,6,4,1,80,Return
515.100062841796,1883.28530416253,340.360792543807,335.992137344611,415.992137344611,6,4,1,80,Return
515.390866965048,1880.8267071597,339.916457305499,335.119724974853,415.119724974853,6,4,1,80,Return
515.744029039078,1878.36811015688,339.472122067191,334.060238752763,414.060238752763,6,4,1,80,Return
516.098014953415,1875.90951315406,339.027786828883,332.998281009752,412.998281009752,6,4,1,80,Return
516.452824708531,1873.45091615123,338.583451590575,331.933851744405,411.933851744405,6,4,1,80,Return
516.808458303953,1870.99231914841,338.139116352267,330.866950958138,410.866950958138,6,4,1,80,Return
517.164915740155,1868.53372214559,337.69478111396,329.797578649534,409.797578649534,6,4,1,80,Return
517.522197016662,1866.07512514276,337.250445875652,328.725734820011,408.725734820011,6,4,1,80,Return
517.880302133949,1863.61652813994,336.806110637344,327.651419468149,407.651419468149,6,4,1,80,Return
518.239231091542,1861.15793113712,336.361775399036,326.57463259537,406.57463259537,6,4,1,80,Return
518.598983889951,1858.69933413429,335.917440160728,325.495374200146,405.495374200146,6,4,1,80,Return
518.959560528629,1856.24073713147,335.47310492242,324.413644284112,404.413644284112,6,4,1,80,Return
519.320961008087,1853.78214012865,335.028769684113,323.329442845736,403.329442845736,6,4,1,80,Return
519.681751235635,1851.32354312582,334.584434445805,322.247072163093,402.247072163093,6,4,1,80,Return
520.044985064483,1848.864946123,334.140099207497,321.15737067655,401.15737067655,6,4,1,80,Return
520.410105489192,1846.40634912018,333.695763969189,320.062009402421,400.062009402421,6,4,1,80,Return
520.774801330802,1843.94775211736,333.251428730881,318.96792187759,398.96792187759,6,4,1,80,Return
521.140321012716,1841.48915511453,332.807093492573,317.871362831849,397.871362831849,6,4,1,80,Return
521.506664535412,1839.03055811171,332.362758254266,316.772332263762,396.772332263762,6,4,1,80,Return
521.873831898411,1836.57196110889,331.918423015958,315.670830174765,395.670830174765,6,4,1,80,Return
522.241823102224,1834.11336410606,331.47408777765,314.566856563326,394.566856563326,6,4,1,80,Return
522.610638146307,1831.65476710324,331.029752539342,313.460411431075,393.460411431075,6,4,1,80,Return
522.980277031174,1829.19617010042,330.585417301034,312.351494776475,392.351494776475,6,4,1,80,Return
523.350739756343,1826.73757309759,330.141082062726,311.240106600967,391.240106600967,6,4,1,80,Return
523.722026322296,1824.27897609477,329.696746824419,310.12624690311,390.12624690311,6,4,1,80,Return
524.154791029768,1819.36178208912,328.808076347803,308.827952780694,388.827952780694,6,4,1,80,Return
524.571872616483,1814.44458808348,327.919405871187,307.576708020547,387.576708020547,6,4,1,80,Return
524.995544927541,1809.52739407783,327.030735394571,306.305691087375,386.305691087375,6,4,1,80,Return
525.425807962964,1804.61020007219,326.142064917956,305.014901981105,385.014901981105,6,4,1,80,Return
525.862661722704,1799.69300606654,325.25339444134,303.704340701885,383.704340701885,6,4,1,80,Return
526.317703961101,1794.77581206089,324.364723964724,302.339213986693,382.339213986693,6,4,1,80,Return
526.589824683207,1792.31721505807,323.920388726417,301.522851820377,381.522851820377,6,4,1,80,Return
526.86276924603,1789.85861805525,323.476053488109,300.704018131906,380.704018131906,6,4,1,80,Return
527.136537649221,1787.40002105242,323.031718249801,299.882712922334,379.882712922334,6,4,1,80,Return
527.411129893131,1784.9414240496,322.587383011493,299.058936190605,379.058936190605,6,4,1,80,Return
527.686545977426,1782.48282704678,322.143047773185,298.23268793772,378.23268793772,6,4,1,80,Return
527.962785902421,1780.02423004395,321.698712534877,297.403968162734,377.403968162734,6,4,1,80,Return
528.239849667782,1777.56563304113,321.25437729657,296.572776866652,376.572776866652,6,4,1,80,Return
528.517737273863,1775.10703603831,320.810042058262,295.739114048409,375.739114048409,6,4,1,80,Return
528.796448720308,1772.64843903548,320.365706819954,294.902979709071,374.902979709071,6,4,1,80,Return
529.075984007475,1770.18984203266,319.921371581646,294.064373847571,374.064373847571,6,4,1,80,Return
529.356343135006,1767.73124502984,319.477036343338,293.223296464977,373.223296464977,6,4,1,80,Return
529.57648335299,1765.27264802701,319.03270110503,292.562875811026,372.562875811026,6,4,1,80,Return
529.93949437973,1760.35545402137,318.144030628415,291.473842730806,371.473842730806,6,4,1,80,Return
530.302505406488,1755.43826001572,317.255360151799,290.384809650534,370.384809650534,6,4,1,80,Return
530.665516433228,1750.52106601008,316.366689675183,289.295776570313,369.295776570313,6,4,1,80,Return
531.028527459968,1745.60387200443,315.478019198568,288.206743490092,368.206743490092,6,4,1,80,Return
531.391538486708,1740.68667799878,314.589348721952,287.117710409872,367.117710409872,6,4,1,80,Return
531.724661968019,1735.76948399314,313.700678245336,286.451537250419,366.451537250419,6,4,1,80,Return
532.05778544933,1730.85228998749,312.812007768721,286.222496068372,366.222496068372,6,4,1,80,Return
532.390908930641,1725.93509598184,311.923337292105,285.993454886376,365.993454886376,6,4,1,80,Return
532.724032411952,1721.0179019762,311.034666815489,285.76441370438,365.76441370438,6,4,1,80,Return
533.057155893263,1716.10070797055,310.145996338873,285.535372522384,365.535372522384,6,4,1,80,Return
533.390279374574,1711.18351396491,309.257325862258,285.306331340387,365.306331340387,6,4,1,80,Return
533.723402855885,1706.26631995926,308.368655385642,284.884355446512,364.884355446512,6,4,1,80,Return
534.056526337196,1701.34912595361,307.479984909026,284.354035456248,364.354035456248,6,4,1,80,Return
534.389649818507,1696.43193194797,306.591314432411,283.803943292957,363.803943292957,6,4,1,80,Return
534.722773299818,1691.51473794232,305.702643955795,283.234078956639,363.234078956639,6,4,1,80,Return
535.055896781129,1686.59754393667,304.813973479179,282.644442447295,362.644442447295,6,4,1,80,Return
535.38902026244,1681.68034993103,303.925303002564,282.035033764898,362.035033764898,6,4,1,80,Return
535.846292242406,1676.76315592538,303.036632525948,280.663217824999,360.663217824999,6,4,1,80,Return
536.31131634106,1671.84596191974,302.147962049332,279.268145529037,359.268145529037,6,4,1,80,Return
536.773045077543,1666.92876791409,301.259291572717,277.882959319589,357.882959319589,6,4,1,80,Return
537.231478451855,1662.01157390844,300.370621096101,276.507659196653,356.507659196653,6,4,1,80,Return
537.686616464021,1657.0943799028,299.481950619485,275.142245160155,355.142245160155,6,4,1,80,Return
538.136020336263,1652.17718589715,298.59328014287,273.794033543427,353.794033543427,6,4,1,80,Return
538.537204893336,1647.2599918915,297.704609666254,272.590479872208,352.590479872208,6,4,1,80,Return
538.938389450409,1642.34279788586,296.815939189638,271.386926200989,351.386926200989,6,4,1,80,Return
539.339574007482,1637.42560388021,295.927268713023,270.183372529771,350.183372529771,6,4,1,80,Return
539.740758564555,1632.50840987457,295.038598236407,268.979818858552,348.979818858552,6,4,1,80,Return
540.141943121653,1627.59121586892,294.149927759791,267.776265187256,347.776265187256,6,4,1,80,Return
540.597869885406,1622.67402186327,293.261257283175,266.408484895998,346.408484895998,6,4,1,80,Return
540.912786001806,1620.21542486045,292.816922044868,265.463736546797,345.463736546797,6,4,1,80,Return
541.225230596374,1617.75682785763,292.37258680656,264.526402763096,344.526402763096,6,4,1,80,Return
541.535203669516,1615.2982308548,291.928251568252,263.596483543667,343.596483543667,6,4,1,80,Return
541.842705220828,1612.83963385198,291.483916329944,262.673978889734,342.673978889734,6,4,1,80,Return
542.147735250713,1610.38103684916,291.039581091636,261.758888800077,341.758888800077,6,4,1,80,Return
542.450293758768,1607.92243984633,290.595245853328,260.851213275911,340.851213275911,6,4,1,80,Return
542.75038074543,1605.46384284351,290.150910615021,259.950952315926,339.950952315926,6,4,1,80,Return
543.047996210231,1603.00524584069,289.706575376713,259.058105921524,339.058105921524,6,4,1,80,Return
543.343140153603,1600.54664883786,289.262240138405,258.172674091409,338.172674091409,6,4,1,80,Return
543.635812575147,1598.08805183504,288.817904900097,257.294656826775,337.294656826775,6,4,1,80,Return
543.926013475261,1595.62945483222,288.373569661789,256.424054126432,336.424054126432,6,4,1,80,Return
544.164841582513,1593.1708578294,287.929234423481,255.707569804678,335.707569804678,6,4,1,80,Return
544.621597686036,1588.25366382375,287.040563946866,254.337301494108,334.337301494108,6,4,1,80,Return
545.075058427389,1583.3364698181,286.15189347025,252.97691927005,332.97691927005,6,4,1,80,Return
545.525223806611,1578.41927581246,285.263222993634,251.626423132383,331.626423132383,6,4,1,80,Return
545.972093823622,1573.50208180681,284.374552517019,250.28581308135,330.28581308135,6,4,1,80,Return
546.415668478463,1568.58488780116,283.485882040403,248.955089116829,328.955089116829,6,4,1,80,Return
546.748791959774,1563.66769379552,282.597211563787,248.05054547641,328.05054547641,6,4,1,80,Return
547.081915441085,1558.75049978987,281.708541087172,247.448519629363,327.448519629363,6,4,1,80,Return
547.415038922396,1553.83330578422,280.819870610556,246.886038128217,326.886038128217,6,4,1,80,Return
547.748162403707,1548.91611177858,279.93120013394,246.363100973263,326.363100973263,6,4,1,80,Return
548.081285885018,1543.99891777293,279.042529657325,245.879708164361,325.879708164361,6,4,1,80,Return
548.414409366329,1539.08172376729,278.153859180709,245.435859701511,325.435859701511,6,4,1,80,Return
548.747532847639,1534.16452976164,277.265188704093,244.963141085348,324.963141085348,6,4,1,80,Return
549.08065632895,1529.24733575599,276.376518227478,244.432383793669,324.432383793669,6,4,1,80,Return
549.413779810261,1524.33014175035,275.487847750862,243.852196069594,323.852196069594,6,4,1,80,Return
549.746903291572,1519.4129477447,274.599177274246,243.222577912953,323.222577912953,6,4,1,80,Return
550.080026772883,1514.49575373905,273.71050679763,242.543529323745,322.543529323745,6,4,1,80,Return
550.413150254194,1509.57855973341,272.821836321015,241.81505030197,321.81505030197,6,4,1,80,Return
550.746273735505,1504.66136572776,271.933165844399,241.166336001517,321.166336001517,6,4,1,80,Return
551.079397216816,1499.74417172212,271.044495367783,240.331422096949,320.331422096949,6,4,1,80,Return
551.412520698127,1494.82697771647,270.155824891168,239.466849933099,319.466849933099,6,4,1,80,Return
551.745644179438,1489.90978371082,269.267154414552,238.57261950971,318.57261950971,6,4,1,80,Return
552.078767660749,1484.99258970518,268.378483937936,237.648730826783,317.648730826783,6,4,1,80,Return
552.417028978478,1480.07539569953,267.489813461321,236.633946873596,316.633946873596,6,4,1,80,Return
552.869926788846,1475.15820169388,266.601142984705,235.275253442492,315.275253442492,6,4,1,80,Return
553.336006047898,1470.24100768824,265.712472508089,233.877015665337,313.877015665337,6,4,1,80,Return
553.815266755633,1465.32381368259,264.823802031474,232.439233542131,312.439233542131,6,4,1,80,Return
554.307708912053,1460.40661967695,263.935131554858,230.961907072873,310.961907072873,6,4,1,80,Return
554.55887303345,1457.94802267412,263.49079631655,230.208414708682,310.208414708682,6,4,1,80,Return
554.813332517156,1455.4894256713,263.046461078242,229.445036257564,309.445036257564,6,4,1,80,Return
555.071087362873,1453.03082866848,262.602125839934,228.671771720413,308.671771720413,6,4,1,80,Return
555.319153904093,1450.57223166565,262.157790601627,227.927572096751,307.927572096751,6,4,1,80,Return
555.809761010182,1445.65503766001,261.269120125011,226.455750778484,306.455750778484,6,4,1,80,Return
556.306958840613,1440.73784365436,260.380449648395,224.964157287191,304.964157287191,6,4,1,80,Return
556.55802927739,1438.27924665154,259.936114410087,224.21094597686,304.21094597686,6,4,1,80,Return
556.810747395386,1435.82064964871,259.49177917178,223.452791622873,303.452791622873,6,4,1,80,Return
557.065113194334,1433.36205264589,259.047443933472,222.68969422603,302.68969422603,6,4,1,80,Return
557.321126674501,1430.90345564307,258.603108695164,221.921653785529,301.921653785529,6,4,1,80,Return
557.57878783559,1428.44485864024,258.158773456856,221.14867030226,301.14867030226,6,4,1,80,Return
557.838096677928,1425.98626163742,257.714438218548,220.370743775247,300.370743775247,6,4,1,80,Return
558.107764522935,1423.5276646346,257.27010298024,219.561740240226,299.561740240226,6,4,1,80,Return
558.485289992389,1421.06906763177,256.825767741932,218.429163831865,298.429163831865,6,4,1,80,Return
558.862815461638,1418.61047062895,256.381432503625,217.296587424118,297.296587424118,6,4,1,80,Return
559.240340931091,1416.15187362613,255.937097265317,216.164011015757,296.164011015757,6,4,1,80,Return
559.617866400341,1413.69327662331,255.492762027009,215.031434608009,295.031434608009,6,4,1,80,Return
559.995391869794,1411.23467962048,255.048426788701,213.898858199648,293.898858199648,6,4,1,80,Return
560.372917339043,1408.77608261766,254.604091550393,212.766281791901,292.766281791901,6,4,1,80,Return
560.750442808497,1406.31748561484,254.159756312085,211.63370538354,291.63370538354,6,4,1,80,Return
561.127968277716,1403.85888861201,253.715421073778,210.501128975882,290.501128975882,6,4,1,80,Return
561.50549374717,1401.40029160919,253.27108583547,209.368552567521,289.368552567521,6,4,1,80,Return
561.883019216419,1398.94169460637,252.826750597162,208.235976159774,288.235976159774,6,4,1,80,Return
562.260544685873,1396.48309760354,252.382415358854,207.103399751413,287.103399751413,6,4,1,80,Return
562.620795788974,1394.02450060072,251.938080120546,206.02264644211,286.02264644211,6,4,1,80,Return
562.960290095048,1391.5659035979,251.493744882238,205.004163523887,285.004163523887,6,4,1,80,Return
563.300608241483,1389.10730659507,251.049409643931,203.983209084582,283.983209084582,6,4,1,80,Return
563.641750228643,1386.64870959225,250.605074405623,202.959783123102,282.959783123102,6,4,1,80,Return
563.983716056163,1384.19011258943,250.160739167315,201.933885640542,281.933885640542,6,4,1,80,Return
564.326505724409,1381.7315155866,249.716403929007,200.905516635805,280.905516635805,6,4,1,80,Return
564.670119233014,1379.27291858378,249.272068690699,199.874676109988,279.874676109988,6,4,1,80,Return
565.014556582313,1376.81432158096,248.827733452391,198.841364062092,278.841364062092,6,4,1,80,Return
565.359817772003,1374.35572457814,248.383398214084,197.805580493021,277.805580493021,6,4,1,80,Return
565.70590280242,1371.89712757531,247.939062975776,196.767325401771,276.767325401771,6,4,1,80,Return
566.052811673196,1369.43853057249,247.494727737468,195.726598789444,275.726598789444,6,4,1,80,Return
566.400544384698,1366.97993356967,247.05039249916,194.683400654936,274.683400654936,6,4,1,80,Return
566.768825509115,1362.06273956402,246.161722022544,193.578557281685,273.578557281685,6,4,1,80,Return
567.113930115898,1357.14554555837,245.273051545929,192.543243461338,272.543243461338,6,4,1,80,Return
567.468920809153,1352.22835155273,244.384381069313,191.478271381573,271.478271381573,6,4,1,80,Return
567.833797588958,1347.31115754708,243.495710592697,190.383641042156,270.383641042156,6,4,1,80,Return
568.208560455277,1342.39396354143,242.607040116082,189.2593524432,269.2593524432,6,4,1,80,Return
568.571567578696,1337.47676953579,241.718369639466,188.170331072944,268.170331072944,6,4,1,80,Return
568.904691060007,1332.55957553014,240.82969916285,187.710835844816,267.710835844816,6,4,1,80,Return
569.237814541318,1327.6423815245,239.941028686234,187.271782668896,267.271782668896,6,4,1,80,Return
569.570938022629,1322.72518751885,239.052358209619,186.803071233327,266.803071233327,6,4,1,80,Return
569.90406150394,1317.8079935132,238.163687733003,186.304701538217,266.304701538217,6,4,1,80,Return
570.237184985251,1312.89079950756,237.275017256387,185.776673583566,265.776673583566,6,4,1,80,Return
570.570308466562,1307.97360550191,236.386346779772,185.218987369379,265.218987369379,6,4,1,80,Return
570.903431947873,1303.05641149626,235.497676303156,184.631642895811,264.631642895811,6,4,1,80,Return
571.236555429184,1298.13921749062,234.60900582654,184.014640162561,264.014640162561,6,4,1,80,Return
571.569678910495,1293.22202348497,233.720335349925,183.367979169773,263.367979169773,6,4,1,80,Return
571.902802391805,1288.30482947933,232.831664873309,182.691659917446,262.691659917446,6,4,1,80,Return
572.235925873116,1283.38763547368,231.942994396693,181.98568240558,261.98568240558,6,4,1,80,Return
572.615611245482,1278.47044146803,231.054323920078,180.846626288483,260.846626288483,6,4,1,80,Return
572.883333441823,1276.01184446521,230.60998868177,180.04345969946,260.04345969946,6,4,1,80,Return
573.151055638105,1273.55324746239,230.165653443462,179.240293110615,259.240293110615,6,4,1,80,Return
573.418777834505,1271.09465045956,229.721318205154,178.437126521413,258.437126521413,6,4,1,80,Return
573.686500030787,1268.63605345674,229.276982966846,177.633959932568,257.633959932568,6,4,1,80,Return
573.954222227188,1266.17745645392,228.832647728538,176.830793343365,256.830793343365,6,4,1,80,Return
574.221944423469,1263.71885945109,228.388312490231,176.027626754521,256.027626754521,6,4,1,80,Return
574.48966661987,1261.26026244827,227.943977251923,175.224460165318,255.224460165318,6,4,1,80,Return
574.757388816152,1258.80166544545,227.499642013615,174.421293576474,254.421293576474,6,4,1,80,Return
575.025111012553,1256.34306844263,227.055306775307,173.618126987271,253.618126987271,6,4,1,80,Return
575.292833208834,1253.8844714398,226.610971536999,172.814960398426,252.814960398426,6,4,1,80,Return
575.625956690145,1248.96727743416,225.722301060384,172.107991907815,252.107991907815,6,4,1,80,Return
575.959080171456,1244.05008342851,224.833630583768,171.894103390635,251.894103390635,6,4,1,80,Return
576.292203652767,1239.13288942286,223.944960107152,171.699987046481,251.699987046481,6,4,1,80,Return
576.625327134078,1234.21569541722,223.056289630537,171.525642875355,251.525642875355,6,4,1,80,Return
576.958450615389,1229.29850141157,222.167619153921,171.371070877256,251.371070877256,6,4,1,80,Return
577.2915740967,1224.38130740592,221.278948677305,171.236271052337,251.236271052337,6,4,1,80,Return
577.624697578011,1219.46411340028,220.390278200689,171.793360582795,251.793360582795,6,4,1,80,Return
577.957821059322,1214.54691939463,219.501607724074,172.480484128779,252.480484128779,6,4,1,80,Return
578.290944540633,1209.62972538899,218.612937247458,173.167607674763,253.167607674763,6,4,1,80,Return
578.624068021944,1204.71253138334,217.724266770842,173.854731220747,253.854731220747,6,4,1,80,Return
578.957191503255,1199.79533737769,216.835596294227,174.541854766885,254.541854766885,6,4,1,80,Return
579.290314984566,1194.87814337205,215.946925817611,175.193828349264,255.193828349264,6,4,1,80,Return
579.623438465877,1189.9609493664,215.058255340995,174.504964858089,254.504964858089,6,4,1,80,Return
579.956561947188,1185.04375536075,214.16958486438,173.816101366914,253.816101366914,6,4,1,80,Return
580.289685428499,1180.12656135511,213.280914387764,173.127237875739,253.127237875739,6,4,1,80,Return
580.62280890981,1175.20936734946,212.392243911148,172.438374384717,252.438374384717,6,4,1,80,Return
580.955932391121,1170.29217334381,211.503573434533,171.749510893542,251.749510893542,6,4,1,80,Return
581.289055872432,1165.37497933817,210.614902957917,170.805150207308,250.805150207308,6,4,1,80,Return
581.605080098949,1162.91638233535,210.170567719609,169.857077527759,249.857077527759,6,4,1,80,Return
581.92316262892,1160.45778533252,209.726232481301,168.902829937844,248.902829937844,6,4,1,80,Return
582.239597477959,1157.9991883297,209.281897242993,167.953525390727,247.953525390727,6,4,1,80,Return
582.55438464576,1155.54059132688,208.837562004686,167.009163887324,247.009163887324,6,4,1,80,Return
582.867524132628,1153.08199432405,208.393226766378,166.069745426722,246.069745426722,6,4,1,80,Return
583.179015938207,1150.62339732123,207.94889152807,165.135270009983,245.135270009983,6,4,1,80,Return
583.488860062904,1148.16480031841,207.504556289762,164.205737635893,244.205737635893,6,4,1,80,Return
583.797056506364,1145.70620331558,207.060221051454,163.281148305512,243.281148305512,6,4,1,80,Return
584.103605268889,1143.24760631276,206.615885813146,162.361502017937,242.361502017937,6,4,1,80,Return
584.408506350179,1140.78900930994,206.171550574839,161.446798774067,241.446798774067,6,4,1,80,Return
584.711759750532,1138.33041230711,205.727215336531,160.537038573007,240.537038573007,6,4,1,80,Return
584.952344387444,1135.87181530429,205.282880098223,159.815284662273,239.815284662273,6,4,1,80,Return
585.401717092586,1130.95462129864,204.394209621607,158.467166546846,238.467166546846,6,4,1,80,Return
585.851089797728,1126.037427293,203.505539144991,157.119048431419,237.119048431419,6,4,1,80,Return
586.300462502824,1121.12023328735,202.616868668376,155.770930316133,235.770930316133,6,4,1,80,Return
586.749835207966,1116.20303928171,201.72819819176,154.422812200706,234.422812200706,6,4,1,80,Return
587.199207913108,1111.28584527606,200.839527715144,153.074694085279,233.074694085279,6,4,1,80,Return
587.44610679043,1108.82724827324,200.395192476837,152.333997453314,232.333997453314,6,4,1,80,Return
587.804731094137,1106.36865127041,199.950857238529,151.258124542193,231.258124542193,6,4,1,80,Return
588.165003079111,1103.91005426759,199.506522000221,150.17730858727,230.17730858727,6,4,1,80,Return
588.526922744989,1101.45145726477,199.062186761913,149.091549589638,229.091549589638,6,4,1,80,Return
588.890490092085,1098.99286026194,198.617851523605,148.00084754835,228.00084754835,6,4,1,80,Return
589.255705120132,1096.53426325912,198.173516285297,146.905202464209,226.905202464209,6,4,1,80,Return
589.622567829448,1094.0756662563,197.72918104699,145.804614336259,225.804614336259,6,4,1,80,Return
589.991078219666,1091.61706925347,197.284845808682,144.699083165607,224.699083165607,6,4,1,80,Return
590.361236291154,1089.15847225065,196.840510570374,143.588608951143,223.588608951143,6,4,1,80,Return
590.733042043542,1086.69987524783,196.396175332066,142.473191693979,222.473191693979,6,4,1,80,Return
591.106495477201,1084.24127824501,195.951840093758,141.352831393001,221.352831393001,6,4,1,80,Return
591.48159659176,1081.78268124218,195.50750485545,140.227528049325,220.227528049325,6,4,1,80,Return
591.843399535757,1079.32408423936,195.063169617142,139.142119217334,219.142119217334,6,4,1,80,Return
592.191532596355,1076.86548723654,194.618834378835,138.097720035538,218.097720035538,6,4,1,80,Return
592.538017975985,1074.40689023371,194.174499140527,137.058263896649,217.058263896649,6,4,1,80,Return
592.882855674583,1071.94829323089,193.730163902219,136.023750800855,216.023750800855,6,4,1,80,Return
593.226045691926,1069.48969622807,193.285828663911,134.994180748825,214.994180748825,6,4,1,80,Return
593.567588028353,1067.03109922524,192.841493425603,133.969553739546,213.969553739546,6,4,1,80,Return
593.907482683525,1064.57250222242,192.397158187295,132.949869774029,212.949869774029,6,4,1,80,Return
594.24572965778,1062.1139052196,191.952822948988,131.935128851265,211.935128851265,6,4,1,80,Return
594.582328950782,1059.65530821677,191.50848771068,130.925330972259,210.925330972259,6,4,1,80,Return
594.917280562865,1057.19671121395,191.064152472372,129.920476136009,209.920476136009,6,4,1,80,Return
595.250584493696,1054.73811421113,190.619817234064,128.920564343516,208.920564343516,6,4,1,80,Return
595.582240743608,1052.2795172083,190.175481995756,127.925595593781,207.925595593781,6,4,1,80,Return
595.851250362287,1049.82092020548,189.731146757448,127.118566737742,207.118566737742,6,4,1,80,Return
596.113440784154,1047.36232320266,189.286811519141,126.331995472142,206.331995472142,6,4,1,80,Return
596.374807365353,1044.90372619983,188.842476280833,125.547895728546,205.547895728546,6,4,1,80,Return
596.635350106134,1042.44512919701,188.398141042525,124.766267506204,204.766267506204,6,4,1,80,Return
596.895069006247,1039.98653219419,187.953805804217,123.987110805863,203.987110805863,6,4,1,80,Return
597.153964065942,1037.52793519137,187.509470565909,123.210425626778,203.210425626778,6,4,1,80,Return
597.412035284971,1035.06933818854,187.065135327601,122.436211969692,202.436211969692,6,4,1,80,Return
597.66928266358,1032.61074118572,186.620800089293,121.664469833864,201.664469833864,6,4,1,80,Return
597.925706201523,1030.1521441829,186.176464850986,120.895199220035,200.895199220035,6,4,1,80,Return
598.181305899047,1027.69354718007,185.732129612678,120.128400127464,200.128400127464,6,4,1,80,Return
598.642264637204,1022.77635317443,184.843459136062,118.745523912992,198.745523912992,6,4,1,80,Return
598.975388118515,1017.85915916878,183.954788659446,118.213817940982,198.213817940982,6,4,1,80,Return
599.308511599826,1012.94196516313,183.066118182831,117.642567622921,197.642567622921,6,4,1,80,Return
599.641635081137,1008.02477115749,182.177447706215,117.031772958808,197.031772958808,6,4,1,80,Return
599.974758562448,1003.10757715184,181.288777229599,116.381433948644,196.381433948644,6,4,1,80,Return
600.307882043759,998.190383146195,180.400106752984,115.691550592602,195.691550592602,6,4,1,80,Return
600.64100552507,993.273189140549,179.511436276368,115.41155700624,195.41155700624,6,4,1,80,Return
600.974129006381,988.355995134903,178.622765799752,116.079479894026,196.079479894026,6,4,1,80,Return
601.307252487692,983.438801129256,177.734095323137,116.702079662572,196.702079662572,6,4,1,80,Return
601.640375969003,978.52160712361,176.845424846521,117.265362912038,197.265362912038,6,4,1,80,Return
601.973499450314,973.604413117964,175.956754369905,117.769329642622,197.769329642622,6,4,1,80,Return
602.306622931625,968.687219112318,175.06808389329,118.213979853941,198.213979853941,6,4,1,80,Return
602.639746412936,963.770025106671,174.179413416674,118.040149000318,198.040149000318,6,4,1,80,Return
602.972869894247,958.852831101025,173.290742940058,117.307118783424,197.307118783424,6,4,1,80,Return
603.305993375558,953.935637095379,172.402072463443,116.554316393504,196.554316393504,6,4,1,80,Return
603.639116856869,949.018443089732,171.513401986827,115.781741830559,195.781741830559,6,4,1,80,Return
603.97224033818,944.101249084086,170.624731510211,114.989395094825,194.989395094825,6,4,1,80,Return
604.305363819491,939.18405507844,169.736061033595,114.177276185832,194.177276185832,6,4,1,80,Return
604.714322542739,934.266861072793,168.84739055698,112.950400016087,192.950400016087,6,4,1,80,Return
605.164039209372,929.349667067147,167.958720080364,111.60125001619,191.60125001619,6,4,1,80,Return
605.593983702978,924.432473061501,167.070049603748,110.31141653537,190.31141653537,6,4,1,80,Return
606.004156023495,919.515279055855,166.181379127133,109.080899573821,189.080899573821,6,4,1,80,Return
606.394556171055,914.598085050208,165.292708650517,107.909699131142,187.909699131142,6,4,1,80,Return
606.765184145589,909.680891044562,164.404038173901,106.797815207539,186.797815207539,6,4,1,80,Return
607.0983076269,904.763697038916,163.515367697286,105.81589429241,185.81589429241,6,4,1,80,Return
607.431431108211,899.84650303327,162.62669722067,104.874468467116,184.874468467116,6,4,1,80,Return
607.764554589522,894.929309027623,161.738026744054,103.962700901508,183.962700901508,6,4,1,80,Return
608.097678070833,890.012115021977,160.849356267439,103.080591595285,183.080591595285,6,4,1,80,Return
608.430801552144,885.09492101633,159.960685790823,102.2281405486,182.2281405486,6,4,1,80,Return
608.763925033455,880.177727010685,159.072015314207,101.380767675592,181.380767675592,6,4,1,80,Return
609.142968795768,875.260533005038,158.183344837592,100.243636388651,180.243636388651,6,4,1,80,Return
609.512126471531,870.343338999392,157.294674360976,99.1361633613641,179.136163361364,6,4,1,80,Return
609.87139806082,865.426144993745,156.40600388436,98.0583485934962,178.058348593496,6,4,1,80,Return
610.220783563596,860.5089509881,155.517333407745,97.0101920851683,177.010192085168,6,4,1,80,Return
610.560282979859,855.591756982453,154.628662931129,95.9916938363804,175.99169383638,6,4,1,80,Return
610.8949687301,850.674562976807,153.739992454513,94.9876365856552,174.987636585655,6,4,1,80,Return
611.230255073482,845.75736897116,152.851321977897,93.9817775555114,173.981777555511,6,4,1,80,Return
611.563378554793,840.840174965514,151.962651501282,93.0253489578449,173.025348957845,6,4,1,80,Return
611.896502036104,835.922980959868,151.073981024666,92.1183507927426,172.118350792743,6,4,1,80,Return
612.229625517415,831.005786954222,150.18531054805,91.2607830602045,171.260783060204,6,4,1,80,Return
612.562748998726,826.088592948575,149.296640071435,90.4526457602304,170.45264576023,6,4,1,80,Return
612.943978249139,821.171398942929,148.407969594819,89.3089580089906,169.308958008991,6,4,1,80,Return
613.236321467076,818.712801940106,147.963634356511,88.4319283551796,168.43192835518,6,4,1,80,Return
613.524545482147,816.254204937283,147.519299118203,87.5672563099664,167.567256309966,6,4,1,80,Return
613.808650294655,813.79560793446,147.074963879896,86.7149418724415,166.714941872441,6,4,1,80,Return
614.0886359043,811.337010931637,146.630628641588,85.874985043507,165.874985043507,6,4,1,80,Return
614.36450231138,808.878413928813,146.18629340328,85.0473858222681,165.047385822268,6,4,1,80,Return
614.636249515598,806.41981692599,145.741958164972,84.2321442096122,164.232144209612,6,4,1,80,Return
614.903877517249,803.961219923167,145.297622926664,83.4292602046594,163.429260204659,6,4,1,80,Return
615.167386316042,801.502622920344,144.853287688356,82.6387338082823,162.638733808282,6,4,1,80,Return
615.426775912264,799.044025917521,144.408952450049,81.8605650196155,161.860565019616,6,4,1,80,Return
615.682046305616,796.585428914698,143.964617211741,81.0947538395596,161.09475383956,6,4,1,80,Return
615.947217313334,794.126831911874,143.520281973433,80.2992408164058,160.299240816406,6,4,1,80,Return
616.244779451032,791.668234909051,143.075946735125,79.4065544033118,159.406554403312,6,4,1,80,Return
616.532455502386,789.209637906228,142.631611496817,78.5435262492505,158.54352624925,6,4,1,80,Return
616.81024546706,786.751040903405,142.187276258509,77.7101563552284,157.710156355228,6,4,1,80,Return
617.078149345384,784.292443900582,141.742941020201,76.9064447202566,156.906444720257,6,4,1,80,Return
617.336167137034,781.833846897759,141.298605781894,76.1323913453064,156.132391345306,6,4,1,80,Return
617.822544460954,776.916652892112,140.409935305278,74.673259373546,154.673259373546,6,4,1,80,Return
618.26937743882,771.999458886466,139.521264828662,73.3327604399471,153.332760439947,6,4,1,80,Return
618.676666070669,767.08226488082,138.632594352047,72.1108945443994,152.110894544399,6,4,1,80,Return
619.00978955198,762.165070875174,137.743923875431,72.2928392112854,152.292839211285,6,4,1,80,Return
619.342913033291,757.247876869527,136.855253398815,72.7586975715313,152.758697571531,6,4,1,80,Return
619.676036514602,752.330682863881,135.9665829222,73.2047837587513,153.204783758751,6,4,1,80,Return
620.009159995913,747.413488858235,135.077912445584,73.6310977729454,153.631097772945,6,4,1,80,Return
620.342283477224,742.496294852589,134.189241968968,74.0376396140197,154.03763961402,6,4,1,80,Return
620.675406958535,737.579100846942,133.300571492352,74.4256140127548,154.425614012755,6,4,1,80,Return
621.088518852844,732.661906841296,132.411901015737,75.6649496956812,155.664949695681,6,4,1,80,Return
621.508221471495,727.744712835649,131.523230539121,76.9240575516336,156.924057551634,6,4,1,80,Return
621.934514814488,722.827518830004,130.634560062505,78.2029375806118,158.202937580612,6,4,1,80,Return
622.367398881787,717.910324824357,129.74588958589,79.5015897825089,159.501589782509,6,4,1,80,Return
622.806873673462,712.993130818711,128.857219109274,80.8200141575346,160.820014157535,6,4,1,80,Return
623.278064004649,708.075936813065,127.968548632658,82.2335851510952,162.233585151095,6,4,1,80,Return
623.570035496638,705.617339810241,127.524213394351,83.1094996270625,163.109499627063,6,4,1,80,Return
623.862830829022,703.158742807418,127.079878156043,83.9878856242144,163.987885624214,6,4,1,80,Return
624.156450002097,700.700145804595,126.635542917735,84.8687431434392,164.868743143439,6,4,1,80,Return
624.450893015566,698.241548801772,126.191207679427,85.7520721838471,165.752072183847,6,4,1,80,Return
624.746159869686,695.782951798949,125.746872441119,86.6378727462083,166.637872746208,6,4,1,80,Return
625.042250564241,693.324354796126,125.302537202811,87.5261448298711,167.526144829871,6,4,1,80,Return
625.339165099487,690.865757793303,124.858201964504,88.4168884356097,168.41688843561,6,4,1,80,Return
625.636903475126,688.407160790479,124.413866726196,89.3101035625285,169.310103562528,6,4,1,80,Return
625.935465691458,685.948563787656,123.969531487888,90.2057902115246,170.205790211525,6,4,1,80,Return
626.234851748183,683.489966784833,123.52519624958,91.1039483816993,171.103948381699,6,4,1,80,Return
626.535061645601,681.03136978201,123.080861011272,92.0045780739529,172.004578073953,6,4,1,80,Return
626.836095383402,678.572772779186,122.636525772964,92.9076792873546,172.907679287355,6,4,1,80,Return
627.137952961893,676.114175776363,122.192190534656,93.8132520228267,173.813252022827,6,4,1,80,Return
627.440634380775,673.655578773541,121.747855296349,94.7212962794743,174.721296279474,6,4,1,80,Return
627.744139640352,671.196981770717,121.303520058041,95.6318120582036,175.631812058204,6,4,1,80,Return
628.048468740275,668.738384767894,120.859184819733,96.5447993579738,176.544799357974,6,4,1,80,Return
628.353621680937,666.279787765071,120.414849581425,97.4602581799592,177.460258179959,6,4,1,80,Return
628.65959846199,663.821190762248,119.970514343117,98.3781885231172,178.378188523117,6,4,1,80,Return
628.966399083737,661.362593759425,119.526179104809,99.2985903883598,179.29859038836,6,4,1,80,Return
629.274023545875,658.903996756602,119.081843866502,100.221463774774,180.221463774774,6,4,1,80,Return
629.582471848708,656.445399753779,118.637508628194,101.146808683273,181.146808683273,6,4,1,80,Return
629.891743991932,653.986802750956,118.193173389886,102.074625112943,182.074625112943,6,4,1,80,Return
630.19500326751,651.528205748132,117.748838151578,102.984402939679,182.984402939679,6,4,1,80,Return
630.44389183338,649.069608745309,117.30450291327,103.731068637289,183.731068637289,6,4,1,80,Return
630.928497983327,644.152414739663,116.415832436655,105.18488708713,185.18488708713,6,4,1,80,Return
631.409808771022,639.235220734016,115.527161960039,106.628819450213,186.628819450213,6,4,1,80,Return
631.887824196545,634.31802672837,114.638491483423,108.062865726784,188.062865726784,6,4,1,80,Return
632.362544259898,629.400832722724,113.749821006807,109.487025916842,189.487025916842,6,4,1,80,Return
632.83396896108,624.483638717078,112.861150530192,110.901300020387,190.901300020387,6,4,1,80,Return
633.167092442391,619.566444711431,111.972480053576,111.362387612632,191.362387612632,6,4,1,80,Return
633.500215923701,614.649250705786,111.08380957696,111.474105122473,191.474105122473,6,4,1,80,Return
633.833339405013,609.732056700139,110.195139100345,111.556164372774,191.556164372774,6,4,1,80,Return
634.166462886324,604.814862694493,109.306468623729,111.608565363535,191.608565363535,6,4,1,80,Return
634.499586367635,599.897668688846,108.417798147113,111.631308094757,191.631308094757,6,4,1,80,Return
634.832709848946,594.9804746832,107.529127670498,111.624392566438,191.624392566438,6,4,1,80,Return
635.23456526224,590.063280677554,106.640457193882,110.418826326556,190.418826326556,6,4,1,80,Return
635.668654619531,585.146086671907,105.751786717266,109.116558254681,189.116558254681,6,4,1,80,Return
636.106039338994,580.228892666261,104.863116240651,107.804404096293,187.804404096293,6,4,1,80,Return
636.546719420627,575.311698660615,103.974445764035,106.482363851392,186.482363851392,6,4,1,80,Return
636.990694864432,570.394504654968,103.085775287419,105.150437519979,185.150437519979,6,4,1,80,Return
637.461482939765,565.477310649323,102.197104810804,103.738073293979,183.738073293979,6,4,1,80,Return
637.78705254711,563.018713646499,101.752769572496,102.761364471944,182.761364471944,6,4,1,80,Return
638.114269835746,560.560116643676,101.308434334188,101.779712606037,181.779712606037,6,4,1,80,Return
638.443134805262,558.101519640853,100.86409909588,100.793117697489,180.793117697489,6,4,1,80,Return
638.773647456069,555.64292263803,100.419763857572,99.8015797450679,179.801579745068,6,4,1,80,Return
639.105807787755,553.184325635207,99.9754286192644,98.8050987500094,178.805098750009,6,4,1,80,Return
639.439615800734,550.725728632384,99.5310933809566,97.8036747110737,177.803674711074,6,4,1,80,Return
639.77507149459,548.26713162956,99.0867581426487,96.7973076295038,176.797307629504,6,4,1,80,Return
640.11217486974,545.808534626737,98.6424229043408,95.7859975040538,175.785997504054,6,4,1,80,Return
640.450925925778,543.349937623914,98.198087666033,94.7697443359417,174.769744335942,6,4,1,80,Return
640.791324663098,540.891340621091,97.7537524277252,93.7485481239796,173.74854812398,6,4,1,80,Return
641.133371081295,538.432743618268,97.3094171894173,92.7224088693892,172.722408869389,6,4,1,80,Return
641.471240165075,535.974146615445,96.8650819511095,91.708801618051,171.708801618051,6,4,1,80,Return
641.805657292838,533.515549612622,96.4207467128016,90.7055502347591,170.705550234759,6,4,1,80,Return
642.140074420807,531.056952609798,95.9764114744938,89.7022988508534,169.702298850853,6,4,1,80,Return
642.474491548571,528.598355606975,95.532076236186,88.6990474675616,168.699047467562,6,4,1,80,Return
642.808908676539,526.139758604152,95.0877409978781,87.6957960836559,167.695796083656,6,4,1,80,Return
643.143325804303,523.681161601329,94.6434057595703,86.692544700364,166.692544700364,6,4,1,80,Return
643.477742932272,521.222564598505,94.1990705212625,85.6892933164583,165.689293316458,6,4,1,80,Return
643.812160060036,518.763967595683,93.7547352829546,84.6860419331665,164.686041933167,6,4,1,80,Return
644.146577188013,516.30537059286,93.3104000446467,83.6827905492352,163.682790549235,6,4,1,80,Return
644.480994315777,513.846773590036,92.8660648063389,82.6795391659434,162.679539165943,6,4,1,80,Return
644.815411443745,511.388176587213,92.4217295680311,81.6762877820376,161.676287782038,6,4,1,80,Return
645.149828571509,508.92957958439,91.9773943297232,80.6730363987458,160.673036398746,6,4,1,80,Return
645.357443173823,506.470982581567,91.5330590914153,80.0501925918055,160.050192591806,6,4,1,80,Return
645.759789549015,501.553788575921,90.6443886147997,78.8431534662299,158.84315346623,6,4,1,80,Return
646.152249837694,496.636594570275,89.7557181381841,77.6657726001928,157.665772600193,6,4,1,80,Return
646.534824039876,491.719400564628,88.8670476615683,76.5180499936455,156.518049993645,6,4,1,80,Return
646.907512155532,486.802206558982,87.9783771849527,75.3999856466787,155.399985646679,6,4,1,80,Return
647.270314184675,481.885012553335,87.089706708337,74.3115795592504,154.31157955925,6,4,1,80,Return
647.488115914897,479.426415550512,86.6453714700291,73.6581743685844,153.658174368584,6,4,1,80,Return
647.774951874924,476.967818547689,86.2010362317213,72.7976664885031,152.797666488503,6,4,1,80,Return
648.060221673597,474.509221544866,85.7567009934135,71.941857092484,151.941857092484,6,4,1,80,Return
648.344667631914,472.050624542043,85.3123657551056,71.0885192175317,151.088519217532,6,4,1,80,Return
648.628289749502,469.59202753922,84.8680305167978,70.2376528647683,150.237652864768,6,4,1,80,Return
648.911088026761,467.133430536397,84.42369527849,69.3892580329905,149.38925803299,6,4,1,80,Return
649.193062463264,464.674833533574,83.9793600401821,68.5433347234816,148.543334723482,6,4,1,80,Return
649.474213059411,462.21623653075,83.5350248018742,67.6998829350425,147.699882935042,6,4,1,80,Return
649.754539814828,459.757639527927,83.0906895635664,66.8589026687893,146.858902668789,6,4,1,80,Return
650.034042729889,457.299042525105,82.6463543252586,66.0203939236073,146.020393923607,6,4,1,80,Return
650.312721804222,454.840445522281,82.2020190869507,65.1843567006098,145.18435670061,6,4,1,80,Return
650.590577038197,452.381848519458,81.7576838486428,64.350790998685,144.350790998685,6,4,1,80,Return
650.878197946532,449.923251516635,81.313348610335,63.4879282736786,143.487928273679,6,4,1,80,Return
651.171187798967,447.464654513812,80.8690133720272,62.6089587163747,142.608958716375,6,4,1,80,Return
651.465825332293,445.006057510988,80.4246781337193,61.7250461163958,141.725046116396,6,4,1,80,Return
651.762110546926,442.547460508165,79.9803428954115,60.8361904724958,140.836190472496,6,4,1,80,Return
652.060043442423,440.088863505342,79.5360076571037,59.9423917860072,139.942391786007,6,4,1,80,Return
652.3596240192,437.630266502519,79.0916724187958,59.043650055676,139.043650055676,6,4,1,80,Return
652.660852276866,435.171669499696,78.647337180488,58.1399652826755,138.139965282676,6,4,1,80,Return
652.963728215815,432.713072496873,78.2030019421801,57.2313374658295,137.231337465829,6,4,1,80,Return
653.268251835653,430.25447549405,77.7586667038723,56.3177666063172,136.317766606317,6,4,1,80,Return
653.574423136773,427.795878491226,77.3143314655645,55.3992527029563,135.399252702956,6,4,1,80,Return
653.882242118979,425.337281488403,76.8699962272566,54.4757957563373,134.475795756337,6,4,1,80,Return
654.179074041048,422.87868448558,76.4256609889488,53.5852999901309,133.585299990131,6,4,1,80,Return
654.532505436347,417.961490479934,75.5369905123331,52.5250058042337,132.525005804234,6,4,1,80,Return
654.885936831667,413.044296474287,74.6483200357175,51.4647116182725,131.464711618273,6,4,1,80,Return
655.239368226966,408.127102468642,73.7596495591017,50.4044174323753,130.404417432375,6,4,1,80,Return
655.592799622266,403.209908462995,72.8709790824861,49.3441232464781,129.344123246478,6,4,1,80,Return
655.946231017565,398.292714457349,71.9823086058703,48.2838290605809,128.283829060581,6,4,1,80,Return
656.279354498876,393.375520451703,71.0936381292547,47.4642413367917,127.464241336792,6,4,1,80,Return
656.612477980187,388.458326446056,70.204967652639,47.4234391545009,127.423439154501,6,4,1,80,Return
656.945601461498,383.54113244041,69.3162971760233,47.3628647992475,127.362864799247,6,4,1,80,Return
657.278724942809,378.623938434763,68.4276266994076,47.2825182709684,127.282518270968,6,4,1,80,Return
657.61184842412,373.706744429117,67.538956222792,47.1823995696636,127.182399569664,6,4,1,80,Return
657.944971905431,368.789550423471,66.6502857461762,47.0625086953332,127.062508695333,6,4,1,80,Return
658.278095386742,363.872356417824,65.7616152695606,46.9478455547074,126.947845554707,6,4,1,80,Return
658.611218868053,358.955162412179,64.8729447929448,46.8620638580327,126.862063858033,6,4,1,80,Return
658.944342349364,354.037968406532,63.9842743163292,46.7762821613581,126.776282161358,6,4,1,80,Return
659.277465830675,349.120774400886,63.0956038397135,46.6905004646834,126.690500464683,6,4,1,80,Return
659.610589311986,344.20358039524,62.2069333630978,46.6047187680088,126.604718768009,6,4,1,80,Return
659.943712793297,339.286386389593,61.3182628864822,46.5189370712958,126.518937071296,6,4,1,80,Return
660.276836274608,334.369192383947,60.4295924098665,46.273110374655,126.273110374655,6,4,1,80,Return
660.609959755919,329.451998378301,59.5409219332508,45.8991163283264,125.899116328326,6,4,1,80,Return
660.94308323723,324.534804372654,58.6522514566351,45.4954640224577,125.495464022458,6,4,1,80,Return
661.276206718541,319.617610367008,57.7635809800195,45.062153457049,125.062153457049,6,4,1,80,Return
661.609330199852,314.700416361362,56.8749105034037,44.5991846320924,124.599184632092,6,4,1,80,Return
661.942453681163,309.783222355716,55.9862400267881,44.1065575476103,124.10655754761,6,4,1,80,Return
662.275577162474,304.866028350069,55.0975695501724,43.1627332068224,123.162733206822,6,4,1,80,Return
662.633147827049,299.948834344423,54.2088990735567,42.0900212130965,122.090021213097,6,4,1,80,Return
662.994013853795,295.031640338777,53.320228596941,41.0074231328578,121.007423132858,6,4,1,80,Return
663.358175242705,290.114446333131,52.4315581203253,39.9149389661275,119.914938966127,6,4,1,80,Return
663.725631993793,285.197252327484,51.5428876437096,38.8125687128653,118.812568712865,6,4,1,80,Return
664.096384107051,280.280058321838,50.654217167094,37.7003123730904,117.70031237309,6,4,1,80,Return
664.429507588362,275.362864316192,49.7655466904782,36.8423860240493,116.842386024049,6,4,1,80,Return
664.762631069673,270.445670310545,48.8768762138626,36.0100372297468,116.010037229747,6,4,1,80,Return
665.095754550984,265.528476304899,47.988205737247,35.1974606084823,115.197460608482,6,4,1,80,Return
665.428878032295,260.611282299253,47.0995352606312,34.4046561602267,114.404656160227,6,4,1,80,Return
665.762001513606,255.694088293606,46.2108647840156,33.6316238849967,113.631623884997,6,4,1,80,Return
666.095124994917,250.776894287961,45.3221943073999,32.972000182555,112.972000182555,6,4,1,80,Return
666.428248476228,245.859700282314,44.4335238307842,32.817759376826,112.817759376826,6,4,1,80,Return
666.761371957539,240.942506276668,43.5448533541685,32.693176830637,112.693176830637,6,4,1,80,Return
667.09449543885,236.025312271022,42.6561828775529,32.5982525439671,112.598252543967,6,4,1,80,Return
667.427618920161,231.108118265375,41.7675124009371,32.5329865168515,112.532986516852,6,4,1,80,Return
667.760742401472,226.190924259729,40.8788419243215,32.4973787492759,112.497378749276,6,4,1,80,Return
668.093865882783,221.273730254082,39.9901714477057,32.5210602216477,112.521060221648,6,4,1,80,Return
668.426989364094,216.356536248436,39.1015009710901,32.6229377435244,112.622937743524,6,4,1,80,Return
668.760112845405,211.43934224279,38.2128304944744,32.7445874383847,112.744587438385,6,4,1,80,Return
669.093236326716,206.522148237143,37.3241600178587,32.8860093063113,112.886009306311,6,4,1,80,Return
669.426359808027,201.604954231498,36.435489541243,33.0472033472636,113.047203347264,6,4,1,80,Return
669.759483289338,196.687760225851,35.5468190646274,33.2281695612415,113.228169561242,6,4,1,80,Return
670.092606770649,191.770566220205,34.6581485880117,32.8435364450378,112.843536445038,6,4,1,80,Return
670.42573025196,186.853372214559,33.769478111396,31.9552406387215,111.955240638721,6,4,1,80,Return
670.758853733271,181.936178208912,32.8808076347804,31.0669448324692,111.066944832469,6,4,1,80,Return
671.091977214582,177.018984203266,31.9921371581646,30.1786490262168,110.178649026217,6,4,1,80,Return
671.425100695893,172.10179019762,31.103466681549,29.2903532199645,109.290353219965,6,4,1,80,Return
671.758224177204,167.184596191973,30.2147962049332,28.4020574137122,108.402057413712,6,4,1,80,Return
672.166104591013,162.267402186327,29.3261257283176,27.1784161722867,107.178416172287,6,4,1,80,Return
672.622859225523,157.350208180681,28.4374552517019,25.8081522687566,105.808152268757,6,4,1,80,Return
673.086204584375,152.433014175035,27.5487847750862,24.4181161922,104.4181161922,6,4,1,80,Return
673.556140667569,147.515820169388,26.6601142984705,23.0083079426166,103.008307942617,6,4,1,80,Return
674.032667475106,142.598626163742,25.7714438218549,21.5787275200066,101.578727520007,6,4,1,80,Return
674.515785006998,137.681432158096,24.8827733452391,20.1293749243311,100.129374924331,6,4,1,80,Return
674.906076797293,132.76423815245,23.9941028686235,18.9584995534447,98.9584995534447,6,4,1,80,Return
675.279886241942,127.847044146803,23.1054323920077,17.8370712194994,97.8370712194994,6,4,1,80,Return
675.640514237906,122.929850141157,22.2167619153921,16.755187231606,96.755187231606,6,4,1,80,Return
675.987960785187,118.012656135511,21.3280914387764,15.7128475897644,95.7128475897644,6,4,1,80,Return
676.322225883776,113.095462129864,20.4394209621607,14.7100522939953,94.7100522939953,6,4,1,80,Return
676.655349365087,108.178268124218,19.5507504855451,13.754767325274,93.754767325274,6,4,1,80,Return
676.988472846398,103.261074118572,18.6620800089294,12.9002921748503,92.9002921748503,6,4,1,80,Return
677.321596327709,98.3438801129255,17.7734095323137,12.0557031109395,92.0557031109395,6,4,1,80,Return
677.65471980902,93.4266861072797,16.884739055698,11.2210001335417,91.2210001335417,6,4,1,80,Return
677.987843290331,88.509492101633,15.9960685790824,10.3961832426606,90.3961832426606,6,4,1,80,Return
678.320966771642,83.5922980959867,15.1073981024666,9.5812524382865,89.5812524382865,6,4,1,80,Return
678.654090252953,78.6751040903409,14.218727625851,8.8088824173662,88.8088824173662,6,4,1,80,Return
678.987213734264,73.7579100846942,13.3300571492352,8.1433903197365,88.1433903197365,6,4,1,80,Return
679.320337215575,68.840716079048,12.4413866726196,7.50755648164718,87.5075564816472,6,4,1,80,Return
679.653460696886,63.9235220734013,11.5527161960039,6.90138090309823,86.9013809030982,6,4,1,80,Return
679.986584178197,59.0063280677555,10.6640457193882,6.32486358406142,86.3248635840614,6,4,1,80,Return
680.319707659508,54.0891340621092,9.7753752427725,5.77800452458662,85.7780045245866,6,4,1,80,Return
680.652831140819,49.1719400564625,8.88670476615687,5.57683218324191,85.5768321832419,6,4,1,80,Return
680.98595462213,44.2547460508167,7.99803428954112,5.73963635422867,85.7396363542287,6,4,1,80,Return
681.319078103441,39.3375520451705,7.10936381292549,5.89255443870247,85.8925544387025,6,4,1,80,Return
681.652201584752,34.4203580395238,6.22069333630986,6.03558643663258,86.0355864366326,6,4,1,80,Return
681.985325066063,29.503164033878,5.33202285969412,6.16873234808267,86.1687323480827,6,4,1,80,Return
682.318448547374,24.5859700282313,4.44335238307849,6.29199217301982,86.2919921730198,6,4,1,80,Return
682.651572028685,19.668776022585,3.55468190646275,6.77666242165252,86.7766624216525,6,4,1,80,Return
682.984695509996,14.7515820169392,2.66601142984712,7.44215507576213,87.4421550757621,6,4,1,80,Return
683.317818991307,9.8343880112925,1.77734095323137,8.08787555683192,88.0878755568319,6,4,1,80,Return
683.650942472618,4.91719400564625,0.888670476615744,8.71382386489413,88.7138238648941,6,4,1,80,Return
683.984065953929,4.54747350886464e-13,0,9.31999999993042,89.3199999999304,6,4,1,80,Return
684.484065953929,4.54747350886464e-13,0,9.31999999993042,89.3199999999304,5,4,1,80,Hover
684.984065953929,4.54747350886464e-13,0,9.31999999993042,89.3199999999304,5,4,1,80,Hover
685.484065953929,4.54747350886464e-13,0,9.31999999993042,89.3199999999304,5,4,1,80,Hover
685.984065953929,4.54747350886464e-13,0,9.31999999993042,89.3199999999304,5,4,1,80,Hover
686.484065953929,4.54747350886464e-13,0,9.31999999993042,89.3199999999304,5,4,1,80,Hover
686.984065953929,4.54747350886464e-13,0,9.31999999993042,89.3199999999304,5,4,1,80,Hover
687.484065953929,4.54747350886464e-13,0,9.31999999993042,89.3199999999304,5,4,1,80,Hover
687.984065953929,4.54747350886464e-13,0,9.31999999993042,89.3199999999304,5,4,1,80,Hover
688.484065953929,4.54747350886464e-13,0,9.31999999993042,89.3199999999304,5,4,1,80,Hover
688.984065953929,4.54747350886464e-13,0,9.31999999993042,89.3199999999304,5,4,1,80,Hover
689.477893114423,4.54747350886464e-13,0,9.31999999993042,87.8385185184489,7,4,0,78.5185185185185,Landing
689.971720274917,4.54747350886464e-13,0,9.31999999993042,86.3570370369675,7,4,0,77.037037037037,Landing
690.465547435411,4.54747350886464e-13,0,9.31999999993042,84.875555555486,7,4,0,75.5555555555555,Landing
690.959374595905,4.54747350886464e-13,0,9.31999999993042,83.3940740740045,7,4,0,74.0740740740741,Landing
691.453201756399,4.54747350886464e-13,0,9.31999999993042,81.912592592523,7,4,0,72.5925925925926,Landing
691.947028916892,4.54747350886464e-13,0,9.31999999993042,80.4311111110415,7,4,0,71.1111111111111,Landing
692.440856077386,4.54747350886464e-13,0,9.31999999993042,78.9496296295601,7,4,0,69.6296296296296,Landing
692.93468323788,4.54747350886464e-13,0,9.31999999993042,77.4681481480786,7,4,0,68.1481481481482,Landing
693.428510398374,4.54747350886464e-13,0,9.31999999993042,75.9866666665971,7,4,0,66.6666666666667,Landing
693.922337558868,4.54747350886464e-13,0,9.31999999993042,74.5051851851156,7,4,0,65.1851851851852,Landing
694.416164719362,4.54747350886464e-13,0,9.31999999993042,73.0237037036341,7,4,0,63.7037037037037,Landing
694.909991879855,4.54747350886464e-13,0,9.31999999993042,71.5422222221526,7,4,0,62.2222222222222,Landing
695.403819040349,4.54747350886464e-13,0,9.31999999993042,70.0607407406712,7,4,0,60.7407407407407,Landing
695.897646200843,4.54747350886464e-13,0,9.31999999993042,68.5792592591897,7,4,0,59.2592592592593,Landing
696.391473361337,4.54747350886464e-13,0,9.31999999993042,67.0977777777082,7,4,0,57.7777777777778,Landing
696.885300521831,4.54747350886464e-13,0,9.31999999993042,65.6162962962267,7,4,0,56.2962962962963,Landing
697.379127682324,4.54747350886464e-13,0,9.31999999993042,64.1348148147452,7,4,0,54.8148148148148,Landing
697.872954842818,4.54747350886464e-13,0,9.31999999993042,62.6533333332638,7,4,0,53.3333333333333,Landing
698.366782003312,4.54747350886464e-13,0,9.31999999993042,61.1718518517823,7,4,0,51.8518518518518,Landing
698.860609163806,4.54747350886464e-13,0,9.31999999993042,59.6903703703008,7,4,0,50.3703703703704,Landing
699.3544363243,4.54747350886464e-13,0,9.31999999993042,58.2088888888193,7,4,0,48.8888888888889,Landing
699.848263484794,4.54747350886464e-13,0,9.31999999993042,56.7274074073378,7,4,0,47.4074074074074,Landing
700.342090645287,4.54747350886464e-13,0,9.31999999993042,55.2459259258563,7,4,0,45.9259259259259,Landing
700.835917805781,4.54747350886464e-13,0,9.31999999993042,53.7644444443749,7,4,0,44.4444444444444,Landing
701.329744966275,4.54747350886464e-13,0,9.31999999993042,52.2829629628934,7,4,0,42.962962962963,Landing
701.823572126769,4.54747350886464e-13,0,9.31999999993042,50.8014814814119,7,4,0,41.4814814814815,Landing
702.317399287263,4.54747350886464e-13,0,9.31999999993042,49.3199999999304,7,4,0,40,Landing
702.811226447757,4.54747350886464e-13,0,9.31999999993042,47.8385185184489,7,4,0,38.5185185185185,Landing
703.30505360825,4.54747350886464e-13,0,9.31999999993042,46.3570370369674,7,4,0,37.037037037037,Landing
703.798880768744,4.54747350886464e-13,0,9.31999999993042,44.875555555486,7,4,0,35.5555555555556,Landing
704.292707929238,4.54747350886464e-13,0,9.31999999993042,43.3940740740045,7,4,0,34.0740740740741,Landing
704.786535089732,4.54747350886464e-13,0,9.31999999993042,41.912592592523,7,4,0,32.5925925925926,Landing
705.280362250226,4.54747350886464e-13,0,9.31999999993042,40.4311111110415,7,4,0,31.1111111111111,Landing
705.774189410719,4.54747350886464e-13,0,9.31999999993042,38.94962962956,7,4,0,29.6296296296296,Landing
706.268016571213,4.54747350886464e-13,0,9.31999999993042,37.4681481480786,7,4,0,28.1481481481481,Landing
706.761843731707,4.54747350886464e-13,0,9.31999999993042,35.9866666665971,7,4,0,26.6666666666667,Landing
707.255670892201,4.54747350886464e-13,0,9.31999999993042,34.5051851851156,7,4,0,25.1851851851852,Landing
707.749498052695,4.54747350886464e-13,0,9.31999999993042,33.0237037036341,7,4,0,23.7037037037037,Landing
708.243325213189,4.54747350886464e-13,0,9.31999999993042,31.5422222221526,7,4,0,22.2222222222222,Landing
708.737152373683,4.54747350886464e-13,0,9.31999999993042,30.0607407406712,7,4,0,20.7407407407407,Landing
709.230979534176,4.54747350886464e-13,0,9.31999999993042,28.5792592591897,7,4,0,19.2592592592592,Landing
709.72480669467,4.54747350886464e-13,0,9.31999999993042,27.0977777777082,7,4,0,17.7777777777778,Landing
710.218633855164,4.54747350886464e-13,0,9.31999999993042,25.6162962962267,7,4,0,16.2962962962963,Landing
710.712461015658,4.54747350886464e-13,0,9.31999999993042,24.1348148147452,7,4,0,14.8148148148148,Landing
711.206288176152,4.54747350886464e-13,0,9.31999999993042,22.6533333332637,7,4,0,13.3333333333333,Landing
711.700115336645,4.54747350886464e-13,0,9.31999999993042,21.1718518517823,7,4,0,11.8518518518518,Landing
712.193942497139,4.54747350886464e-13,0,9.31999999993042,19.6903703703008,7,4,0,10.3703703703704,Landing
712.687769657633,4.54747350886464e-13,0,9.31999999993042,18.2088888888193,7,4,0,8.88888888888888,Landing
713.181596818127,4.54747350886464e-13,0,9.31999999993042,16.7274074073378,7,4,0,7.4074074074074,Landing
713.675423978621,4.54747350886464e-13,0,9.31999999993042,15.2459259258563,7,4,0,5.92592592592592,Landing
714.169251139115,4.54747350886464e-13,0,9.31999999993042,13.7644444443749,7,4,0,4.44444444444444,Landing
714.663078299608,4.54747350886464e-13,0,9.31999999993042,12.2829629628934,7,4,0,2.96296296296295,Landing
715.156905460102,4.54747350886464e-13,0,9.31999999993042,10.8014814814119,7,4,0,1.48148148148147,Landing
715.650732620596,4.54747350886464e-13,0,9.31999999993042,9.31999999993042,7,4,0,-7.105427357601e-15,Landing
