time_s,east_m,north_m,terrain_msl_m,uav_msl_m,phase_code,target_index,cruise,agl_m,phase
0,0,0,9.31999999993042,9.31999999993042,1,0,0,0,Takeoff
0.493827160493827,0,0,9.31999999993042,10.8014814814119,1,0,0,1.48148148148148,Takeoff
0.987654320987654,0,0,9.31999999993042,12.2829629628934,1,0,0,2.96296296296296,Takeoff
1.48148148148148,0,0,9.31999999993042,13.7644444443749,1,0,0,4.44444444444444,Takeoff
1.97530864197531,0,0,9.31999999993042,15.2459259258563,1,0,0,5.92592592592593,Takeoff
2.46913580246914,0,0,9.31999999993042,16.7274074073378,1,0,0,7.4074074074074,Takeoff
2.96296296296296,0,0,9.31999999993042,18.2088888888193,1,0,0,8.88888888888889,Takeoff
3.45679012345679,0,0,9.31999999993042,19.6903703703008,1,0,0,10.3703703703704,Takeoff
3.95061728395062,0,0,9.31999999993042,21.1718518517823,1,0,0,11.8518518518519,Takeoff
4.44444444444444,0,0,9.31999999993042,22.6533333332638,1,0,0,13.3333333333333,Takeoff
4.93827160493827,0,0,9.31999999993042,24.1348148147452,1,0,0,14.8148148148148,Takeoff
5.4320987654321,0,0,9.31999999993042,25.6162962962267,1,0,0,16.2962962962963,Takeoff
5.92592592592593,0,0,9.31999999993042,27.0977777777082,1,0,0,17.7777777777778,Takeoff
6.41975308641975,0,0,9.31999999993042,28.5792592591897,1,0,0,19.2592592592593,Takeoff
6.91358024691358,0,0,9.31999999993042,30.0607407406712,1,0,0,20.7407407407407,Takeoff
7.40740740740741,0,0,9.31999999993042,31.5422222221526,1,0,0,22.2222222222222,Takeoff
7.90123456790123,0,0,9.31999999993042,33.0237037036341,1,0,0,23.7037037037037,Takeoff
8.39506172839506,0,0,9.31999999993042,34.5051851851156,1,0,0,25.1851851851852,Takeoff
8.88888888888889,0,0,9.31999999993042,35.9866666665971,1,0,0,26.6666666666667,Takeoff
9.38271604938272,0,0,9.31999999993042,37.4681481480786,1,0,0,28.1481481481481,Takeoff
9.87654320987654,0,0,9.31999999993042,38.9496296295601,1,0,0,29.6296296296296,Takeoff
10.3703703703704,0,0,9.31999999993042,40.4311111110415,1,0,0,31.1111111111111,Takeoff
10.8641975308642,0,0,9.31999999993042,41.912592592523,1,0,0,32.5925925925926,Takeoff
11.358024691358,0,0,9.31999999993042,43.3940740740045,1,0,0,34.0740740740741,Takeoff
11.8518518518519,0,0,9.31999999993042,44.875555555486,1,0,0,35.5555555555556,Takeoff
12.3456790123457,0,0,9.31999999993042,46.3570370369675,1,0,0,37.037037037037,Takeoff
12.8395061728395,0,0,9.31999999993042,47.8385185184489,1,0,0,38.5185185185185,Takeoff
13.3333333333333,0,0,9.31999999993042,49.3199999999304,1,0,0,40,Takeoff
13.8271604938272,0,0,9.31999999993042,50.8014814814119,1,0,0,41.4814814814815,Takeoff
14.320987654321,0,0,9.31999999993042,52.2829629628934,1,0,0,42.962962962963,Takeoff
14.8148148148148,0,0,9.31999999993042,53.7644444443749,1,0,0,44.4444444444444,Takeoff
15.3086419753086,0,0,9.31999999993042,55.2459259258563,1,0,0,45.9259259259259,Takeoff
15.8024691358025,0,0,9.31999999993042,56.7274074073378,1,0,0,47.4074074074074,Takeoff
16.2962962962963,0,0,9.31999999993042,58.2088888888193,1,0,0,48.8888888888889,Takeoff
16.7901234567901,0,0,9.31999999993042,59.6903703703008,1,0,0,50.3703703703704,Takeoff
17.283950617284,0,0,9.31999999993042,61.1718518517823,1,0,0,51.8518518518518,Takeoff
17.7777777777778,0,0,9.31999999993042,62.6533333332638,1,0,0,53.3333333333333,Takeoff
18.2716049382716,0,0,9.31999999993042,64.1348148147452,1,0,0,54.8148148148148,Takeoff
18.7654320987654,0,0,9.31999999993042,65.6162962962267,1,0,0,56.2962962962963,Takeoff
19.2592592592593,0,0,9.31999999993042,67.0977777777082,1,0,0,57.7777777777778,Takeoff
19.7530864197531,0,0,9.31999999993042,68.5792592591897,1,0,0,59.2592592592593,Takeoff
20.2469135802469,0,0,9.31999999993042,70.0607407406712,1,0,0,60.7407407407408,Takeoff
20.7407407407407,0,0,9.31999999993042,71.5422222221526,1,0,0,62.2222222222222,Takeoff
21.2345679012346,0,0,9.31999999993042,73.0237037036341,1,0,0,63.7037037037037,Takeoff
21.7283950617284,0,0,9.31999999993042,74.5051851851156,1,0,0,65.1851851851852,Takeoff
22.2222222222222,0,0,9.31999999993042,75.9866666665971,1,0,0,66.6666666666667,Takeoff
22.7160493827161,0,0,9.31999999993042,77.4681481480786,1,0,0,68.1481481481482,Takeoff
23.2098765432099,0,0,9.31999999993042,78.9496296295601,1,0,0,69.6296296296296,Takeoff
23.7037037037037,0,0,9.31999999993042,80.4311111110415,1,0,0,71.1111111111111,Takeoff
24.1975308641975,0,0,9.31999999993042,81.912592592523,1,0,0,72.5925925925926,Takeoff
24.6913580246914,0,0,9.31999999993042,83.3940740740045,1,0,0,74.0740740740741,Takeoff
25.1851851851852,0,0,9.31999999993042,84.875555555486,1,0,0,75.5555555555556,Takeoff
25.679012345679,0,0,9.31999999993042,86.3570370369675,1,0,0,77.037037037037,Takeoff
26.1728395061728,0,0,9.31999999993042,87.838518518449,1,0,0,78.5185185185185,Takeoff
26.6666666666667,0,0,9.31999999993042,89.3199999999304,1,0,0,80,Takeoff
26.9997901479776,4.91719400564557,0.888670476615608,8.71382386489413,88.7138238648941,2,1,1,80,Transit
27.3329136292886,9.83438801129113,1.77734095323122,8.08787555683192,88.0878755568319,2,1,1,80,Transit
27.6660371105995,14.7515820169367,2.66601142984683,7.44215507576213,87.4421550757621,2,1,1,80,Transit
27.9991605919105,19.6687760225823,3.55468190646243,6.77666242165252,86.7766624216525,2,1,1,80,Transit
28.3322840732215,24.5859700282278,4.44335238307804,6.29199217301982,86.2919921730198,2,1,1,80,Transit
28.6654075545324,29.5031640338734,5.33202285969365,6.16873234808267,86.1687323480827,2,1,1,80,Transit
28.9985310358434,34.420358039519,6.22069333630926,6.03558643663258,86.0355864366326,2,1,1,80,Transit
29.3316545171543,39.3375520451645,7.10936381292487,5.89255443870247,85.8925544387025,2,1,1,80,Transit
29.6647779984653,44.2547460508101,7.99803428954048,5.73963635422867,85.7396363542287,2,1,1,80,Transit
29.9979014797763,49.1719400564557,8.88670476615608,5.57683218324191,85.5768321832419,2,1,1,80,Transit
30.3310249610872,54.0891340621012,9.77537524277169,5.77800452458662,85.7780045245866,2,1,1,80,Transit
30.6641484423982,59.0063280677468,10.6640457193873,6.32486358406142,86.3248635840614,2,1,1,80,Transit
30.9972719237091,63.9235220733924,11.5527161960029,6.90138090309823,86.9013809030982,2,1,1,80,Transit
31.3303954050201,68.8407160790379,12.4413866726185,7.50755648164718,87.5075564816472,2,1,1,80,Transit
31.6635188863311,73.7579100846835,13.3300571492341,8.1433903197365,88.1433903197365,2,1,1,80,Transit
31.996642367642,78.6751040903291,14.2187276258497,8.8088824173662,88.8088824173662,2,1,1,80,Transit
32.329765848953,83.5922980959746,15.1073981024653,9.5812524382865,89.5812524382865,2,1,1,80,Transit
32.6628893302639,88.5094921016202,15.996068579081,10.3961832426568,90.3961832426568,2,1,1,80,Transit
32.9960128115749,93.4266861072658,16.8847390556966,11.2210001335417,91.2210001335417,2,1,1,80,Transit
33.3291362928858,98.3438801129113,17.7734095323122,12.0557031109395,92.0557031109395,2,1,1,80,Transit
33.6622597741968,103.261074118557,18.6620800089278,12.9002921748503,92.9002921748503,2,1,1,80,Transit
33.9953832555078,108.178268124202,19.5507504855434,13.754767325274,93.754767325274,2,1,1,80,Transit
34.3285067368187,113.095462129848,20.439420962159,14.7100522939953,94.7100522939953,2,1,1,80,Transit
34.6627718354084,118.012656135494,21.3280914387746,15.7128475897644,95.7128475897644,2,1,1,80,Transit
35.0102183826889,122.929850141139,22.2167619153902,16.755187231606,96.755187231606,2,1,1,80,Transit
35.3708463786534,127.847044146785,23.1054323920058,17.8370712194994,97.8370712194994,2,1,1,80,Transit
35.7446558233018,132.76423815243,23.9941028686214,18.9584995534447,98.9584995534447,2,1,1,80,Transit
36.1349476135973,137.681432158076,24.882773345237,20.1293749243311,100.129374924331,2,1,1,80,Transit
36.6180651454891,142.598626163721,25.7714438218526,21.5787275200066,101.578727520007,2,1,1,80,Transit
37.0945919530258,147.515820169367,26.6601142984683,23.0083079426166,103.008307942617,2,1,1,80,Transit
37.5645280362203,152.433014175013,27.5487847750839,24.4181161922,104.4181161922,2,1,1,80,Transit
38.0278733950725,157.350208180658,28.4374552516995,25.8081522687566,105.808152268757,2,1,1,80,Transit
38.4846280295825,162.267402186304,29.3261257283151,27.1784161722867,107.178416172287,2,1,1,80,Transit
38.892508443391,167.184596191949,30.2147962049307,28.4020574137122,108.402057413712,2,1,1,80,Transit
39.225631924702,172.101790197595,31.1034666815463,29.2903532199645,109.290353219965,2,1,1,80,Transit
39.5587554060129,177.01898420324,31.9921371581619,30.1786490262168,110.178649026217,2,1,1,80,Transit
39.8918788873239,181.936178208886,32.8808076347775,31.0669448324692,111.066944832469,2,1,1,80,Transit
40.2250023686348,186.853372214532,33.7694781113931,31.9552406387215,111.955240638721,2,1,1,80,Transit
40.5581258499458,191.770566220177,34.6581485880087,32.8435364450378,112.843536445038,2,1,1,80,Transit
40.8912493312568,196.687760225823,35.5468190646243,33.2281695612415,113.228169561242,2,1,1,80,Transit
41.2243728125677,201.604954231468,36.4354895412399,33.0472033472636,113.047203347264,2,1,1,80,Transit
41.5574962938787,206.522148237114,37.3241600178556,32.8860093063113,112.886009306311,2,1,1,80,Transit
41.8906197751896,211.439342242759,38.2128304944712,32.7445874383847,112.744587438385,2,1,1,80,Transit
42.2237432565006,216.356536248405,39.1015009710868,32.6229377435281,112.622937743528,2,1,1,80,Transit
42.5568667378115,221.27373025405,39.9901714477024,32.5210602216483,112.521060221648,2,1,1,80,Transit
42.8899902191225,226.190924259696,40.878841924318,32.4973787492759,112.497378749276,2,1,1,80,Transit
43.2231137004334,231.108118265342,41.7675124009336,32.5329865168515,112.532986516852,2,1,1,80,Transit
43.5562371817444,236.025312270987,42.6561828775492,32.5982525439671,112.598252543967,2,1,1,80,Transit
43.8893606630554,240.942506276633,43.5448533541648,32.693176830637,112.693176830637,2,1,1,80,Transit
44.2224841443663,245.859700282278,44.4335238307804,32.817759376826,112.817759376826,2,1,1,80,Transit
44.5556076256773,250.776894287924,45.322194307396,32.972000182555,112.972000182555,2,1,1,80,Transit
44.8887311069882,255.694088293569,46.2108647840116,33.6316238849967,113.631623884997,2,1,1,80,Transit
45.2218545882992,260.611282299215,47.0995352606272,34.4046561602267,114.404656160227,2,1,1,80,Transit
45.5549780696101,265.528476304861,47.9882057372429,35.1974606084699,115.19746060847,2,1,1,80,Transit
45.8881015509211,270.445670310506,48.8768762138585,36.0100372297468,116.010037229747,2,1,1,80,Transit
46.2212250322321,275.362864316152,49.7655466904741,36.8423860240493,116.842386024049,2,1,1,80,Transit
46.554348513543,280.280058321797,50.6542171670897,37.7003123730904,117.70031237309,2,1,1,80,Transit
46.9251006268013,285.197252327443,51.5428876437053,38.8125687128653,118.812568712865,2,1,1,80,Transit
47.2925573778887,290.114446333088,52.4315581203209,39.9149389661275,119.914938966127,2,1,1,80,Transit
47.6567187667988,295.031640338734,53.3202285969365,41.0074231328578,121.007423132858,2,1,1,80,Transit
48.017584793545,299.94883434438,54.2088990735521,42.0900212130965,122.090021213097,2,1,1,80,Transit
48.3751554581203,304.866028350025,55.0975695501677,43.1627332068224,123.162733206822,2,1,1,80,Transit
48.7082789394313,309.783222355671,55.9862400267833,44.1065575476103,124.10655754761,2,1,1,80,Transit
49.0414024207422,314.700416361316,56.8749105033989,44.5991846320924,124.599184632092,2,1,1,80,Transit
49.3745259020532,319.617610366962,57.7635809800145,45.062153457049,125.062153457049,2,1,1,80,Transit
49.7076493833642,324.534804372607,58.6522514566302,45.4954640224577,125.495464022458,2,1,1,80,Transit
50.0407728646751,329.451998378253,59.5409219332458,45.8991163283264,125.899116328326,2,1,1,80,Transit
50.3738963459861,334.369192383899,60.4295924098614,46.273110374655,126.273110374655,2,1,1,80,Transit
50.707019827297,339.286386389544,61.318262886477,46.5189370712958,126.518937071296,2,1,1,80,Transit
51.040143308608,344.20358039519,62.2069333630926,46.6047187680088,126.604718768009,2,1,1,80,Transit
51.3732667899189,349.120774400835,63.0956038397082,46.6905004646834,126.690500464683,2,1,1,80,Transit
51.7063902712299,354.037968406481,63.9842743163238,46.7762821613581,126.776282161358,2,1,1,80,Transit
52.0395137525408,358.955162412126,64.8729447929394,46.8620638580327,126.862063858033,2,1,1,80,Transit
52.3726372338518,363.872356417772,65.761615269555,46.9478455547074,126.947845554707,2,1,1,80,Transit
52.7057607151628,368.789550423418,66.6502857461706,47.0625086953332,127.062508695333,2,1,1,80,Transit
53.0388841964737,373.706744429063,67.5389562227862,47.1823995696636,127.182399569664,2,1,1,80,Transit
53.3720076777847,378.623938434709,68.4276266994018,47.2825182709684,127.282518270968,2,1,1,80,Transit
53.7051311590956,383.541132440354,69.3162971760175,47.3628647992475,127.362864799247,2,1,1,80,Transit
54.0382546404066,388.458326446,70.2049676526331,47.4234391545009,127.423439154501,2,1,1,80,Transit
54.3713781217176,393.375520451645,71.0936381292487,47.4642413367917,127.464241336792,2,1,1,80,Transit
54.7045016030285,398.292714457291,71.9823086058643,48.2838290605809,128.283829060581,2,1,1,80,Transit
55.0579329983276,403.209908462936,72.8709790824799,49.3441232464781,129.344123246478,2,1,1,80,Transit
55.4113643936267,408.127102468582,73.7596495590955,50.4044174323753,130.404417432375,2,1,1,80,Transit
55.7647957889257,413.044296474228,74.6483200357111,51.4647116182725,131.464711618273,2,1,1,80,Transit
56.1182271842461,417.961490479873,75.5369905123267,52.5250058042337,132.525005804234,2,1,1,80,Transit
56.4716585795452,422.878684485519,76.4256609889423,53.5852999901309,133.585299990131,2,1,1,80,Transit
56.768490501614,425.337281488341,76.8699962272501,54.4757957563373,134.475795756337,2,1,1,80,Transit
57.0763094838203,427.795878491164,77.3143314655579,55.3992527029563,135.399252702956,2,1,1,80,Transit
57.3824807847433,430.254475493987,77.7586667038657,56.3177666057252,136.317766605725,2,1,1,80,Transit
57.687004404778,432.71307249681,78.2030019421735,57.2313374658295,137.231337465829,2,1,1,80,Transit
57.9898803435304,435.171669499633,78.6473371804813,58.1399652820865,138.139965282087,2,1,1,80,Transit
58.2911086013935,437.630266502455,79.0916724187891,59.043650055676,139.043650055676,2,1,1,80,Transit
58.5906891779753,440.088863505278,79.5360076570969,59.9423917854212,139.942391785421,2,1,1,80,Transit
58.8886220736939,442.547460508101,79.9803428954048,60.8361904725771,140.836190472577,2,1,1,80,Transit
59.1849072881058,445.006057510924,80.4246781337126,61.7250461158127,141.725046115813,2,1,1,80,Transit
59.4795448216265,447.464654513747,80.8690133720204,62.6089587163747,142.608958716375,2,1,1,80,Transit
59.7725346740611,449.923251516569,81.3133486103282,63.4879282736786,143.487928273679,2,1,1,80,Transit
60.0601555823965,452.381848519392,81.757683848636,64.350790998685,144.350790998685,2,1,1,80,Transit
60.3380108163715,454.840445522215,82.2020190869438,65.1843567006098,145.18435670061,2,1,1,80,Transit
60.616689890704,457.299042525038,82.6463543252516,66.0203939236073,146.020393923607,2,1,1,80,Transit
60.8961928057646,459.75763952786,83.0906895635594,66.8589026687893,146.858902668789,2,1,1,80,Transit
61.1765195611824,462.216236530683,83.5350248018672,67.6998829350425,147.699882935042,2,1,1,80,Transit
61.4576701573287,464.674833533506,83.979360040175,68.5433347234816,148.543334723482,2,1,1,80,Transit
61.7396445938317,467.133430536329,84.4236952784828,69.3892580329905,149.38925803299,2,1,1,80,Transit
62.022442871091,469.592027539152,84.8680305167906,70.2376528647683,150.237652864768,2,1,1,80,Transit
62.3060649886788,472.050624541974,85.3123657550984,71.0885192175317,151.088519217532,2,1,1,80,Transit
62.5905109469962,474.509221544797,85.7567009934062,71.941857092484,151.941857092484,2,1,1,80,Transit
62.8757807456693,476.96781854762,86.201036231714,72.7976664885031,152.797666488503,2,1,1,80,Transit
63.1626167056963,479.426415550443,86.6453714700218,73.6581743685844,153.658174368584,2,1,1,80,Transit
63.3804184359184,481.885012553266,87.0897067083296,74.3115795592504,154.31157955925,2,1,1,80,Transit
63.7432204650611,486.802206558911,87.9783771849452,75.3999856466787,155.399985646679,2,1,1,80,Transit
64.1159085807167,491.719400564557,88.8670476615608,76.5180499936455,156.518049993645,2,1,1,80,Transit
64.4984827828991,496.636594570202,89.7557181381764,77.6657726001928,157.665772600193,2,1,1,80,Transit
64.8909430715782,501.553788575848,90.6443886147921,78.8431534662299,158.84315346623,2,1,1,80,Transit
65.2932894467701,506.470982581493,91.5330590914077,80.0501925918055,160.050192591806,2,1,1,80,Transit
65.5009040490835,508.929579584316,91.9773943297155,80.6730363987458,160.673036398746,2,1,1,80,Transit
65.8353211768474,511.388176587139,92.4217295680233,81.6762877820376,161.676287782038,2,1,1,80,Transit
66.169738304816,513.846773589962,92.8660648063311,82.6795391659434,162.679539165943,2,1,1,80,Transit
66.5041554325799,516.305370592784,93.3104000446389,83.6827905492352,163.682790549235,2,1,1,80,Transit
66.8385725605571,518.763967595607,93.7547352829467,84.6860419331665,164.686041933167,2,1,1,80,Transit
67.172989688321,521.22256459843,94.1990705212545,85.6892933164583,165.689293316458,2,1,1,80,Transit
67.5074068162896,523.681161601253,94.6434057595623,86.692544700364,166.692544700364,2,1,1,80,Transit
67.8418239440535,526.139758604076,95.0877409978701,87.6957960836559,167.695796083656,2,1,1,80,Transit
68.1762410720221,528.598355606898,95.5320762361779,88.6990474675616,168.699047467562,2,1,1,80,Transit
68.510658199786,531.056952609721,95.9764114744857,89.7022988508534,169.702298850853,2,1,1,80,Transit
68.8450753277546,533.515549612544,96.4207467127935,90.7055502347591,170.705550234759,2,1,1,80,Transit
69.1794924555185,535.974146615367,96.8650819511013,91.708801618051,171.708801618051,2,1,1,80,Transit
69.5173615392979,538.43274361819,97.3094171894091,92.7224088693892,172.722408869389,2,1,1,80,Transit
69.8594079574947,540.891340621012,97.7537524277169,93.7485481239796,173.74854812398,2,1,1,80,Transit
70.1998066948154,543.349937623835,98.1980876660247,94.7697443359417,174.769744335942,2,1,1,80,Transit
70.5385577508528,545.808534626658,98.6424229043325,95.7859975040538,175.785997504054,2,1,1,80,Transit
70.8756611260028,548.267131629481,99.0867581426403,96.7973076295038,176.797307629504,2,1,1,80,Transit
71.2111168198594,550.725728632303,99.5310933809481,97.8036747110737,177.803674711074,2,1,1,80,Transit
71.544924832838,553.184325635126,99.975428619256,98.8050987500094,178.805098750009,2,1,1,80,Transit
71.8770851645242,555.642922637949,100.419763857564,99.8015797450679,179.801579745068,2,1,1,80,Transit
72.2075978153313,558.101519640772,100.864099095872,100.793117697489,180.793117697489,2,1,1,80,Transit
72.5364627848471,560.560116643595,101.308434334179,101.779712606037,181.779712606037,2,1,1,80,Transit
72.8636800734828,563.018713646417,101.752769572487,102.761364471944,182.761364471944,2,1,1,80,Transit
73.189249680828,565.47731064924,102.197104810795,103.738073293979,183.738073293979,2,1,1,80,Transit
73.6600377561612,570.394504654886,103.085775287411,105.150437519979,185.150437519979,2,1,1,80,Transit
74.1040131999656,575.311698660531,103.974445764026,106.482363851392,186.482363851392,2,1,1,80,Transit
74.5446932815992,580.228892666177,104.863116240642,107.804404096293,187.804404096293,2,1,1,80,Transit
74.9820780010618,585.146086671822,105.751786717257,109.116558254681,189.116558254681,2,1,1,80,Transit
75.4161673583534,590.063280677468,106.640457193873,110.418826326556,190.418826326556,2,1,1,80,Transit
75.8180227716475,594.980474683114,107.529127670489,111.624392566438,191.624392566438,2,1,1,80,Transit
76.1511462529585,599.897668688759,108.417798147104,111.631308094757,191.631308094757,2,1,1,80,Transit
76.4842697342694,604.814862694405,109.30646862372,111.608565363535,191.608565363535,2,1,1,80,Transit
76.8173932155804,609.73205670005,110.195139100335,111.556164372774,191.556164372774,2,1,1,80,Transit
77.1505166968913,614.649250705696,111.083809576951,111.474105122473,191.474105122473,2,1,1,80,Transit
77.4836401782023,619.566444711341,111.972480053567,111.362387612729,191.362387612729,2,1,1,80,Transit
77.8167636595133,624.483638716987,112.861150530182,110.901300020387,190.901300020387,2,1,1,80,Transit
78.2881883606949,629.400832722632,113.749821006798,109.487025916842,189.487025916842,2,1,1,80,Transit
78.7629084240476,634.318026728278,114.638491483413,108.062865726784,188.062865726784,2,1,1,80,Transit
79.2409238495711,639.235220733924,115.527161960029,106.628819450213,186.628819450213,2,1,1,80,Transit
79.7222346372656,644.152414739569,116.415832436645,105.18488708713,185.18488708713,2,1,1,80,Transit
80.2068407870931,649.069608745215,117.30450291326,103.731068637647,183.731068637647,2,1,1,80,Transit
80.4557293530824,651.528205748038,117.748838151568,102.984402939679,182.984402939679,2,1,1,80,Transit
80.7589886285081,653.98680275086,118.193173389876,102.074625113402,182.074625113402,2,1,1,80,Transit
81.0682607718844,656.445399753683,118.637508628184,101.146808683273,181.146808683273,2,1,1,80,Transit
81.376709074565,658.903996756506,119.081843866492,100.221463775231,180.221463775231,2,1,1,80,Transit
81.6843335368555,661.362593759329,119.526179104799,99.2985903883598,179.29859038836,2,1,1,80,Transit
81.991134158451,663.821190762151,119.970514343107,98.3781885235736,178.378188523574,2,1,1,80,Transit
82.2971109396558,666.279787764974,120.414849581415,97.4602581799592,177.460258179959,2,1,1,80,Transit
82.6022638801659,668.738384767797,120.859184819723,96.5447993584287,176.544799358429,2,1,1,80,Transit
82.906592980241,671.19698177062,121.303520058031,95.6318120582036,175.631812058204,2,1,1,80,Transit
83.2100982398174,673.655578773443,121.747855296338,94.7212962794743,174.721296279474,2,1,1,80,Transit
83.5127796586999,676.114175776265,122.192190534646,93.8132520228267,173.813252022827,2,1,1,80,Transit
83.8146372371906,678.572772779088,122.636525772954,92.9076792873546,172.907679287355,2,1,1,80,Transit
84.1156709749912,681.031369781911,123.080861011262,92.0045780739529,172.004578073953,2,1,1,80,Transit
84.415880872409,683.489966784734,123.52519624957,91.1039483816993,171.103948381699,2,1,1,80,Transit
84.715266929134,685.948563787557,123.969531487877,90.2057902115246,170.205790211525,2,1,1,80,Transit
85.013829145466,688.407160790379,124.413866726185,89.3101035625285,169.310103562528,2,1,1,80,Transit
85.3115675211056,690.865757793202,124.858201964493,88.4168884356097,168.41688843561,2,1,1,80,Transit
85.6084820563518,693.324354796025,125.302537202801,87.5261448298711,167.526144829871,2,1,1,80,Transit
85.9045727508657,695.782951798848,125.746872441109,86.6378727463294,166.637872746329,2,1,1,80,Transit
86.1998396050265,698.24154880167,126.191207679416,85.7520721838471,165.752072183847,2,1,1,80,Transit
86.4942826184957,700.700145804493,126.635542917724,84.8687431434392,164.868743143439,2,1,1,80,Transit
86.7879017915707,703.158742807316,127.079878156032,83.9878856242144,163.987885624214,2,1,1,80,Transit
87.0806971239546,705.617339810139,127.52421339434,83.1094996270625,163.109499627063,2,1,1,80,Transit
87.3726686159438,708.075936812962,127.968548632648,82.2335851510952,162.233585151095,2,1,1,80,Transit
87.8438589471306,712.993130818607,128.857219109263,80.8200141575346,160.820014157535,2,1,1,80,Transit
88.2833337388059,717.910324824253,129.745889585879,79.5015897825089,159.501589782509,2,1,1,80,Transit
88.7162178061049,722.827518829898,130.634560062494,78.2029375806118,158.202937580612,2,1,1,80,Transit
89.1425111490976,727.744712835544,131.52323053911,76.9240575516336,156.924057551634,2,1,1,80,Transit
89.5622137677484,732.661906841189,132.411901015726,75.6649496956812,155.664949695681,2,1,1,80,Transit
89.9753256620572,737.579100846835,133.300571492341,74.4256140127548,154.425614012755,2,1,1,80,Transit
90.3084491433682,742.496294852481,134.189241968957,74.0376396140197,154.03763961402,2,1,1,80,Transit
90.6415726246791,747.413488858126,135.077912445572,73.6310977729454,153.631097772945,2,1,1,80,Transit
90.9746961059901,752.330682863772,135.966582922188,73.2047837587513,153.204783758751,2,1,1,80,Transit
91.3078195873011,757.247876869417,136.855253398804,72.7586975715313,152.758697571531,2,1,1,80,Transit
91.640943068612,762.165070875063,137.743923875419,72.2928392112854,152.292839211285,2,1,1,80,Transit
91.974066549923,767.082264880708,138.632594352035,72.1108945443994,152.110894544399,2,1,1,80,Transit
92.3813551817722,771.999458886354,139.521264828651,73.3327604399471,153.332760439947,2,1,1,80,Transit
92.8281881596385,776.916652892,140.409935305266,74.673259373546,154.673259373546,2,1,1,80,Transit
93.3145654835587,781.833846897645,141.298605781882,76.1323913453064,156.132391345306,2,1,1,80,Transit
93.5725832752087,784.292443900468,141.74294102019,76.9064447202566,156.906444720257,2,1,1,80,Transit
93.8404871535326,786.751040903291,142.187276258497,77.7101563552284,157.710156355228,2,1,1,80,Transit
94.1182771182067,789.209637906113,142.631611496805,78.5435262492505,158.54352624925,2,1,1,80,Transit
94.4059531695604,791.668234908936,143.075946735113,79.4065544033118,159.406554403312,2,1,1,80,Transit
94.7035153072584,794.126831911759,143.520281973421,80.2992408164058,160.299240816406,2,1,1,80,Transit
94.9686863149622,796.585428914582,143.964617211729,81.0947538395171,161.094753839517,2,1,1,80,Transit
95.2239567083283,799.044025917405,144.408952450036,81.8605650196155,161.860565019616,2,1,1,80,Transit
95.4833463045506,801.502622920227,144.853287688344,82.6387338082823,162.638733808282,2,1,1,80,Transit
95.746855103343,803.96121992305,145.297622926652,83.4292602046594,163.429260204659,2,1,1,80,Transit
96.0144831049939,806.419816925873,145.74195816496,84.2321442096122,164.232144209612,2,1,1,80,Transit
96.2862303092125,808.878413928696,146.186293403268,85.0473858222681,165.047385822268,2,1,1,80,Transit
96.5620967162922,811.337010931519,146.630628641575,85.874985043507,165.874985043507,2,1,1,80,Transit
96.842082325937,813.795607934341,147.074963879883,86.7149418724415,166.714941872441,2,1,1,80,Transit
97.1261871384453,816.254204937164,147.519299118191,87.5672563099664,167.567256309966,2,1,1,80,Transit
97.4144111535164,818.712801939987,147.963634356499,88.4319283551796,168.43192835518,2,1,1,80,Transit
97.7067543714534,821.17139894281,148.407969594807,89.3089580089906,169.308958008991,2,1,1,80,Transit
98.0879836218667,826.088592948455,149.296640071422,90.4526457602304,170.45264576023,2,1,1,80,Transit
98.4211071031776,831.005786954101,150.185310548038,91.2607830602045,171.260783060204,2,1,1,80,Transit
98.7542305844886,835.922980959746,151.073981024653,92.1183507927426,172.118350792743,2,1,1,80,Transit
99.0873540657995,840.840174965392,151.962651501269,93.0253489578449,173.025348957845,2,1,1,80,Transit
99.4204775471105,845.757368971037,152.851321977885,93.9817775555114,173.981777555511,2,1,1,80,Transit
99.7557638904918,850.674562976683,153.7399924545,94.9876365856552,174.987636585655,2,1,1,80,Transit
100.090449640734,855.591756982329,154.628662931116,95.9916938363804,175.99169383638,2,1,1,80,Transit
100.429949056996,860.508950987974,155.517333407731,97.0101920851683,177.010192085168,2,1,1,80,Transit
100.779334559772,865.42614499362,156.406003884347,98.0583485934962,178.058348593496,2,1,1,80,Transit
101.138606149061,870.343338999265,157.294674360963,99.1361633613641,179.136163361364,2,1,1,80,Transit
101.507763824824,875.260533004911,158.183344837578,100.243636388651,180.243636388651,2,1,1,80,Transit
101.886807587138,880.177727010556,159.072015314194,101.380767675592,181.380767675592,2,1,1,80,Transit
102.219931068449,885.094921016202,159.96068579081,102.2281405486,182.2281405486,2,1,1,80,Transit
102.553054549759,890.012115021848,160.849356267425,103.080591595285,183.080591595285,2,1,1,80,Transit
102.88617803107,894.929309027493,161.738026744041,103.962700901508,183.962700901508,2,1,1,80,Transit
103.219301512381,899.846503033139,162.626697220656,104.874468467116,184.874468467116,2,1,1,80,Transit
103.552424993692,904.763697038784,163.515367697272,105.81589429241,185.81589429241,2,1,1,80,Transit
103.885548475003,909.68089104443,164.404038173888,106.797815207539,186.797815207539,2,1,1,80,Transit
104.256176449537,914.598085050075,165.292708650503,107.909699131142,187.909699131142,2,1,1,80,Transit
104.646576597097,919.515279055721,166.181379127119,109.080899573821,189.080899573821,2,1,1,80,Transit
105.056748917614,924.432473061366,167.070049603734,110.31141653537,190.31141653537,2,1,1,80,Transit
105.48669341122,929.349667067012,167.95872008035,111.60125001619,191.60125001619,2,1,1,80,Transit
105.936410077853,934.266861072658,168.847390556966,112.950400016087,192.950400016087,2,1,1,80,Transit
106.345368801101,939.184055078303,169.736061033581,114.177276185832,194.177276185832,2,1,1,80,Transit
106.678492282412,944.101249083949,170.624731510197,114.989395094825,194.989395094825,2,1,1,80,Transit
107.011615763723,949.018443089594,171.513401986812,115.781741830559,195.781741830559,2,1,1,80,Transit
107.344739245034,953.93563709524,172.402072463428,116.554316393504,196.554316393504,2,1,1,80,Transit
107.677862726345,958.852831100886,173.290742940044,117.307118783424,197.307118783424,2,1,1,80,Transit
108.010986207656,963.770025106531,174.179413416659,118.040149000318,198.040149000318,2,1,1,80,Transit
108.344109688967,968.687219112177,175.068083893275,118.213979853941,198.213979853941,2,1,1,80,Transit
108.677233170278,973.604413117822,175.95675436989,117.769329642424,197.769329642424,2,1,1,80,Transit
109.010356651589,978.521607123468,176.845424846506,117.265362912038,197.265362912038,2,1,1,80,Transit
109.3434801329,983.438801129113,177.734095323122,116.702079662572,196.702079662572,2,1,1,80,Transit
109.676603614211,988.355995134759,178.622765799737,116.079479894026,196.079479894026,2,1,1,80,Transit
110.009727095522,993.273189140404,179.511436276353,115.41155700624,195.41155700624,2,1,1,80,Transit
110.342850576833,998.19038314605,180.400106752969,115.691550592602,195.691550592602,2,1,1,80,Transit
110.675974058144,1003.1075771517,181.288777229584,116.381433948644,196.381433948644,2,1,1,80,Transit
111.009097539455,1008.02477115734,182.1774477062,117.031772958808,197.031772958808,2,1,1,80,Transit
111.342221020765,1012.94196516299,183.066118182815,117.642567622921,197.642567622921,2,1,1,80,Transit
111.675344502076,1017.85915916863,183.954788659431,118.213817940982,198.213817940982,2,1,1,80,Transit
112.008467983387,1022.77635317428,184.843459136047,118.745523912992,198.745523912992,2,1,1,80,Transit
112.469426721545,1027.69354717992,185.732129612662,120.128400127464,200.128400127464,2,1,1,80,Transit
112.725026419068,1030.15214418275,186.17646485097,120.895199220035,200.895199220035,2,1,1,80,Transit
112.981449957012,1032.61074118557,186.620800089278,121.664469833864,201.664469833864,2,1,1,80,Transit
113.238697335621,1035.06933818839,187.065135327586,122.436211969692,202.436211969692,2,1,1,80,Transit
113.496768554649,1037.52793519121,187.509470565893,123.210425626778,203.210425626778,2,1,1,80,Transit
113.755663614344,1039.98653219404,187.953805804201,123.987110805863,203.987110805863,2,1,1,80,Transit
114.015382514458,1042.44512919686,188.398141042509,124.766267506204,204.766267506204,2,1,1,80,Transit
114.275925255239,1044.90372619968,188.842476280817,125.547895728546,205.547895728546,2,1,1,80,Transit
114.537291836438,1047.36232320251,189.286811519125,126.331995472142,206.331995472142,2,1,1,80,Transit
114.799482258257,1049.82092020533,189.731146757432,127.118566737602,207.118566737602,2,1,1,80,Transit
115.068491876984,1052.27951720815,190.17548199574,127.925595593781,207.925595593781,2,1,1,80,Transit
115.400148126895,1054.73811421097,190.619817234048,128.920564343516,208.920564343516,2,1,1,80,Transit
115.733452057727,1057.1967112138,191.064152472356,129.920476136009,209.920476136009,2,1,1,80,Transit
116.06840366981,1059.65530821662,191.508487710664,130.925330972259,210.925330972259,2,1,1,80,Transit
116.405002962812,1062.11390521944,191.952822948971,131.935128851265,211.935128851265,2,1,1,80,Transit
116.743249937066,1064.57250222227,192.397158187279,132.949869774029,212.949869774029,2,1,1,80,Transit
117.083144592239,1067.03109922509,192.841493425587,133.969553739546,213.969553739546,2,1,1,80,Transit
117.424686928665,1069.48969622791,193.285828663895,134.994180748825,214.994180748825,2,1,1,80,Transit
117.767876946008,1071.94829323073,193.730163902203,136.023750800855,216.023750800855,2,1,1,80,Transit
118.112714644553,1074.40689023356,194.17449914051,137.058263896488,217.058263896488,2,1,1,80,Transit
118.459200024066,1076.86548723638,194.618834378818,138.097720035027,218.097720035027,2,1,1,80,Transit
118.807333084835,1079.3240842392,195.063169617126,139.142119217334,219.142119217334,2,1,1,80,Transit
119.169136028645,1081.78268124202,195.507504855434,140.227528048764,220.227528048764,2,1,1,80,Transit
119.54423714339,1084.24127824485,195.951840093742,141.352831393001,221.352831393001,2,1,1,80,Transit
119.917690576864,1086.69987524767,196.396175332049,142.473191693421,222.473191693421,2,1,1,80,Transit
120.289496329438,1089.15847225049,196.840510570357,143.588608951143,223.588608951143,2,1,1,80,Transit
120.659654400741,1091.61706925332,197.284845808665,144.699083165052,224.699083165052,2,1,1,80,Transit
121.028164791143,1094.07566625614,197.729181046973,145.804614336259,225.804614336259,2,1,1,80,Transit
121.395027500276,1096.53426325896,198.173516285281,146.905202463657,226.905202463657,2,1,1,80,Transit
121.760242528507,1098.99286026178,198.617851523588,148.00084754835,228.00084754835,2,1,1,80,Transit
122.12380987542,1101.45145726461,199.062186761896,149.091549589089,229.091549589089,2,1,1,80,Transit
122.48572954148,1103.91005426743,199.506522000204,150.17730858727,230.17730858727,2,1,1,80,Transit
122.846001526273,1106.36865127025,199.950857238512,151.258124541648,231.258124541648,2,1,1,80,Transit
123.204625830162,1108.82724827308,200.39519247682,152.333997453314,232.333997453314,2,1,1,80,Transit
123.451524707381,1111.2858452759,200.839527715128,153.074694084972,233.074694084972,2,1,1,80,Transit
123.900897412523,1116.20303928154,201.728198191743,154.422812200399,234.422812200399,2,1,1,80,Transit
124.350270117665,1121.12023328719,202.616868668359,155.770930315826,235.770930315826,2,1,1,80,Transit
124.799642822863,1126.03742729283,203.505539144974,157.119048431419,237.119048431419,2,1,1,80,Transit
125.249015528006,1130.95462129848,204.39420962159,158.467166546846,238.467166546846,2,1,1,80,Transit
125.698388233148,1135.87181530413,205.282880098206,159.815284662273,239.815284662273,2,1,1,80,Transit
125.938972870059,1138.33041230695,205.727215336513,160.537038573007,240.537038573007,2,1,1,80,Transit
126.242226270413,1140.78900930977,206.171550574821,161.446798774067,241.446798774067,2,1,1,80,Transit
126.547127351702,1143.24760631259,206.615885813129,162.361502017937,242.361502017937,2,1,1,80,Transit
126.853676114227,1145.70620331542,207.060221051437,163.281148305512,243.281148305512,2,1,1,80,Transit
127.161872557688,1148.16480031824,207.504556289745,164.205737635893,244.205737635893,2,1,1,80,Transit
127.471716682334,1150.62339732106,207.948891528052,165.135270009831,245.135270009831,2,1,1,80,Transit
127.783208487964,1153.08199432389,208.39322676636,166.069745426722,246.069745426722,2,1,1,80,Transit
128.096347974831,1155.54059132671,208.837562004668,167.009163887324,247.009163887324,2,1,1,80,Transit
128.411135142632,1157.99918832953,209.281897242976,167.953525390727,247.953525390727,2,1,1,80,Transit
128.727569991671,1160.45778533235,209.726232481284,168.902829937844,248.902829937844,2,1,1,80,Transit
129.045652521643,1162.91638233518,210.170567719591,169.857077527759,249.857077527759,2,1,1,80,Transit
129.36167674816,1165.374979338,210.614902957899,170.805150207308,250.805150207308,2,1,1,80,Transit
129.694800229471,1170.29217334364,211.503573434515,171.749510893542,251.749510893542,2,1,1,80,Transit
130.027923710782,1175.20936734929,212.39224391113,172.438374384717,252.438374384717,2,1,1,80,Transit
130.361047192092,1180.12656135494,213.280914387746,173.127237875739,253.127237875739,2,1,1,80,Transit
130.694170673403,1185.04375536058,214.169584864362,173.816101366914,253.816101366914,2,1,1,80,Transit
131.027294154714,1189.96094936623,215.058255340977,174.504964858089,254.504964858089,2,1,1,80,Transit
131.360417636025,1194.87814337187,215.946925817593,175.193828349264,255.193828349264,2,1,1,80,Transit
131.693541117336,1199.79533737752,216.835596294208,174.541854766885,254.541854766885,2,1,1,80,Transit
132.026664598647,1204.71253138316,217.724266770824,173.854731220747,253.854731220747,2,1,1,80,Transit
132.359788079958,1209.62972538881,218.61293724744,173.167607674763,253.167607674763,2,1,1,80,Transit
132.692911561269,1214.54691939446,219.501607724055,172.480484128779,252.480484128779,2,1,1,80,Transit
133.02603504258,1219.4641134001,220.390278200671,171.793360582795,251.793360582795,2,1,1,80,Transit
133.359158523891,1224.38130740575,221.278948677287,171.236271052337,251.236271052337,2,1,1,80,Transit
133.692282005202,1229.29850141139,222.167619153902,171.371070877256,251.371070877256,2,1,1,80,Transit
134.025405486513,1234.21569541704,223.056289630518,171.525642875355,251.525642875355,2,1,1,80,Transit
134.358528967824,1239.13288942268,223.944960107133,171.699987046481,251.699987046481,2,1,1,80,Transit
134.691652449135,1244.05008342833,224.833630583749,171.894103390635,251.894103390635,2,1,1,80,Transit
135.024775930446,1248.96727743397,225.722301060365,172.107991907815,252.107991907815,2,1,1,80,Transit
135.357899411757,1253.88447143962,226.61097153698,172.814960398426,252.814960398426,2,1,1,80,Transit
135.625621608038,1256.34306844244,227.055306775288,173.618126987271,253.618126987271,2,1,1,80,Transit
135.893343804439,1258.80166544526,227.499642013596,174.421293576474,254.421293576474,2,1,1,80,Transit
136.161066000721,1261.26026244809,227.943977251904,175.224460165318,255.224460165318,2,1,1,80,Transit
136.428788197122,1263.71885945091,228.388312490211,176.027626754521,256.027626754521,2,1,1,80,Transit
136.696510393403,1266.17745645373,228.832647728519,176.830793343365,256.830793343365,2,1,1,80,Transit
136.964232589804,1268.63605345656,229.276982966827,177.633959932568,257.633959932568,2,1,1,80,Transit
137.231954786086,1271.09465045938,229.721318205135,178.437126521413,258.437126521413,2,1,1,80,Transit
137.499676982487,1273.5532474622,230.165653443443,179.240293110615,259.240293110615,2,1,1,80,Transit
137.767399178768,1276.01184446502,230.60998868175,180.04345969946,260.04345969946,2,1,1,80,Transit
138.035121375109,1278.47044146785,231.054323920058,180.846626288483,260.846626288483,2,1,1,80,Transit
138.414806747475,1283.38763547349,231.942994396674,181.98568240558,261.98568240558,2,1,1,80,Transit
138.747930228786,1288.30482947914,232.831664873289,182.691659917446,262.691659917446,2,1,1,80,Transit
139.081053710097,1293.22202348478,233.720335349905,183.367979169773,263.367979169773,2,1,1,80,Transit
139.414177191408,1298.13921749043,234.609005826521,184.014640162561,264.014640162561,2,1,1,80,Transit
139.747300672719,1303.05641149608,235.497676303136,184.631642895662,264.631642895662,2,1,1,80,Transit
140.08042415403,1307.97360550172,236.386346779752,185.218987369379,265.218987369379,2,1,1,80,Transit
140.413547635341,1312.89079950737,237.275017256367,185.776673583566,265.776673583566,2,1,1,80,Transit
140.746671116651,1317.80799351301,238.163687732983,186.304701538217,266.304701538217,2,1,1,80,Transit
141.079794597962,1322.72518751866,239.052358209599,186.803071233327,266.803071233327,2,1,1,80,Transit
141.412918079273,1327.6423815243,239.941028686214,187.27178266878,267.27178266878,2,1,1,80,Transit
141.746041560584,1332.55957552995,240.82969916283,187.710835844816,267.710835844816,2,1,1,80,Transit
142.079165041895,1337.47676953559,241.718369639445,188.170331072944,268.170331072944,2,1,1,80,Transit
142.442172165314,1342.39396354124,242.607040116061,189.2593524432,269.2593524432,2,1,1,80,Transit
142.816935031633,1347.31115754689,243.495710592677,190.383641042156,270.383641042156,2,1,1,80,Transit
143.181811811438,1352.22835155253,244.384381069292,191.478271381573,271.478271381573,2,1,1,80,Transit
143.536802504693,1357.14554555818,245.273051545908,192.543243461338,272.543243461338,2,1,1,80,Transit
143.881907111476,1362.06273956382,246.161722022524,193.578557281685,273.578557281685,2,1,1,80,Transit
144.250188235893,1366.97993356947,247.050392499139,194.683400654936,274.683400654936,2,1,1,80,Transit
144.597920947395,1369.43853057229,247.494727737447,195.726598789444,275.726598789444,2,1,1,80,Transit
144.944829818171,1371.89712757511,247.939062975755,196.767325401771,276.767325401771,2,1,1,80,Transit
145.290914848588,1374.35572457794,248.383398214063,197.805580493021,277.805580493021,2,1,1,80,Transit
145.636176038278,1376.81432158076,248.82773345237,198.841364062092,278.841364062092,2,1,1,80,Transit
145.980613387577,1379.27291858358,249.272068690678,199.874676109988,279.874676109988,2,1,1,80,Transit
146.324226896182,1381.7315155864,249.716403928986,200.905516635805,280.905516635805,2,1,1,80,Transit
146.667016564428,1384.19011258923,250.160739167294,201.933885640542,281.933885640542,2,1,1,80,Transit
147.008982391948,1386.64870959205,250.605074405602,202.959783123102,282.959783123102,2,1,1,80,Transit
147.350124379108,1389.10730659487,251.049409643909,203.983209084582,283.983209084582,2,1,1,80,Transit
147.690442525543,1391.5659035977,251.493744882217,205.004163523887,285.004163523887,2,1,1,80,Transit
148.029936831617,1394.02450060052,251.938080120525,206.02264644211,286.02264644211,2,1,1,80,Transit
148.390187934718,1396.48309760334,252.382415358833,207.103399751413,287.103399751413,2,1,1,80,Transit
148.767713404172,1398.94169460616,252.826750597141,208.235976159774,288.235976159774,2,1,1,80,Transit
149.145238873421,1401.40029160899,253.271085835448,209.368552567521,289.368552567521,2,1,1,80,Transit
149.522764342845,1403.85888861181,253.715421073756,210.501128975793,290.501128975793,2,1,1,80,Transit
149.900289812094,1406.31748561463,254.159756312064,211.63370538354,291.63370538354,2,1,1,80,Transit
150.277815281548,1408.77608261745,254.604091550372,212.766281791901,292.766281791901,2,1,1,80,Transit
150.655340750797,1411.23467962028,255.04842678868,213.898858199648,293.898858199648,2,1,1,80,Transit
151.03286622025,1413.6932766231,255.492762026987,215.031434608009,295.031434608009,2,1,1,80,Transit
151.4103916895,1416.15187362592,255.937097265295,216.164011015757,296.164011015757,2,1,1,80,Transit
151.787917158953,1418.61047062875,256.381432503603,217.296587424118,297.296587424118,2,1,1,80,Transit
152.165442628202,1421.06906763157,256.825767741911,218.429163831865,298.429163831865,2,1,1,80,Transit
152.542968097656,1423.52766463439,257.270102980219,219.561740240226,299.561740240226,2,1,1,80,Transit
152.812635942663,1425.98626163721,257.714438218526,220.370743775247,300.370743775247,2,1,1,80,Transit
153.071944784972,1428.44485864004,258.158773456834,221.148670302174,301.148670302174,2,1,1,80,Transit
153.32960594609,1430.90345564286,258.603108695142,221.921653785529,301.921653785529,2,1,1,80,Transit
153.585619426257,1433.36205264568,259.04744393345,222.68969422603,302.68969422603,2,1,1,80,Transit
153.839985225205,1435.82064964851,259.491779171758,223.452791622873,303.452791622873,2,1,1,80,Transit
154.092703343201,1438.27924665133,259.936114410065,224.21094597686,304.21094597686,2,1,1,80,Transit
154.343773779978,1440.73784365415,260.380449648373,224.964157287191,304.964157287191,2,1,1,80,Transit
154.840971610409,1445.6550376598,261.269120124989,226.455750778484,306.455750778484,2,1,1,80,Transit
155.331578716498,1450.57223166544,262.157790601604,227.927572096751,307.927572096751,2,1,1,80,Transit
155.579645257718,1453.03082866826,262.602125839912,228.671771720413,308.671771720413,2,1,1,80,Transit
155.837400103435,1455.48942567109,263.04646107822,229.445036257564,309.445036257564,2,1,1,80,Transit
156.091859587141,1457.94802267391,263.490796316528,230.208414708682,310.208414708682,2,1,1,80,Transit
156.343023708538,1460.40661967673,263.935131554836,230.961907072873,310.961907072873,2,1,1,80,Transit
156.835465864958,1465.32381368238,264.823802031451,232.439233542131,312.439233542131,2,1,1,80,Transit
157.314726572693,1470.24100768802,265.712472508067,233.877015665337,313.877015665337,2,1,1,80,Transit
157.780805831745,1475.15820169367,266.601142984683,235.275253442492,315.275253442492,2,1,1,80,Transit
158.233703642108,1480.07539569932,267.489813461298,236.633946873582,316.633946873582,2,1,1,80,Transit
158.571964959842,1484.99258970496,268.378483937914,237.648730826783,317.648730826783,2,1,1,80,Transit
158.905088441153,1489.90978371061,269.267154414529,238.57261950971,318.57261950971,2,1,1,80,Transit
159.238211922463,1494.82697771625,270.155824891145,239.466849933099,319.466849933099,2,1,1,80,Transit
159.571335403774,1499.7441717219,271.044495367761,240.331422096949,320.331422096949,2,1,1,80,Transit
159.904458885085,1504.66136572754,271.933165844376,241.16633600128,321.16633600128,2,1,1,80,Transit
160.237582366396,1509.57855973319,272.821836320992,241.815050301669,321.815050301669,2,1,1,80,Transit
160.570705847707,1514.49575373883,273.710506797607,242.543529323451,322.543529323451,2,1,1,80,Transit
160.903829329018,1519.41294774448,274.599177274223,243.222577912667,323.222577912667,2,1,1,80,Transit
161.236952810329,1524.33014175013,275.487847750839,243.852196069315,323.852196069315,2,1,1,80,Transit
161.57007629164,1529.24733575577,276.376518227454,244.432383793397,324.432383793397,2,1,1,80,Transit
161.903199772951,1534.16452976142,277.26518870407,244.963141085083,324.963141085083,2,1,1,80,Transit
162.236323254262,1539.08172376706,278.153859180685,245.435859701266,325.435859701266,2,1,1,80,Transit
162.569446735573,1543.99891777271,279.042529657301,245.879708164111,325.879708164111,2,1,1,80,Transit
162.902570216884,1548.91611177835,279.931200133917,246.363100973007,326.363100973007,2,1,1,80,Transit
163.235693698195,1553.833305784,280.819870610532,246.886038127954,326.886038127954,2,1,1,80,Transit
163.568817179506,1558.75049978964,281.708541087148,247.448519629095,327.448519629095,2,1,1,80,Transit
163.901940660817,1563.66769379529,282.597211563763,248.050545476136,328.050545476136,2,1,1,80,Transit
164.235064142128,1568.58488780094,283.485882040379,248.955089116349,328.955089116349,2,1,1,80,Transit
164.678638797128,1573.50208180658,284.374552516995,250.28581308135,330.28581308135,2,1,1,80,Transit
165.125508814139,1578.41927581223,285.26322299361,251.626423132383,331.626423132383,2,1,1,80,Transit
165.575674193362,1583.33646981787,286.151893470226,252.97691927005,332.97691927005,2,1,1,80,Transit
166.029134934714,1588.25366382352,287.040563946842,254.337301494108,334.337301494108,2,1,1,80,Transit
166.485891038237,1593.17085782916,287.929234423457,255.707569804678,335.707569804678,2,1,1,80,Transit
166.724719145489,1595.62945483199,288.373569661765,256.424054126432,336.424054126432,2,1,1,80,Transit
167.014920045603,1598.08805183481,288.817904900073,257.294656826775,337.294656826775,2,1,1,80,Transit
167.307592467148,1600.54664883763,289.262240138381,258.172674091409,338.172674091409,2,1,1,80,Transit
167.602736410519,1603.00524584045,289.706575376688,259.058105921524,339.058105921524,2,1,1,80,Transit
167.900351875354,1605.46384284328,290.150910614996,259.950952316027,339.950952316027,2,1,1,80,Transit
168.200438861982,1607.9224398461,290.595245853304,260.851213275911,340.851213275911,2,1,1,80,Transit
168.502997370037,1610.38103684892,291.039581091612,261.758888800077,341.758888800077,2,1,1,80,Transit
168.808027399923,1612.83963385175,291.48391632992,262.673978889734,342.673978889734,2,1,1,80,Transit
169.115528951234,1615.29823085457,291.928251568227,263.596483543667,343.596483543667,2,1,1,80,Transit
169.425502024377,1617.75682785739,292.372586806535,264.526402763096,344.526402763096,2,1,1,80,Transit
169.737946618944,1620.21542486021,292.816922044843,265.463736546797,345.463736546797,2,1,1,80,Transit
170.052862735344,1622.67402186304,293.261257283151,266.408484895998,346.408484895998,2,1,1,80,Transit
170.508789499097,1627.59121586868,294.149927759766,267.776265187256,347.776265187256,2,1,1,80,Transit
170.909974056195,1632.50840987433,295.038598236382,268.979818858552,348.979818858552,2,1,1,80,Transit
171.311158613268,1637.42560387997,295.927268712998,270.183372529771,350.183372529771,2,1,1,80,Transit
171.712343170341,1642.34279788562,296.815939189613,271.386926200989,351.386926200989,2,1,1,80,Transit
172.113527727414,1647.25999189126,297.704609666229,272.590479872208,352.590479872208,2,1,1,80,Transit
172.514712284487,1652.17718589691,298.593280142844,273.794033543427,353.794033543427,2,1,1,80,Transit
172.964116156755,1657.09437990256,299.48195061946,275.14224516023,355.14224516023,2,1,1,80,Transit
173.419254168896,1662.0115739082,300.370621096076,276.507659196653,356.507659196653,2,1,1,80,Transit
173.877687543208,1666.92876791385,301.259291572691,277.882959319589,357.882959319589,2,1,1,80,Transit
174.33941627969,1671.84596191949,302.147962049307,279.268145529037,359.268145529037,2,1,1,80,Transit
174.804440378344,1676.76315592514,303.036632525922,280.663217824999,360.663217824999,2,1,1,80,Transit
175.261712358319,1681.68034993078,303.925303002538,282.035033764924,362.035033764924,2,1,1,80,Transit
175.59483583963,1686.59754393643,304.813973479154,282.644442447295,362.644442447295,2,1,1,80,Transit
175.927959320941,1691.51473794207,305.702643955769,283.234078956639,363.234078956639,2,1,1,80,Transit
176.261082802252,1696.43193194772,306.591314432385,283.803943292957,363.803943292957,2,1,1,80,Transit
176.594206283563,1701.34912595337,307.479984909001,284.354035456248,364.354035456248,2,1,1,80,Transit
176.927329764874,1706.26631995901,308.368655385616,284.884355446512,364.884355446512,2,1,1,80,Transit
177.260453246185,1711.18351396466,309.257325862232,285.306331340387,365.306331340387,2,1,1,80,Transit
177.593576727496,1716.1007079703,310.145996338847,285.535372522384,365.535372522384,2,1,1,80,Transit
177.926700208807,1721.01790197595,311.034666815463,285.76441370438,365.76441370438,2,1,1,80,Transit
178.259823690118,1725.93509598159,311.923337292079,285.993454886376,365.993454886376,2,1,1,80,Transit
178.592947171429,1730.85228998724,312.812007768694,286.222496068372,366.222496068372,2,1,1,80,Transit
178.92607065274,1735.76948399289,313.70067824531,286.451537250419,366.451537250419,2,1,1,80,Transit
179.259194134051,1740.68667799853,314.589348721925,287.117710409872,367.117710409872,2,1,1,80,Transit
179.622205160791,1745.60387200418,315.478019198541,288.206743490092,368.206743490092,2,1,1,80,Transit
179.985216187531,1750.52106600982,316.366689675157,289.295776570313,369.295776570313,2,1,1,80,Transit
180.348227214271,1755.43826001547,317.255360151772,290.384809650534,370.384809650534,2,1,1,80,Transit
180.711238241029,1760.35545402111,318.144030628388,291.473842730806,371.473842730806,2,1,1,80,Transit
181.074249267769,1765.27264802676,319.032701105003,292.562875811026,372.562875811026,2,1,1,80,Transit
181.294389485574,1767.73124502958,319.477036343311,293.223296464441,373.223296464441,2,1,1,80,Transit
181.574748613284,1770.1898420324,319.921371581619,294.064373847571,374.064373847571,2,1,1,80,Transit
181.854283900272,1772.64843903523,320.365706819927,294.902979708537,374.902979708537,2,1,1,80,Transit
182.132995346896,1775.10703603805,320.810042058235,295.739114048409,375.739114048409,2,1,1,80,Transit
182.4108829528,1777.56563304087,321.254377296542,296.57277686612,376.57277686612,2,1,1,80,Transit
182.687946718338,1780.0242300437,321.69871253485,297.403968162734,377.403968162734,2,1,1,80,Transit
182.964186643176,1782.48282704652,322.143047773158,298.232687937247,378.232687937247,2,1,1,80,Transit
183.239602727628,1784.94142404934,322.587383011466,299.058936190605,379.058936190605,2,1,1,80,Transit
183.514194971362,1787.40002105216,323.031718249774,299.882712921805,379.882712921805,2,1,1,80,Transit
183.787963374729,1789.85861805499,323.476053488082,300.704018131906,380.704018131906,2,1,1,80,Transit
184.060907937376,1792.31721505781,323.920388726389,301.522851819849,381.522851819849,2,1,1,80,Transit
184.333028659658,1794.77581206063,324.364723964697,302.339213986693,382.339213986693,2,1,1,80,Transit
184.788070898055,1799.69300606628,325.253394441313,303.704340701885,383.704340701885,2,1,1,80,Transit
185.224924657795,1804.61020007192,326.142064917928,305.014901981105,385.014901981105,2,1,1,80,Transit
185.655187693218,1809.52739407757,327.030735394544,306.305691087375,386.305691087375,2,1,1,80,Transit
186.078860004276,1814.44458808321,327.919405871159,307.576708020547,387.576708020547,2,1,1,80,Transit
186.495941590991,1819.36178208886,328.808076347775,308.827952780694,388.827952780694,2,1,1,80,Transit
186.928706298463,1824.27897609451,329.696746824391,310.12624690311,390.12624690311,2,1,1,80,Transit
187.299992864416,1826.73757309733,330.141082062699,311.240106600967,391.240106600967,2,1,1,80,Transit
187.670455589585,1829.19617010015,330.585417301006,312.351494776475,392.351494776475,2,1,1,80,Transit
188.040094474452,1831.65476710297,331.029752539314,313.460411431075,393.460411431075,2,1,1,80,Transit
188.408909518567,1834.1133641058,331.474087777622,314.566856563421,394.566856563421,2,1,1,80,Transit
188.776900722349,1836.57196110862,331.91842301593,315.670830174765,395.670830174765,2,1,1,80,Transit
189.144068085347,1839.03055811144,332.362758254238,316.772332263762,396.772332263762,2,1,1,80,Transit
189.510411608043,1841.48915511426,332.807093492545,317.871362831849,397.871362831849,2,1,1,80,Transit
189.875931289957,1843.94775211709,333.251428730853,318.96792187759,398.96792187759,2,1,1,80,Transit
190.240627131567,1846.40634911991,333.695763969161,320.062009402421,400.062009402421,2,1,1,80,Transit
190.605747556277,1848.86494612273,334.140099207469,321.15737067655,401.15737067655,2,1,1,80,Transit
190.968981385124,1851.32354312556,334.584434445777,322.247072163093,402.247072163093,2,1,1,80,Transit
191.329771612672,1853.78214012838,335.028769684084,323.329442845736,403.329442845736,2,1,1,80,Transit
191.691172092131,1856.2407371312,335.473104922392,324.413644284112,404.413644284112,2,1,1,80,Transit
192.051748730844,1858.69933413402,335.9174401607,325.495374200251,405.495374200251,2,1,1,80,Transit
192.411501529217,1861.15793113685,336.361775399008,326.57463259537,406.57463259537,2,1,1,80,Transit
192.77043048681,1863.61652813967,336.806110637316,327.651419468149,407.651419468149,2,1,1,80,Transit
193.128535604097,1866.07512514249,337.250445875623,328.725734820011,408.725734820011,2,1,1,80,Transit
193.485816880605,1868.53372214532,337.694781113931,329.797578649534,409.797578649534,2,1,1,80,Transit
193.842274316806,1870.99231914814,338.139116352239,330.866950958138,410.866950958138,2,1,1,80,Transit
194.197907912229,1873.45091615096,338.583451590547,331.933851744405,411.933851744405,2,1,1,80,Transit
194.552717667344,1875.90951315378,339.027786828855,332.998281009752,412.998281009752,2,1,1,80,Transit
194.906703581681,1878.36811015661,339.472122067162,334.060238752763,414.060238752763,2,1,1,80,Transit
195.259865655711,1880.82670715943,339.91645730547,335.119724974853,415.119724974853,2,1,1,80,Transit
195.550669779005,1883.28530416225,340.360792543778,335.992137344734,415.992137344734,2,1,1,80,Transit
195.826570047813,1885.74390116507,340.805127782086,336.819838151159,416.819838151159,2,1,1,80,Transit
196.095879592088,1888.2024981679,341.249463020394,337.627766783984,417.627766783984,2,1,1,80,Transit
196.358598412211,1890.66109517072,341.693798258701,338.415923244352,418.415923244352,2,1,1,80,Transit
196.614726507804,1893.11969217354,342.138133497009,339.184307531131,419.184307531131,2,1,1,80,Transit
197.107210526151,1898.03688617919,343.026803973625,340.661759586174,420.661759586174,2,1,1,80,Transit
197.573331647131,1902.95408018483,343.91547445024,342.060122949113,422.060122949113,2,1,1,80,Transit
198.013089870743,1907.87127419048,344.804144926856,343.379397619949,423.379397619949,2,1,1,80,Transit
198.346213352054,1912.78846819613,345.692815403472,344.245692251752,424.245692251752,2,1,1,80,Transit
198.679336833365,1917.70566220177,346.581485880087,344.83995786279,424.83995786279,2,1,1,80,Transit
199.012460314676,1922.62285620742,347.470156356703,345.394679127776,425.394679127776,2,1,1,80,Transit
199.345583795987,1927.54005021306,348.358826833318,345.909856046711,425.909856046711,2,1,1,80,Transit
199.678707277298,1932.45724421871,349.247497309934,346.385488619594,426.385488619594,2,1,1,80,Transit
200.011830758609,1937.37443822435,350.13616778655,346.821576846692,426.821576846692,2,1,1,80,Transit
200.34495423992,1942.29163223,351.024838263165,346.473323926137,426.473323926137,2,1,1,80,Transit
200.678077721231,1947.20882623564,351.913508739781,345.93793784458,425.93793784458,2,1,1,80,Transit
201.011201202542,1952.12602024129,352.802179216397,345.39266567651,425.39266567651,2,1,1,80,Transit
201.344324683853,1957.04321424694,353.690849693012,344.837507421926,424.837507421926,2,1,1,80,Transit
201.677448165164,1961.96040825258,354.579520169628,344.272463081108,424.272463081108,2,1,1,80,Transit
202.010571646475,1966.87760225823,355.468190646243,343.697532653499,423.697532653499,2,1,1,80,Transit
202.343695127786,1971.79479626387,356.356861122859,343.485041337515,423.485041337515,2,1,1,80,Transit
202.676818609097,1976.71199026952,357.245531599475,343.293674652355,423.293674652355,2,1,1,80,Transit
203.009942090407,1981.62918427516,358.13420207609,343.122080140221,423.122080140221,2,1,1,80,Transit
203.343065571718,1986.54637828081,359.022872552706,342.970257801377,422.970257801377,2,1,1,80,Transit
203.676189053029,1991.46357228645,359.911543029321,342.83820763529,422.83820763529,2,1,1,80,Transit
204.00931253434,1996.3807662921,360.800213505937,342.560944073871,422.560944073871,2,1,1,80,Transit
204.342436015651,2001.29796029775,361.688883982553,341.574723283118,421.574723283118,2,1,1,80,Transit
204.675559496962,2006.21515430339,362.577554459168,340.628046838416,420.628046838416,2,1,1,80,Transit
205.008682978273,2011.13234830904,363.466224935784,339.720914739994,419.720914739994,2,1,1,80,Transit
205.341806459584,2016.04954231468,364.354895412399,338.853326987387,418.853326987387,2,1,1,80,Transit
205.674929940895,2020.96673632033,365.243565889015,337.988957059594,417.988957059594,2,1,1,80,Transit
206.008053422206,2025.88393032597,366.132236365631,337.18908426932,417.18908426932,2,1,1,80,Transit
206.341176903517,2030.80112433162,367.020906842246,336.580775605578,416.580775605578,2,1,1,80,Transit
206.674300384828,2035.71831833726,367.909577318862,336.05155563414,416.05155563414,2,1,1,80,Transit
207.007423866139,2040.63551234291,368.798247795477,335.601424354586,415.601424354586,2,1,1,80,Transit
207.34054734745,2045.55270634856,369.686918272093,335.230381767134,415.230381767134,2,1,1,80,Transit
207.673670828761,2050.4699003542,370.575588748709,334.938427871786,414.938427871786,2,1,1,80,Transit
208.006794310072,2055.38709435985,371.464259225324,334.950660203824,414.950660203824,2,1,1,80,Transit
208.339917791383,2060.30428836549,372.35292970194,335.199997691995,415.199997691995,2,1,1,80,Transit
208.673041272694,2065.22148237114,373.241600178556,335.498765612599,415.498765612599,2,1,1,80,Transit
209.006164754005,2070.13867637678,374.130270655171,335.846963965769,415.846963965769,2,1,1,80,Transit
209.339288235316,2075.05587038243,375.018941131787,336.244592751506,416.244592751506,2,1,1,80,Transit
209.672411716626,2079.97306438807,375.907611608402,336.691651969809,416.691651969809,2,1,1,80,Transit
210.005535197937,2084.89025839372,376.796282085018,337.168296892561,417.168296892561,2,1,1,80,Transit
210.338658679248,2089.80745239937,377.684952561634,337.661601341645,417.661601341645,2,1,1,80,Transit
210.671782160559,2094.72464640501,378.573623038249,338.174677963681,418.174677963681,2,1,1,80,Transit
211.00490564187,2099.64184041066,379.462293514865,338.707526758742,418.707526758742,2,1,1,80,Transit
211.338029123181,2104.5590344163,380.35096399148,339.260147726829,419.260147726829,2,1,1,80,Transit
211.671152604492,2109.47622842195,381.239634468096,339.832540867942,419.832540867942,2,1,1,80,Transit
212.004276085803,2114.39342242759,382.128304944712,340.050925426833,420.050925426833,2,1,1,80,Transit
212.337399567114,2119.31061643324,383.016975421327,340.202167517082,420.202167517082,2,1,1,80,Transit
212.670523048425,2124.22781043888,383.905645897943,340.313865261279,420.313865261279,2,1,1,80,Transit
213.003646529736,2129.14500444453,384.794316374558,340.386018659425,420.386018659425,2,1,1,80,Transit
213.336770011047,2134.06219845018,385.682986851174,340.41862771152,420.41862771152,2,1,1,80,Transit
213.669893492358,2138.97939245582,386.57165732779,340.427238056798,420.427238056798,2,1,1,80,Transit
214.003016973669,2143.89658646147,387.460327804405,340.541323661518,420.541323661518,2,1,1,80,Transit
214.33614045498,2148.81378046711,388.348998281021,340.655409266238,420.655409266238,2,1,1,80,Transit
214.669263936291,2153.73097447276,389.237668757637,340.769494870959,420.769494870959,2,1,1,80,Transit
215.002387417602,2158.6481684784,390.126339234252,340.883580475679,420.883580475679,2,1,1,80,Transit
215.335510898913,2163.56536248405,391.015009710868,340.997666080501,420.997666080501,2,1,1,80,Transit
215.668634380224,2168.4825564897,391.903680187483,340.855324560694,420.855324560694,2,1,1,80,Transit
216.001757861534,2173.39975049534,392.792350664099,340.109418267172,420.109418267172,2,1,1,80,Transit
216.334881342845,2178.31694450099,393.681021140715,339.36351197365,419.36351197365,2,1,1,80,Transit
216.668004824156,2183.23413850663,394.56969161733,338.617605680128,418.617605680128,2,1,1,80,Transit
217.001128305467,2188.15133251228,395.458362093946,337.871699386708,417.871699386708,2,1,1,80,Transit
217.334251786778,2193.06852651792,396.347032570561,337.093812968883,417.093812968883,2,1,1,80,Transit
217.500813527434,2195.52712352075,396.791367808869,336.689181165161,416.689181165161,2,1,1,80,Transit
217.882026279044,2197.98572052357,397.235703047177,335.545542910331,415.545542910331,2,1,1,80,Transit
218.269645912362,2200.44431752639,397.680038285485,334.382684010377,414.382684010377,2,1,1,80,Transit
218.655617864797,2202.90291452921,398.124373523793,333.224768153072,413.224768153072,2,1,1,80,Transit
219.039942135944,2205.36151153204,398.5687087621,332.07179533963,412.07179533963,2,1,1,80,Transit
219.422618726208,2207.82010853486,399.013044000408,330.923765568839,410.923765568839,2,1,1,80,Transit
219.803647635185,2210.27870553768,399.457379238716,329.780678841908,409.780678841908,2,1,1,80,Transit
220.183028863239,2212.7373025405,399.901714477024,328.642535157744,408.642535157744,2,1,1,80,Transit
220.560762410047,2215.19589954333,400.346049715332,327.509334517322,407.509334517322,2,1,1,80,Transit
220.936848275968,2217.65449654615,400.790384953639,326.381076919558,406.381076919558,2,1,1,80,Transit
221.311286460605,2220.11309354897,401.234720191947,325.257762365648,405.257762365648,2,1,1,80,Transit
221.684076964355,2222.5716905518,401.679055430255,324.139390854398,404.139390854398,2,1,1,80,Transit
222.014203845984,2225.03028755462,402.123390668563,323.14901020951,403.14901020951,2,1,1,80,Transit
222.26262332932,2227.48888455744,402.567725906871,322.403751759501,402.403751759501,2,1,1,80,Transit
222.752047730982,2232.40607856309,403.456396383486,320.935478554516,400.935478554516,2,1,1,80,Transit
223.231586046102,2237.32327256873,404.345066860102,319.496863609156,399.496863609156,2,1,1,80,Transit
223.701238274739,2242.24046657438,405.233737336717,318.087906923245,398.087906923245,2,1,1,80,Transit
224.161004416863,2247.15766058002,406.122407813333,316.708608496874,396.708608496874,2,1,1,80,Transit
224.610884472473,2252.07485458567,407.011078289949,315.358968330043,395.358968330043,2,1,1,80,Transit
224.999621604155,2256.99204859131,407.899748766564,314.192756934996,394.192756934996,2,1,1,80,Transit
225.38515214101,2261.90924259696,408.78841924318,313.036165324432,393.036165324432,2,1,1,80,Transit
225.777273402181,2266.82643660261,409.677089719796,311.859801540919,391.859801540919,2,1,1,80,Transit
226.175985387718,2271.74363060825,410.565760196411,310.663665584308,390.663665584308,2,1,1,80,Transit
226.581288097597,2276.6608246139,411.454430673027,309.447757454671,389.447757454671,2,1,1,80,Transit
227.001553522649,2281.57801861954,412.343101149642,308.186961179516,388.186961179516,2,1,1,80,Transit
227.30885857507,2284.03661562237,412.78743638795,307.265046022252,387.265046022252,2,1,1,80,Transit
227.616987467871,2286.49521262519,413.231771626258,306.340659343848,386.340659343848,2,1,1,80,Transit
227.925940201347,2288.95380962801,413.676106864566,305.41380114342,385.41380114342,2,1,1,80,Transit
228.235716775234,2291.41240663083,414.120442102874,304.484471421761,384.484471421761,2,1,1,80,Transit
228.546317189826,2293.87100363366,414.564777341181,303.552670177984,383.552670177984,2,1,1,80,Transit
228.857741444797,2296.32960063648,415.009112579489,302.61839741307,382.61839741307,2,1,1,80,Transit
229.169989540475,2298.7881976393,415.453447817797,301.681653126036,381.681653126036,2,1,1,80,Transit
229.483061476532,2301.24679464212,415.897783056105,300.742437317866,380.742437317866,2,1,1,80,Transit
229.796957253296,2303.70539164495,416.342118294413,299.800749987575,379.800749987575,2,1,1,80,Transit
230.111676870438,2306.16398864777,416.78645353272,298.856591136149,378.856591136149,2,1,1,80,Transit
230.427220328287,2308.62258565059,417.230788771028,297.909960762601,377.909960762601,2,1,1,80,Transit
230.698926954714,2311.08118265342,417.675124009336,297.094840883319,377.094840883319,2,1,1,80,Transit
231.13431963095,2315.99837665906,418.563794485952,295.788662854613,375.788662854613,2,1,1,80,Transit
231.566416945048,2320.91557066471,419.452464962567,294.492370912318,374.492370912318,2,1,1,80,Transit
231.995218896975,2325.83276467035,420.341135439183,293.205965056537,373.205965056537,2,1,1,80,Transit
232.420725486731,2330.749958676,421.229805915798,291.92944528727,371.92944528727,2,1,1,80,Transit
232.842936714316,2335.66715268164,422.118476392414,290.662811604515,370.662811604515,2,1,1,80,Transit
233.176060195627,2340.58434668729,423.00714686903,289.904664996432,369.904664996432,2,1,1,80,Transit
233.509183676938,2345.50154069294,423.895817345645,289.86179214427,369.86179214427,2,1,1,80,Transit
233.842307158249,2350.41873469858,424.784487822261,289.828805378621,369.828805378621,2,1,1,80,Transit
234.175430639559,2355.33592870423,425.673158298876,289.805704699484,369.805704699484,2,1,1,80,Transit
234.50855412087,2360.25312270987,426.561828775492,289.792490106861,369.792490106861,2,1,1,80,Transit
234.841677602181,2365.17031671552,427.450499252108,289.770583430995,369.770583430995,2,1,1,80,Transit
235.174801083492,2370.08751072116,428.339169728723,289.433915147152,369.433915147152,2,1,1,80,Transit
235.507924564803,2375.00470472681,429.227840205339,288.905624780807,368.905624780807,2,1,1,80,Transit
235.841048046114,2379.92189873245,430.116510681954,288.387220500974,368.387220500974,2,1,1,80,Transit
236.174171527425,2384.8390927381,431.00518115857,287.878702307654,367.878702307654,2,1,1,80,Transit
236.507295008736,2389.75628674375,431.893851635186,287.380070200927,367.380070200927,2,1,1,80,Transit
236.840418490047,2394.67348074939,432.782522111801,286.89132418063,366.89132418063,2,1,1,80,Transit
237.280578789773,2399.59067475504,433.671192588417,285.570843281452,365.570843281452,2,1,1,80,Transit
237.538648857036,2402.04927175786,434.115527826725,284.796633079662,364.796633079662,2,1,1,80,Transit
237.796718924163,2404.50786876068,434.559863065033,284.022422878282,364.022422878282,2,1,1,80,Transit
238.054788991426,2406.9664657635,435.00419830334,283.248212676492,363.248212676492,2,1,1,80,Transit
238.312859058553,2409.42506276633,435.448533541648,282.474002475112,362.474002475112,2,1,1,80,Transit
238.570929125816,2411.88365976915,435.892868779956,281.699792273322,361.699792273322,2,1,1,80,Transit
238.828999192918,2414.34225677197,436.337204018264,280.925582072019,360.925582072019,2,1,1,80,Transit
239.087069260181,2416.8008537748,436.781539256572,280.151371870229,360.151371870229,2,1,1,80,Transit
239.345139327308,2419.25945077762,437.225874494879,279.377161668849,359.377161668849,2,1,1,80,Transit
239.603209394571,2421.71804778044,437.670209733187,278.602951467059,358.602951467059,2,1,1,80,Transit
239.861279461698,2424.17664478326,438.114544971495,277.828741265679,357.828741265679,2,1,1,80,Transit
240.333165911861,2429.09383878891,439.003215448111,276.413081915187,356.413081915187,2,1,1,80,Transit
240.79728344442,2434.01103279456,439.891885924726,275.020729317512,355.020729317512,2,1,1,80,Transit
241.254810252636,2438.9282268002,440.780556401342,273.648148892863,353.648148892863,2,1,1,80,Transit
241.705746336491,2443.84542080585,441.669226877957,272.295340641298,352.295340641298,2,1,1,80,Transit
242.150091696025,2448.76261481149,442.557897354573,270.962304562696,350.962304562696,2,1,1,80,Transit
242.570456645949,2453.67980881714,443.446567831189,269.701209712924,349.701209712924,2,1,1,80,Transit
242.90358012726,2458.59700282278,444.335238307804,268.726262237406,348.726262237406,2,1,1,80,Transit
243.236703608571,2463.51419682843,445.22390878442,267.751314761888,347.751314761888,2,1,1,80,Transit
243.569827089882,2468.43139083407,446.112579261035,266.776367286165,346.776367286165,2,1,1,80,Transit
243.902950571193,2473.34858483972,447.001249737651,265.801419810647,345.801419810647,2,1,1,80,Transit
244.236074052504,2478.26577884537,447.889920214267,264.826472335129,344.826472335129,2,1,1,80,Transit
244.569197533815,2483.18297285101,448.778590690882,264.088251749141,344.088251749141,2,1,1,80,Transit
244.902321015126,2488.10016685666,449.667261167498,263.801297792202,343.801297792202,2,1,1,80,Transit
245.235444496437,2493.0173608623,450.555931644113,263.514343835315,343.514343835315,2,1,1,80,Transit
245.568567977748,2497.93455486795,451.444602120729,263.227389878376,343.227389878376,2,1,1,80,Transit
245.901691459058,2502.85174887359,452.333272597345,262.940435921438,342.940435921438,2,1,1,80,Transit
246.234814940369,2507.76894287924,453.22194307396,262.653481964499,342.653481964499,2,1,1,80,Transit
246.56793842168,2512.68613688488,454.110613550576,262.376960363864,342.376960363864,2,1,1,80,Transit
246.901061902991,2517.60333089053,454.999284027191,262.102124096161,342.102124096161,2,1,1,80,Transit
247.234185384302,2522.52052489618,455.887954503807,261.817401741893,341.817401741893,2,1,1,80,Transit
247.567308865613,2527.43771890182,456.776624980423,261.522793301112,341.522793301112,2,1,1,80,Transit
247.900432346924,2532.35491290747,457.665295457038,261.220717311801,341.220717311801,2,1,1,80,Transit
248.233555828235,2537.27210691311,458.553965933654,261.047406694685,341.047406694685,2,1,1,80,Transit
248.566679309546,2542.18930091876,459.44263641027,261,341,2,1,1,80,Transit
248.899802790857,2547.1064949244,460.331306886885,261,341,2,1,1,80,Transit
249.232926272168,2552.02368893005,461.219977363501,261,341,2,1,1,80,Transit
249.566049753479,2556.94088293569,462.108647840116,261,341,2,1,1,80,Transit
249.89917323479,2561.85807694134,462.997318316732,261,341,2,1,1,80,Transit
250.232296716101,2566.77527094699,463.885988793348,261,341,2,1,1,80,Transit
250.565420197412,2571.69246495263,464.774659269963,260.606049578697,340.606049578697,2,1,1,80,Transit
250.898543678723,2576.60965895828,465.663329746579,260.188129560388,340.188129560388,2,1,1,80,Transit
251.231667160034,2581.52685296392,466.552000223194,259.789981715105,339.789981715105,2,1,1,80,Transit
251.564790641345,2586.44404696957,467.44067069981,259.411606042847,339.411606042847,2,1,1,80,Transit
251.897914122656,2591.36124097521,468.329341176426,259.053002543594,339.053002543594,2,1,1,80,Transit
252.231037603967,2596.27843498086,469.218011653041,258.73312794873,338.73312794873,2,1,1,80,Transit
252.564161085277,2601.1956289865,470.106682129657,258.618607357724,338.618607357724,2,1,1,80,Transit
252.897284566588,2606.11282299215,470.995352606272,258.504086766717,338.504086766717,2,1,1,80,Transit
253.230408047899,2611.0300169978,471.884023082888,258.389566175711,338.389566175711,2,1,1,80,Transit
253.56353152921,2615.94721100344,472.772693559504,258.275045584705,338.275045584705,2,1,1,80,Transit
253.896655010521,2620.86440500909,473.661364036119,258.160524993674,338.160524993674,2,1,1,80,Transit
254.229778491832,2625.78159901473,474.550034512735,258.067376724674,338.067376724674,2,1,1,80,Transit
254.562901973143,2630.69879302038,475.43870498935,258.024547790017,338.024547790017,2,1,1,80,Transit
254.896025454454,2635.61598702602,476.327375465966,257.971832768847,337.971832768847,2,1,1,80,Transit
255.229148935765,2640.53318103167,477.216045942582,257.909231661164,337.909231661164,2,1,1,80,Transit
255.562272417076,2645.45037503731,478.104716419197,257.836744466952,337.836744466952,2,1,1,80,Transit
255.895395898387,2650.36756904296,478.993386895813,257.754371186245,337.754371186245,2,1,1,80,Transit
256.228519379698,2655.28476304861,479.882057372429,257.719002933358,337.719002933358,2,1,1,80,Transit
256.561642861009,2660.20195705425,480.770727849044,257.747741827682,337.747741827682,2,1,1,80,Transit
256.89476634232,2665.1191510599,481.65939832566,257.776480722006,337.776480722006,2,1,1,80,Transit
257.227889823631,2670.03634506554,482.548068802275,257.805219616317,337.805219616317,2,1,1,80,Transit
257.561013304942,2674.95353907119,483.436739278891,257.833958510641,337.833958510641,2,1,1,80,Transit
257.894136786253,2679.87073307683,484.325409755507,257.862697404964,337.862697404964,2,1,1,80,Transit
258.227260267564,2684.78792708248,485.214080232122,257.768257924493,337.768257924493,2,1,1,80,Transit
258.560383748875,2689.70512108812,486.102750708738,257.614462032326,337.614462032326,2,1,1,80,Transit
258.893507230186,2694.62231509377,486.991421185353,257.470552226654,337.470552226654,2,1,1,80,Transit
259.226630711497,2699.53950909942,487.880091661969,257.336528507511,337.336528507511,2,1,1,80,Transit
259.559754192808,2704.45670310506,488.768762138585,257.220066823165,337.220066823165,2,1,1,80,Transit
259.892877674118,2709.37389711071,489.6574326152,257.134285126482,337.134285126482,2,1,1,80,Transit
260.226001155429,2714.29109111635,490.546103091816,257.219029309396,337.219029309396,2,1,1,80,Transit
260.55912463674,2719.208285122,491.434773568431,257.365369646064,337.365369646064,2,1,1,80,Transit
260.892248118051,2724.12547912764,492.323444045047,257.541368242315,337.541368242315,2,1,1,80,Transit
261.225371599362,2729.04267313329,493.212114521663,257.747025098104,337.747025098104,2,1,1,80,Transit
261.558495080673,2733.95986713894,494.100784998278,257.982340213432,337.982340213432,2,1,1,80,Transit
261.891618561984,2738.87706114458,494.989455474894,258.249768129912,338.249768129912,2,1,1,80,Transit
262.224742043295,2743.79425515023,495.878125951509,258.675665387726,338.675665387726,2,1,1,80,Transit
262.557865524606,2748.71144915587,496.766796428125,259.121334818642,339.121334818642,2,1,1,80,Transit
262.890989005917,2753.62864316152,497.655466904741,259.586776422584,339.586776422584,2,1,1,80,Transit
263.224112487228,2758.54583716716,498.544137381356,260.071990199551,340.071990199551,2,1,1,80,Transit
263.557235968539,2763.46303117281,499.432807857972,260.576976149544,340.576976149544,2,1,1,80,Transit
263.89035944985,2768.38022517845,500.321478334588,261.026646767577,341.026646767577,2,1,1,80,Transit
264.223482931161,2773.2974191841,501.210148811203,261.185247541257,341.185247541257,2,1,1,80,Transit
264.556606412472,2778.21461318975,502.098819287819,261.333962228423,341.333962228423,2,1,1,80,Transit
264.889729893783,2783.13180719539,502.987489764434,261.472790829076,341.472790829076,2,1,1,80,Transit
265.222853375094,2788.04900120104,503.87616024105,261.601733343216,341.601733343216,2,1,1,80,Transit
265.555976856405,2792.96619520668,504.764830717666,261.720789770842,341.720789770842,2,1,1,80,Transit
265.889100337716,2797.88338921233,505.653501194281,261.762882092008,341.762882092008,2,1,1,80,Transit
266.222223819027,2802.80058321797,506.542171670897,261.69016796697,341.69016796697,2,1,1,80,Transit
266.555347300338,2807.71777722362,507.430842147512,261.60756775542,341.60756775542,2,1,1,80,Transit
266.888470781649,2812.63497122926,508.319512624128,261.515081457357,341.515081457357,2,1,1,80,Transit
267.22159426296,2817.55216523491,509.208183100744,261.412709072781,341.412709072781,2,1,1,80,Transit
267.554717744271,2822.46935924056,510.096853577359,261.300450601614,341.300450601614,2,1,1,80,Transit
267.887841225582,2827.3865532462,510.985524053975,261.061941144325,341.061941144325,2,1,1,80,Transit
268.220964706893,2832.30374725185,511.87419453059,260.704511988633,340.704511988633,2,1,1,80,Transit
268.554088188204,2837.22094125749,512.762865007206,260.307538486891,340.307538486891,2,1,1,80,Transit
268.887211669514,2842.13813526314,513.651535483822,259.871020639096,339.871020639096,2,1,1,80,Transit
269.220335150825,2847.05532926878,514.540205960437,259.394958445214,339.394958445214,2,1,1,80,Transit
269.553458632136,2851.97252327443,515.428876437053,258.879351905327,338.879351905327,2,1,1,80,Transit
269.886582113447,2856.88971728007,516.317546913668,258.545938080014,338.545938080014,2,1,1,80,Transit
270.219705594758,2861.80691128572,517.206217390284,258.268374233839,338.268374233839,2,1,1,80,Transit
270.552829076069,2866.72410529137,518.0948878669,257.980924301151,337.980924301151,2,1,1,80,Transit
270.88595255738,2871.64129929701,518.983558343515,257.683588281933,337.683588281933,2,1,1,80,Transit
271.219076038691,2876.55849330266,519.872228820131,257.405306905545,337.405306905545,2,1,1,80,Transit
271.552199520002,2881.4756873083,520.760899296747,257.141975847483,337.141975847483,2,1,1,80,Transit
271.885323001313,2886.39288131395,521.649569773362,257.338133090459,337.338133090459,2,1,1,80,Transit
272.218446482624,2891.31007531959,522.538240249978,257.531480652273,337.531480652273,2,1,1,80,Transit
272.551569963935,2896.22726932524,523.426910726593,257.695169954529,337.695169954529,2,1,1,80,Transit
272.884693445246,2901.14446333088,524.315581203209,257.829200997272,337.829200997272,2,1,1,80,Transit
273.217816926557,2906.06165733653,525.204251679825,257.933573780476,337.933573780476,2,1,1,80,Transit
273.550940407868,2910.97885134217,526.09292215644,258.087245524444,338.087245524444,2,1,1,80,Transit
273.884063889179,2915.89604534782,526.981592633056,258.732925004518,338.732925004518,2,1,1,80,Transit
274.21718737049,2920.81323935347,527.870263109671,259.368718398274,339.368718398274,2,1,1,80,Transit
274.550310851801,2925.73043335911,528.758933586287,259.994625705323,339.994625705323,2,1,1,80,Transit
274.883434333112,2930.64762736476,529.647604062903,260.610646925859,340.610646925859,2,1,1,80,Transit
275.216557814423,2935.5648213704,530.536274539518,261.216782059883,341.216782059883,2,1,1,80,Transit
275.549681295734,2940.48201537605,531.424945016134,261.876733729271,341.876733729271,2,1,1,80,Transit
275.882804777045,2945.39920938169,532.313615492749,262.681771680094,342.681771680094,2,1,1,80,Transit
276.215928258356,2950.31640338734,533.202285969365,263.506581803933,343.506581803933,2,1,1,80,Transit
276.549051739667,2955.23359739299,534.090956445981,264.351164100798,344.351164100798,2,1,1,80,Transit
276.882175220978,2960.15079139863,534.979626922596,265.215518570689,345.215518570689,2,1,1,80,Transit
277.215298702289,2965.06798540428,535.868297399212,266.099645213608,346.099645213608,2,1,1,80,Transit
277.5484221836,2969.98517940992,536.756967875828,267.00354402953,347.00354402953,2,1,1,80,Transit
277.881545664911,2974.90237341557,537.645638352443,267.927215018436,347.927215018436,2,1,1,80,Transit
278.214669146222,2979.81956742121,538.534308829059,268.870658180383,348.870658180383,2,1,1,80,Transit
278.547792627533,2984.73676142686,539.422979305674,269.833873515356,349.833873515356,2,1,1,80,Transit
278.880916108844,2989.6539554325,540.31164978229,270.816861023354,350.816861023354,2,1,1,80,Transit
279.215169335852,2994.57114943815,541.200320258906,271.819620704378,351.819620704378,2,1,1,80,Transit
279.548292817163,2999.4883434438,542.088990735521,272.659047411123,352.659047411123,2,1,1,80,Transit
279.881416298474,3004.40553744944,542.977661212137,273.45345012478,353.45345012478,2,1,1,80,Transit
280.214539779785,3009.32273145509,543.866331688752,274.287397184489,354.287397184489,2,1,1,80,Transit
280.547663261096,3014.23992546073,544.755002165368,275.160888590249,355.160888590249,2,1,1,80,Transit
280.880786742407,3019.15711946638,545.643672641984,276.07392434206,356.07392434206,2,1,1,80,Transit
281.213910223718,3024.07431347202,546.532343118599,277.026504439834,357.026504439834,2,1,1,80,Transit
281.547033705028,3028.99150747767,547.421013595215,277.171110448922,357.171110448922,2,1,1,80,Transit
281.880157186339,3033.90870148331,548.30968407183,277.200284329541,357.200284329541,2,1,1,80,Transit
282.21328066765,3038.82589548896,549.198354548446,277.22945821016,357.22945821016,2,1,1,80,Transit
282.546404148961,3043.74308949461,550.087025025062,277.258632090779,357.258632090779,2,1,1,80,Transit
282.879527630272,3048.66028350025,550.975695501677,277.212431540409,357.212431540409,2,1,1,80,Transit
283.212651111583,3053.5774775059,551.864365978293,277.107578835413,357.107578835413,2,1,1,80,Transit
283.545774592894,3058.49467151154,552.753036454908,276.677800379422,356.677800379422,2,1,1,80,Transit
283.878898074205,3063.41186551719,553.641706931524,276.248021923431,356.248021923431,2,1,1,80,Transit
284.212021555516,3068.32905952283,554.53037740814,275.81824346744,355.81824346744,2,1,1,80,Transit
284.545145036827,3073.24625352848,555.419047884755,275.388465011411,355.388465011411,2,1,1,80,Transit
284.878268518138,3078.16344753412,556.307718361371,274.95868655542,354.95868655542,2,1,1,80,Transit
285.211391999449,3083.08064153977,557.196388837986,274.375823601271,354.375823601271,2,1,1,80,Transit
285.554719110391,3087.99783554542,558.085059314602,273.345842268443,353.345842268443,2,1,1,80,Transit
285.891455496992,3092.91502955106,558.973729791218,272.335633108642,352.335633108642,2,1,1,80,Transit
286.224578978303,3097.83222355671,559.862400267833,271.345196121813,351.345196121813,2,1,1,80,Transit
286.557702459614,3102.74941756235,560.751070744449,270.374531308058,350.374531308058,2,1,1,80,Transit
286.890825940925,3107.666611568,561.639741221065,269.423638667329,349.423638667329,2,1,1,80,Transit
287.223949422236,3112.58380557364,562.52841169768,268.524991044399,348.524991044399,2,1,1,80,Transit
287.557072903547,3117.50099957929,563.417082174296,267.659747726572,347.659747726572,2,1,1,80,Transit
287.890196384858,3122.41819358493,564.305752650911,266.774732235667,346.774732235667,2,1,1,80,Transit
288.223319866169,3127.33538759058,565.194423127527,265.869944571793,345.869944571793,2,1,1,80,Transit
288.55644334748,3132.25258159623,566.083093604143,264.945384734894,344.945384734894,2,1,1,80,Transit
288.889566828791,3137.16977560187,566.971764080758,264.001052724969,344.001052724969,2,1,1,80,Transit
289.222690310102,3142.08696960752,567.860434557374,263.064397142271,343.064397142271,2,1,1,80,Transit
289.555813791413,3147.00416361316,568.749105033989,262.156726308399,342.156726308399,2,1,1,80,Transit
289.888937272724,3151.92135761881,569.637775510605,261.268827647502,341.268827647502,2,1,1,80,Transit
290.222060754035,3156.83855162445,570.526445987221,260.400701159678,340.400701159678,2,1,1,80,Transit
290.555184235346,3161.7557456301,571.415116463836,259.552346844881,339.552346844881,2,1,1,80,Transit
290.888307716657,3166.67293963575,572.303786940452,258.723764703111,338.723764703111,2,1,1,80,Transit
291.318782508639,3171.59013364139,573.192457417067,257.432340327163,337.432340327163,2,1,1,80,Transit
291.78687949039,3176.50732764704,574.081127893683,256.028049381912,336.028049381912,2,1,1,80,Transit
292.254976472119,3181.42452165268,574.969798370299,254.623758436725,334.623758436725,2,1,1,80,Transit
292.723073453848,3186.34171565833,575.858468846914,253.219467491538,333.219467491538,2,1,1,80,Transit
293.191170435577,3191.25890966397,576.74713932353,251.815176546351,331.815176546351,2,1,1,80,Transit
293.659267417306,3196.17610366962,577.635809800145,250.410885601164,330.410885601164,2,1,1,80,Transit
293.997628197061,3198.63470067244,578.080145038453,249.395803261898,329.395803261898,2,1,1,80,Transit
294.339738711914,3201.09329767526,578.524480276761,248.369471717339,328.369471717339,2,1,1,80,Transit
294.684320748612,3203.55189467809,578.968815515069,247.335725607244,327.335725607244,2,1,1,80,Transit
295.031374306721,3206.01049168091,579.413150753377,246.294564932918,326.294564932918,2,1,1,80,Transit
295.380899386676,3208.46908868373,579.857485991684,245.245989693051,325.245989693051,2,1,1,80,Transit
295.732895988041,3210.92768568655,580.301821229992,244.189999888958,324.189999888958,2,1,1,80,Transit
296.087364111253,3213.38628268938,580.7461564683,243.126595519321,323.126595519321,2,1,1,80,Transit
296.444303755873,3215.8448796922,581.190491706608,242.055776585461,322.055776585461,2,1,1,80,Transit
296.801673138256,3218.30347669502,581.634826944916,240.983668438313,320.983668438313,2,1,1,80,Transit
297.156377867629,3220.76207369785,582.079162183224,239.919554250192,319.919554250192,2,1,1,80,Transit
297.508611075612,3223.22067070067,582.523497421531,238.862854626246,318.862854626246,2,1,1,80,Transit
297.882259134185,3225.67926770349,582.967832659839,237.741910450526,317.741910450526,2,1,1,80,Transit
298.299309548981,3228.13786470631,583.412167898147,236.490759206138,316.490759206138,2,1,1,80,Transit
298.718831485146,3230.59646170914,583.856503136455,235.232193397643,315.232193397643,2,1,1,80,Transit
299.140824943199,3233.05505871196,584.300838374763,233.966213023482,313.966213023482,2,1,1,80,Transit
299.56528992262,3235.51365571478,584.74517361307,232.692818085219,312.692818085219,2,1,1,80,Transit
299.992226423931,3237.97225271761,585.189508851378,231.412008581287,311.412008581287,2,1,1,80,Transit
300.421634446608,3240.43084972043,585.633844089686,230.123784513255,310.123784513255,2,1,1,80,Transit
300.853513991177,3242.88944672325,586.078179327994,228.82814587955,308.82814587955,2,1,1,80,Transit
301.28786505711,3245.34804372607,586.522514566302,227.525092681751,307.525092681751,2,1,1,80,Transit
301.724687644936,3247.8066407289,586.966849804609,226.214624918274,306.214624918274,2,1,1,80,Transit
302.16398175413,3250.26523773172,587.411185042917,224.89674259069,304.89674259069,2,1,1,80,Transit
302.605747385213,3252.72383473454,587.855520281225,223.571445697443,303.571445697443,2,1,1,80,Transit
303.040539228039,3255.18243173736,588.299855519533,222.267070168964,302.267070168964,2,1,1,80,Transit
303.472912875157,3257.64102874019,588.744190757841,220.969949227609,300.969949227609,2,1,1,80,Transit
303.906110362559,3260.09962574301,589.188525996148,219.670356765405,299.670356765405,2,1,1,80,Transit
304.340131690763,3262.55822274583,589.632861234456,218.368292780792,298.368292780792,2,1,1,80,Transit
304.77497685925,3265.01681974866,590.077196472764,217.063757275332,297.063757275332,2,1,1,80,Transit
305.21064586854,3267.47541675148,590.521531711072,215.756750247462,295.756750247462,2,1,1,80,Transit
305.647138718112,3269.9340137543,590.96586694938,214.447271698746,294.447271698746,2,1,1,80,Transit
306.084455408487,3272.39261075712,591.410202187687,213.135321627619,293.135321627619,2,1,1,80,Transit
306.522595939145,3274.85120775995,591.854537425995,211.820900035644,291.820900035645,2,1,1,80,Transit
306.961560310607,3277.30980476277,592.298872664303,210.504006921261,290.504006921261,2,1,1,80,Transit
307.401348522349,3279.76840176559,592.743207902611,209.184642286035,289.184642286035,2,1,1,80,Transit
307.846766970583,3282.22699876842,593.187543140919,207.848386941332,287.848386941332,2,1,1,80,Transit
308.334095712765,3284.68559577124,593.631878379226,206.386400714785,286.386400714785,2,1,1,80,Transit
308.821424455237,3287.14419277406,594.076213617534,204.924414487368,284.924414487368,2,1,1,80,Transit
309.30875319742,3289.60278977688,594.520548855842,203.462428260822,283.462428260822,2,1,1,80,Transit
309.796081939892,3292.06138677971,594.96488409415,202.000442033405,282.000442033405,2,1,1,80,Transit
310.283410682074,3294.51998378253,595.409219332458,200.538455806858,280.538455806858,2,1,1,80,Transit
310.770739424546,3296.97858078535,595.853554570765,199.076469579442,279.076469579442,2,1,1,80,Transit
311.258068166729,3299.43717778818,596.297889809073,197.614483352895,277.614483352895,2,1,1,80,Transit
311.745396909201,3301.895774791,596.742225047381,196.152497125479,276.152497125478,2,1,1,80,Transit
312.232725651383,3304.35437179382,597.186560285689,194.690510898932,274.690510898932,2,1,1,80,Transit
312.720054393855,3306.81296879664,597.630895523997,193.228524671515,273.228524671515,2,1,1,80,Transit
313.207383136038,3309.27156579947,598.075230762304,191.766538444968,271.766538444968,2,1,1,80,Transit
313.661380093459,3311.73016280229,598.519566000612,190.404547572704,270.404547572704,2,1,1,80,Transit
314.079245860499,3314.18875980511,598.96390123892,189.150950271583,269.150950271583,2,1,1,80,Transit
314.497935468331,3316.64735680793,599.408236477228,187.894881448089,267.894881448089,2,1,1,80,Transit
314.917448916456,3319.10595381076,599.852571715536,186.636341103713,266.636341103713,2,1,1,80,Transit
315.337786205373,3321.56455081358,600.296906953844,185.375329236961,265.375329236961,2,1,1,80,Transit
315.758947334584,3324.0231478164,600.741242192151,184.111845849328,264.111845849328,2,1,1,80,Transit
316.180932304585,3326.48174481923,601.185577430459,182.845890939326,262.845890939326,2,1,1,80,Transit
316.603741114881,3328.94034182205,601.629912668767,181.577464508439,261.577464508439,2,1,1,80,Transit
317.027373765969,3331.39893882487,602.074247907075,180.306566555174,260.306566555174,2,1,1,80,Transit
317.45183025735,3333.85753582769,602.518583145383,179.03319708103,259.03319708103,2,1,1,80,Transit
317.877110589525,3336.31613283052,602.96291838369,177.757356084507,257.757356084507,2,1,1,80,Transit
318.303214761991,3338.77472983334,603.407253621998,176.479043567108,256.479043567108,2,1,1,80,Transit
318.630399138297,3340.41379450189,603.703477114203,175.497490438191,255.497490438191,2,1,1,80,Transit
318.971880601075,3342.05285917044,603.999700606409,174.473046049856,254.473046049856,2,1,1,80,Transit
319.31519282032,3343.69192383899,604.295924098614,173.443109392121,253.443109392121,2,1,1,80,Transit
319.660335796622,3345.33098850753,604.592147590819,172.407680463216,252.407680463216,2,1,1,80,Transit
320.007309529684,3346.97005317608,604.888371083024,171.366759264028,251.366759264028,2,1,1,80,Transit
320.356114019215,3348.60911784463,605.184594575229,170.320345795435,250.320345795435,2,1,1,80,Transit
320.706749265801,3350.24818251318,605.480818067434,169.268440055677,249.268440055677,2,1,1,80,Transit
321.059215269149,3351.88724718173,605.77704155964,168.211042045635,248.211042045635,2,1,1,80,Transit
321.41351202895,3353.52631185028,606.073265051845,167.148151766229,247.148151766229,2,1,1,80,Transit
321.769639545836,3355.16537651882,606.36948854405,166.079769215573,246.079769215573,2,1,1,80,Transit
322.127597819468,3356.80444118737,606.665712036255,165.005894394677,245.005894394677,2,1,1,80,Transit
322.487386849552,3358.44350585592,606.961935528461,163.926527304425,243.926527304425,2,1,1,80,Transit
322.849006636706,3360.08257052447,607.258159020666,162.841667942963,242.841667942963,2,1,1,80,Transit
323.212457180642,3361.72163519302,607.554382512871,161.751316311154,241.751316311154,2,1,1,80,Transit
323.577738481008,3363.36069986157,607.850606005076,160.655472410056,240.655472410056,2,1,1,80,Transit
323.944850538447,3364.99976453012,608.146829497281,159.554136237741,239.554136237741,2,1,1,80,Transit
324.313793352647,3366.63882919866,608.443052989487,158.447307795141,238.447307795141,2,1,1,80,Transit
324.653083491837,3368.27789386721,608.739276481692,157.429437377571,237.429437377571,2,1,1,80,Transit
325.069344533912,3370.73649087004,609.18361172,156.180654251346,236.180654251346,2,1,1,80,Transit
325.489724778931,3373.19508787286,609.627946958307,154.919513516289,234.919513516289,2,1,1,80,Transit
325.9142242264,3375.65368487568,610.072282196615,153.64601517388,233.64601517388,2,1,1,80,Transit
326.342842876846,3378.1122818785,610.516617434923,152.360159222543,232.360159222543,2,1,1,80,Transit
326.775580729771,3380.57087888133,610.960952673231,151.061945663766,231.061945663766,2,1,1,80,Transit
327.212437785646,3383.02947588415,611.405287911539,149.751374496143,229.751374496143,2,1,1,80,Transit
327.653414043998,3385.48807288697,611.849623149846,148.428445721088,228.428445721088,2,1,1,80,Transit
328.096698160821,3387.94666988979,612.293958388154,147.098593370619,227.098593370619,2,1,1,80,Transit
328.519108120702,3390.40526689262,612.738293626462,145.831363490975,225.831363490975,2,1,1,80,Transit
328.939870399736,3392.86386389544,613.18262886477,144.569076653872,224.569076653872,2,1,1,80,Transit
329.358984997447,3395.32246089826,613.626964103078,143.31173286074,223.31173286074,2,1,1,80,Transit
329.558950819592,3397.78105790109,614.071299341385,142.711835394305,222.711835394305,2,1,1,80,Transit
329.892074300903,3402.69825190673,614.959969818001,142.408401176597,222.408401176597,2,1,1,80,Transit
330.225197782214,3407.61544591238,615.848640294617,142.095080872324,222.095080872324,2,1,1,80,Transit
330.558321263525,3412.53263991802,616.737310771232,141.771874481538,221.771874481538,2,1,1,80,Transit
330.891444744836,3417.44983392367,617.625981247848,141.438782004239,221.438782004239,2,1,1,80,Transit
331.224568226147,3422.36702792931,618.514651724464,141.095803440426,221.095803440426,2,1,1,80,Transit
331.557691707458,3427.28422193496,619.403322201079,141.029838407157,221.029838407157,2,1,1,80,Transit
331.890815188769,3432.20141594061,620.291992677695,141.277198580394,221.277198580394,2,1,1,80,Transit
332.22393867008,3437.11860994625,621.18066315431,141.534444840144,221.534444840144,2,1,1,80,Transit
332.557062151391,3442.0358039519,622.069333630926,141.801577186406,221.801577186406,2,1,1,80,Transit
332.890185632702,3446.95299795754,622.958004107541,142.078595619182,222.078595619182,2,1,1,80,Transit
333.223309114013,3451.87019196319,623.846674584157,142.365500138522,222.365500138522,2,1,1,80,Transit
333.559354872618,3456.78738596883,624.735345060773,143.373637414338,223.373637414338,2,1,1,80,Transit
334.01115298235,3461.70457997448,625.624015537388,144.729031743533,224.729031743533,2,1,1,80,Transit
334.45965572991,3466.62177398012,626.512686014004,146.074539986215,226.074539986215,2,1,1,80,Transit
334.9048631153,3471.53896798577,627.401356490619,147.410162142385,227.410162142385,2,1,1,80,Transit
335.346775138539,3476.45616199142,628.290026967235,148.735898212102,228.735898212102,2,1,1,80,Transit
335.785391799588,3481.37335599706,629.178697443851,150.051748195248,230.051748195248,2,1,1,80,Transit
336.269663488692,3486.29055000271,630.067367920466,151.504563262559,231.504563262559,2,1,1,80,Transit
336.759022218641,3491.20774400835,630.956038397082,152.972639452407,232.972639452407,2,1,1,80,Transit
337.245085586419,3496.124938014,631.844708873698,154.430829555741,234.430829555741,2,1,1,80,Transit
337.727853592026,3501.04213201964,632.733379350313,155.879133572562,235.879133572562,2,1,1,80,Transit
338.207326235487,3505.95932602529,633.622049826929,157.317551502944,237.317551502944,2,1,1,80,Transit
338.679025854574,3510.87652003093,634.510720303544,158.732650360206,238.732650360206,2,1,1,80,Transit
339.051355792186,3515.79371403658,635.39939078016,159.849640173041,239.849640173041,2,1,1,80,Transit
339.443457902823,3520.71090804223,636.288061256776,161.025946504954,241.025946504954,2,1,1,80,Transit
339.855332186486,3525.62810204787,637.176731733391,162.261569355943,242.261569355943,2,1,1,80,Transit
340.286978643183,3530.54529605352,638.065402210007,163.556508726032,243.556508726032,2,1,1,80,Transit
340.738397272893,3535.46249005916,638.954072686622,164.910764615162,244.910764615162,2,1,1,80,Transit
341.183336277576,3540.37968406481,639.842743163238,166.245581629212,246.245581629212,2,1,1,80,Transit
341.539849118452,3545.29687807045,640.731413639854,167.315120151841,247.315120151841,2,1,1,80,Transit
341.886475872816,3550.2140720761,641.620084116469,168.355000414932,248.355000414932,2,1,1,80,Transit
342.223216540674,3555.13126608174,642.508754593085,169.365222418506,249.365222418506,2,1,1,80,Transit
342.556340021985,3560.04846008739,643.3974250697,170.308442482497,250.308442482497,2,1,1,80,Transit
342.889463503296,3564.96565409304,644.286095546316,171.135839240381,251.135839240381,2,1,1,80,Transit
343.238113090031,3569.88284809868,645.174766022932,172.181788000586,252.181788000586,2,1,1,80,Transit
343.68103029449,3574.80004210433,646.063436499547,173.510539613961,253.510539613961,2,1,1,80,Transit
344.120652136809,3579.71723610997,646.952106976163,174.829405140919,254.829405140919,2,1,1,80,Transit
344.556978616926,3584.63443011562,647.840777452779,176.138384581271,256.138384581271,2,1,1,80,Transit
344.990009734873,3589.55162412126,648.729447929394,177.43747793511,257.43747793511,2,1,1,80,Transit
345.490009734873,3589.55162412126,648.729447929394,177.43747793511,257.43747793511,5,1,1,80,Hover
345.990009734873,3589.55162412126,648.729447929394,177.43747793511,257.43747793511,5,1,1,80,Hover
346.490009734873,3589.55162412126,648.729447929394,177.43747793511,257.43747793511,5,1,1,80,Hover
346.990009734873,3589.55162412126,648.729447929394,177.43747793511,257.43747793511,5,1,1,80,Hover
347.490009734873,3589.55162412126,648.729447929394,177.43747793511,257.43747793511,5,1,1,80,Hover
347.990009734873,3589.55162412126,648.729447929394,177.43747793511,257.43747793511,5,1,1,80,Hover
348.490009734873,3589.55162412126,648.729447929394,177.43747793511,257.43747793511,5,1,1,80,Hover
348.990009734873,3589.55162412126,648.729447929394,177.43747793511,257.43747793511,5,1,1,80,Hover
349.490009734873,3589.55162412126,648.729447929394,177.43747793511,257.43747793511,5,1,1,80,Hover
349.990009734873,3589.55162412126,648.729447929394,177.43747793511,257.43747793511,5,1,1,80,Hover
350.430793573616,3593.83751812117,648.729447929394,178.759829451341,258.759829451341,4,2,1,80,Search
350.736221451838,3598.12341212109,648.729447929394,179.676113086008,259.676113086008,4,2,1,80,Search
351.021947718499,3602.409306121,648.729447929394,179.960498677577,259.960498677577,4,2,1,80,Search
351.30767398516,3606.69520012091,648.729447929394,180.244884269243,260.244884269243,4,2,1,80,Search
351.593400251821,3610.98109412082,648.729447929394,180.529269860812,260.529269860812,4,2,1,80,Search
351.879126518481,3615.26698812073,648.729447929394,180.813655452381,260.813655452381,4,2,1,80,Search
352.164852785142,3619.55288212064,648.729447929394,181.09804104395,261.09804104395,4,2,1,80,Search
352.664852785142,3619.55288212064,648.729447929394,181.09804104395,261.09804104395,5,2,1,80,Hover
353.164852785142,3619.55288212064,648.729447929394,181.09804104395,261.09804104395,5,2,1,80,Hover
353.664852785142,3619.55288212064,648.729447929394,181.09804104395,261.09804104395,5,2,1,80,Hover
354.164852785142,3619.55288212064,648.729447929394,181.09804104395,261.09804104395,5,2,1,80,Hover
354.664852785142,3619.55288212064,648.729447929394,181.09804104395,261.09804104395,5,2,1,80,Hover
355.164852785142,3619.55288212064,648.729447929394,181.09804104395,261.09804104395,5,2,1,80,Hover
355.664852785142,3619.55288212064,648.729447929394,181.09804104395,261.09804104395,5,2,1,80,Hover
356.164852785142,3619.55288212064,648.729447929394,181.09804104395,261.09804104395,5,2,1,80,Hover
356.664852785142,3619.55288212064,648.729447929394,181.09804104395,261.09804104395,5,2,1,80,Hover
357.164852785142,3619.55288212064,648.729447929394,181.09804104395,261.09804104395,5,2,1,80,Hover
357.450567070857,3619.55288212064,653.015162215117,180.549358130819,260.549358130819,4,3,1,80,Search
357.736281356572,3619.55288212064,657.300876500839,180.000675217739,260.000675217739,4,3,1,80,Search
358.021995642287,3619.55288212064,661.586590786561,179.451992304608,259.451992304608,4,3,1,80,Search
358.307709928001,3619.55288212064,665.872305072284,178.903309391528,258.903309391528,4,3,1,80,Search
358.593424213716,3619.55288212064,670.158019358006,178.354626478397,258.354626478397,4,3,1,80,Search
358.879138499431,3619.55288212064,674.443733643729,177.840513230166,257.840513230166,4,3,1,80,Search
359.164852785146,3619.55288212064,678.729447929451,177.728495282729,257.728495282729,4,3,1,80,Search
359.664852785146,3619.55288212064,678.729447929451,177.728495282729,257.728495282729,5,3,1,80,Hover
360.164852785146,3619.55288212064,678.729447929451,177.728495282729,257.728495282729,5,3,1,80,Hover
360.664852785146,3619.55288212064,678.729447929451,177.728495282729,257.728495282729,5,3,1,80,Hover
361.164852785146,3619.55288212064,678.729447929451,177.728495282729,257.728495282729,5,3,1,80,Hover
361.664852785146,3619.55288212064,678.729447929451,177.728495282729,257.728495282729,5,3,1,80,Hover
362.164852785146,3619.55288212064,678.729447929451,177.728495282729,257.728495282729,5,3,1,80,Hover
362.664852785146,3619.55288212064,678.729447929451,177.728495282729,257.728495282729,5,3,1,80,Hover
363.164852785146,3619.55288212064,678.729447929451,177.728495282729,257.728495282729,5,3,1,80,Hover
363.664852785146,3619.55288212064,678.729447929451,177.728495282729,257.728495282729,5,3,1,80,Hover
364.164852785146,3619.55288212064,678.729447929451,177.728495282729,257.728495282729,5,3,1,80,Hover
364.479699911427,3614.93730396689,678.729447929451,176.783953903886,256.783953903886,4,4,1,80,Search
364.794547037808,3610.32172581314,678.729447929451,175.839412524744,255.839412524744,4,4,1,80,Search
365.109394164089,3605.70614765939,678.729447929451,174.894871145902,254.894871145902,4,4,1,80,Search
365.424241290469,3601.09056950564,678.729447929451,173.950329766759,253.950329766759,4,4,1,80,Search
365.73908841675,3596.47499135189,678.729447929451,173.005788387917,253.005788387917,4,4,1,80,Search
366.144908294415,3591.85941319814,678.729447929451,171.788328754921,251.788328754921,4,4,1,80,Search
366.551289113519,3587.24383504439,678.729447929451,170.56918629761,250.56918629761,4,4,1,80,Search
366.957669932751,3582.62825689064,678.729447929451,169.350043839913,249.350043839913,4,4,1,80,Search
367.364050751855,3578.01267873689,678.729447929451,168.130901382602,248.130901382602,4,4,1,80,Search
367.770431571088,3573.39710058314,678.729447929451,166.911758924904,246.911758924904,4,4,1,80,Search
368.176812390191,3568.78152242939,678.729447929451,165.692616467593,245.692616467593,4,4,1,80,Search
368.608948535387,3564.16594427564,678.729447929451,164.396208032006,244.396208032006,4,4,1,80,Search
369.047526192689,3559.55036612189,678.729447929451,163.0804750601,243.0804750601,4,4,1,80,Search
369.547526192689,3559.55036612189,678.729447929451,163.0804750601,243.0804750601,5,4,1,80,Hover
370.047526192689,3559.55036612189,678.729447929451,163.0804750601,243.0804750601,5,4,1,80,Hover
370.547526192689,3559.55036612189,678.729447929451,163.0804750601,243.0804750601,5,4,1,80,Hover
371.047526192689,3559.55036612189,678.729447929451,163.0804750601,243.0804750601,5,4,1,80,Hover
371.547526192689,3559.55036612189,678.729447929451,163.0804750601,243.0804750601,5,4,1,80,Hover
372.047526192689,3559.55036612189,678.729447929451,163.0804750601,243.0804750601,5,4,1,80,Hover
372.547526192689,3559.55036612189,678.729447929451,163.0804750601,243.0804750601,5,4,1,80,Hover
373.047526192689,3559.55036612189,678.729447929451,163.0804750601,243.0804750601,5,4,1,80,Hover
373.547526192689,3559.55036612189,678.729447929451,163.0804750601,243.0804750601,5,4,1,80,Hover
374.047526192689,3559.55036612189,678.729447929451,163.0804750601,243.0804750601,5,4,1,80,Hover
374.355218500382,3559.55036612189,674.114063314058,162.676075218249,242.676075218249,4,5,1,80,Search
374.731335631661,3559.55036612189,669.498678698665,163.804426612086,243.804426612086,4,5,1,80,Search
375.108519783061,3559.55036612189,664.883294083271,164.935979066286,244.935979066286,4,5,1,80,Search
375.485703934493,3559.55036612189,660.267909467878,166.067531520582,246.067531520582,4,5,1,80,Search
375.862888085893,3559.55036612189,655.652524852484,167.199083974782,247.199083974782,4,5,1,80,Search
376.240072237325,3559.55036612189,651.037140237091,168.330636429079,248.330636429079,4,5,1,80,Search
376.617256388725,3559.55036612189,646.421755621697,169.462188883279,249.462188883279,4,5,1,80,Search
376.924948696418,3559.55036612189,641.806371006304,170.351116834264,250.351116834264,4,5,1,80,Search
377.232641004111,3559.55036612189,637.190986390911,170.668769219246,250.668769219246,4,5,1,80,Search
377.540333311804,3559.55036612189,632.575601775517,170.986421604256,250.986421604256,4,5,1,80,Search
377.848025619497,3559.55036612189,627.960217160124,171.304073989238,251.304073989238,4,5,1,80,Search
378.15571792719,3559.55036612189,623.34483254473,171.621726374247,251.621726374247,4,5,1,80,Search
378.463410234883,3559.55036612189,618.729447929337,171.939378759229,251.939378759229,4,5,1,80,Search
378.963410234883,3559.55036612189,618.729447929337,171.939378759229,251.939378759229,5,5,1,80,Hover
379.463410234883,3559.55036612189,618.729447929337,171.939378759229,251.939378759229,5,5,1,80,Hover
379.963410234883,3559.55036612189,618.729447929337,171.939378759229,251.939378759229,5,5,1,80,Hover
380.463410234883,3559.55036612189,618.729447929337,171.939378759229,251.939378759229,5,5,1,80,Hover
380.963410234883,3559.55036612189,618.729447929337,171.939378759229,251.939378759229,5,5,1,80,Hover
381.463410234883,3559.55036612189,618.729447929337,171.939378759229,251.939378759229,5,5,1,80,Hover
381.963410234883,3559.55036612189,618.729447929337,171.939378759229,251.939378759229,5,5,1,80,Hover
382.463410234883,3559.55036612189,618.729447929337,171.939378759229,251.939378759229,5,5,1,80,Hover
382.963410234883,3559.55036612189,618.729447929337,171.939378759229,251.939378759229,5,5,1,80,Hover
383.463410234883,3559.55036612189,618.729447929337,171.939378759229,251.939378759229,5,5,1,80,Hover
383.925834093954,3564.28740685863,618.729447929337,173.326650336445,253.326650336445,4,6,1,80,Search
384.353777369216,3569.02444759537,618.729447929337,174.610480162229,254.610480162229,4,6,1,80,Search
384.676160779278,3573.76148833212,618.729447929337,175.577630392414,255.577630392414,4,6,1,80,Search
384.998544189339,3578.49852906886,618.729447929337,176.5447806226,256.5447806226,4,6,1,80,Search
385.320927599501,3583.23556980561,618.729447929337,177.511930853084,257.511930853084,4,6,1,80,Search
385.643311009563,3587.97261054235,618.729447929337,178.47908108327,258.47908108327,4,6,1,80,Search
385.965694419724,3592.70965127909,618.729447929337,179.446231313754,259.446231313754,4,6,1,80,Search
386.281497135507,3597.44669201584,618.729447929337,180.299516063046,260.299516063046,4,6,1,80,Search
386.59729985129,3602.18373275258,618.729447929337,180.727273369481,260.727273369481,4,6,1,80,Search
386.913102567073,3606.92077348932,618.729447929337,181.155030676048,261.155030676048,4,6,1,80,Search
387.228905282856,3611.65781422607,618.729447929337,181.582787982483,261.582787982483,4,6,1,80,Search
387.544707998639,3616.39485496281,618.729447929337,182.010545288918,262.010545288918,4,6,1,80,Search
387.860510714422,3621.13189569955,618.729447929337,182.438302595485,262.438302595485,4,6,1,80,Search
388.176313430205,3625.8689364363,618.729447929337,182.85520244445,262.85520244445,4,6,1,80,Search
388.492116145988,3630.60597717304,618.729447929337,183.221262605042,263.221262605042,4,6,1,80,Search
388.807918861771,3635.34301790978,618.729447929337,183.587322765521,263.587322765521,4,6,1,80,Search
389.123721577553,3640.08005864653,618.729447929337,183.953382926,263.953382926,4,6,1,80,Search
389.439524293336,3644.81709938327,618.729447929337,184.319443086592,264.319443086592,4,6,1,80,Search
389.755327009119,3649.55414012002,618.729447929337,184.685503247071,264.685503247071,4,6,1,80,Search
390.255327009119,3649.55414012002,618.729447929337,184.685503247071,264.685503247071,5,6,1,80,Hover
390.755327009119,3649.55414012002,618.729447929337,184.685503247071,264.685503247071,5,6,1,80,Hover
391.255327009119,3649.55414012002,618.729447929337,184.685503247071,264.685503247071,5,6,1,80,Hover
391.755327009119,3649.55414012002,618.729447929337,184.685503247071,264.685503247071,5,6,1,80,Hover
392.255327009119,3649.55414012002,618.729447929337,184.685503247071,264.685503247071,5,6,1,80,Hover
392.755327009119,3649.55414012002,618.729447929337,184.685503247071,264.685503247071,5,6,1,80,Hover
393.255327009119,3649.55414012002,618.729447929337,184.685503247071,264.685503247071,5,6,1,80,Hover
393.755327009119,3649.55414012002,618.729447929337,184.685503247071,264.685503247071,5,6,1,80,Hover
394.255327009119,3649.55414012002,618.729447929337,184.685503247071,264.685503247071,5,6,1,80,Hover
394.755327009119,3649.55414012002,618.729447929337,184.685503247071,264.685503247071,5,6,1,80,Hover
395.071116482804,3649.55414012002,623.466290034609,184.663696241066,264.663696241066,4,7,1,80,Search
395.386905956489,3649.55414012002,628.203132139881,184.641889235061,264.641889235061,4,7,1,80,Search
395.702695430174,3649.55414012002,632.939974245154,184.620082229055,264.620082229055,4,7,1,80,Search
396.018484903858,3649.55414012002,637.676816350426,184.59827522305,264.59827522305,4,7,1,80,Search
396.334274377543,3649.55414012002,642.413658455698,184.576468217045,264.576468217045,4,7,1,80,Search
396.650063851228,3649.55414012002,647.15050056097,184.297999299067,264.297999299067,4,7,1,80,Search
396.965853324913,3649.55414012002,651.887342666242,183.969820902853,263.969820902853,4,7,1,80,Search
397.281642798598,3649.55414012002,656.624184771515,183.64164250664,263.64164250664,4,7,1,80,Search
397.597432272282,3649.55414012002,661.361026876787,183.313464110426,263.313464110426,4,7,1,80,Search
397.913221745967,3649.55414012002,666.097868982059,182.98528571424,262.98528571424,4,7,1,80,Search
398.229011219652,3649.55414012002,670.834711087331,182.657107318026,262.657107318026,4,7,1,80,Search
398.544800693337,3649.55414012002,675.571553192603,182.5052011674,262.5052011674,4,7,1,80,Search
398.860590167022,3649.55414012002,680.308395297875,182.746151539592,262.746151539592,4,7,1,80,Search
399.176379640706,3649.55414012002,685.045237403148,182.987101911785,262.987101911785,4,7,1,80,Search
399.492169114391,3649.55414012002,689.78207950842,183.228052283977,263.228052283977,4,7,1,80,Search
399.807958588076,3649.55414012002,694.518921613692,183.469002656169,263.469002656169,4,7,1,80,Search
400.123748061761,3649.55414012002,699.255763718964,183.709953028362,263.709953028362,4,7,1,80,Search
400.439537535445,3649.55414012002,703.992605824236,183.950903400554,263.950903400554,4,7,1,80,Search
400.75532700913,3649.55414012002,708.729447929509,184.824671731984,264.824671731984,4,7,1,80,Search
401.25532700913,3649.55414012002,708.729447929509,184.824671731984,264.824671731984,5,7,1,80,Hover
401.75532700913,3649.55414012002,708.729447929509,184.824671731984,264.824671731984,5,7,1,80,Hover
402.25532700913,3649.55414012002,708.729447929509,184.824671731984,264.824671731984,5,7,1,80,Hover
402.75532700913,3649.55414012002,708.729447929509,184.824671731984,264.824671731984,5,7,1,80,Hover
403.25532700913,3649.55414012002,708.729447929509,184.824671731984,264.824671731984,5,7,1,80,Hover
403.75532700913,3649.55414012002,708.729447929509,184.824671731984,264.824671731984,5,7,1,80,Hover
404.25532700913,3649.55414012002,708.729447929509,184.824671731984,264.824671731984,5,7,1,80,Hover
404.75532700913,3649.55414012002,708.729447929509,184.824671731984,264.824671731984,5,7,1,80,Hover
405.25532700913,3649.55414012002,708.729447929509,184.824671731984,264.824671731984,5,7,1,80,Hover
405.75532700913,3649.55414012002,708.729447929509,184.824671731984,264.824671731984,5,7,1,80,Hover
406.153809867942,3644.75393884012,708.729447929509,183.629223155548,263.629223155548,4,8,1,80,Search
406.552292726875,3639.95373756021,708.729447929509,182.433774578748,262.433774578748,4,8,1,80,Search
406.950775585687,3635.15353628031,708.729447929509,181.238326002312,261.238326002312,4,8,1,80,Search
407.349258444499,3630.35333500041,708.729447929509,180.042877425877,260.042877425877,4,8,1,80,Search
407.747741303433,3625.55313372051,708.729447929509,178.847428849077,258.847428849077,4,8,1,80,Search
408.067754722093,3620.75293244061,708.729447929509,177.933629765121,257.933629765121,4,8,1,80,Search
408.387768140753,3615.95273116071,708.729447929509,177.05388746389,257.05388746389,4,8,1,80,Search
408.707781559413,3611.15252988081,708.729447929509,176.174145162391,256.174145162391,4,8,1,80,Search
409.027794978073,3606.35232860091,708.729447929509,175.29440286116,255.29440286116,4,8,1,80,Search
409.347808396733,3601.55212732101,708.729447929509,174.414660559929,254.414660559929,4,8,1,80,Search
409.667821815393,3596.75192604111,708.729447929509,173.53491825843,253.53491825843,4,8,1,80,Search
409.987835234053,3591.95172476121,708.729447929509,172.711658404232,252.711658404232,4,8,1,80,Search
410.307848652713,3587.15152348131,708.729447929509,171.892233845087,251.892233845087,4,8,1,80,Search
410.627862071373,3582.35132220141,708.729447929509,171.072809285943,251.072809285943,4,8,1,80,Search
410.947875490033,3577.55112092151,708.729447929509,170.253384726548,250.253384726548,4,8,1,80,Search
411.267888908693,3572.75091964161,708.729447929509,169.433960167403,249.433960167403,4,8,1,80,Search
411.587902327353,3567.95071836171,708.729447929509,168.614535608258,248.614535608258,4,8,1,80,Search
412.06088104289,3563.15051708181,708.729447929509,167.195599461648,247.195599461648,4,8,1,80,Search
412.537791441433,3558.35031580191,708.729447929509,165.764868266018,245.764868266018,4,8,1,80,Search
413.014701839977,3553.55011452201,708.729447929509,164.334137070387,244.334137070387,4,8,1,80,Search
413.491612238665,3548.74991324211,708.729447929509,162.903405874321,242.903405874321,4,8,1,80,Search
413.968522637209,3543.94971196221,708.729447929509,161.472674678691,241.472674678691,4,8,1,80,Search
414.44240880613,3539.14951068231,708.729447929509,160.051016171928,240.051016171928,4,8,1,80,Search
414.798326909515,3534.34930940241,708.729447929509,158.983261861771,238.983261861771,4,8,1,80,Search
415.154245012793,3529.54910812251,708.729447929509,157.91550755194,237.91550755194,4,8,1,80,Search
415.654245012793,3529.54910812251,708.729447929509,157.91550755194,237.91550755194,5,8,1,80,Hover
416.154245012793,3529.54910812251,708.729447929509,157.91550755194,237.91550755194,5,8,1,80,Hover
416.654245012793,3529.54910812251,708.729447929509,157.91550755194,237.91550755194,5,8,1,80,Hover
417.154245012793,3529.54910812251,708.729447929509,157.91550755194,237.91550755194,5,8,1,80,Hover
417.654245012793,3529.54910812251,708.729447929509,157.91550755194,237.91550755194,5,8,1,80,Hover
418.154245012793,3529.54910812251,708.729447929509,157.91550755194,237.91550755194,5,8,1,80,Hover
418.654245012793,3529.54910812251,708.729447929509,157.91550755194,237.91550755194,5,8,1,80,Hover
419.154245012793,3529.54910812251,708.729447929509,157.91550755194,237.91550755194,5,8,1,80,Hover
419.654245012793,3529.54910812251,708.729447929509,157.91550755194,237.91550755194,5,8,1,80,Hover
420.154245012793,3529.54910812251,708.729447929509,157.91550755194,237.91550755194,5,8,1,80,Hover
420.49642106238,3529.54910812251,703.929447929499,156.888979403176,236.888979403176,4,9,1,80,Search
420.816421062381,3529.54910812251,699.12944792949,156.578523061097,236.578523061097,4,9,1,80,Search
421.136421062382,3529.54910812251,694.329447929481,156.268066719017,236.268066719017,4,9,1,80,Search
421.456421062382,3529.54910812251,689.529447929472,155.957610376938,235.957610376938,4,9,1,80,Search
421.776421062383,3529.54910812251,684.729447929463,155.647154034884,235.647154034884,4,9,1,80,Search
422.096421062384,3529.54910812251,679.929447929454,155.336697692804,235.336697692804,4,9,1,80,Search
422.416421062384,3529.54910812251,675.129447929444,155.026241350725,235.026241350725,4,9,1,80,Search
422.736421062385,3529.54910812251,670.329447929435,155.934143850117,235.934143850117,4,9,1,80,Search
423.149326594103,3529.54910812251,665.529447929426,157.172860445273,237.172860445273,4,9,1,80,Search
423.562232125822,3529.54910812251,660.729447929417,158.411577040429,238.411577040429,4,9,1,80,Search
423.975137657541,3529.54910812251,655.929447929408,159.650293635585,239.650293635585,4,9,1,80,Search
424.388043189259,3529.54910812251,651.129447929399,160.889010230741,240.889010230741,4,9,1,80,Search
424.800948720944,3529.54910812251,646.32944792939,162.127726825794,242.127726825794,4,9,1,80,Search
425.120948720944,3529.54910812251,641.529447929381,163.048958320458,243.048958320458,4,9,1,80,Search
425.440948720945,3529.54910812251,636.729447929371,163.365632208862,243.365632208862,4,9,1,80,Search
425.760948720946,3529.54910812251,631.929447929362,163.682306097266,243.682306097266,4,9,1,80,Search
426.080948720946,3529.54910812251,627.129447929353,163.99897998567,243.99897998567,4,9,1,80,Search
426.400948720947,3529.54910812251,622.329447929344,164.315653874074,244.315653874074,4,9,1,80,Search
426.720948720947,3529.54910812251,617.529447929335,164.632327762478,244.632327762478,4,9,1,80,Search
427.040948720948,3529.54910812251,612.729447929326,164.949001650882,244.949001650882,4,9,1,80,Search
427.360948720949,3529.54910812251,607.929447929317,164.557028351877,244.557028351877,4,9,1,80,Search
427.680948720949,3529.54910812251,603.129447929307,164.08823506559,244.08823506559,4,9,1,80,Search
428.00094872095,3529.54910812251,598.329447929298,163.619441779302,243.619441779302,4,9,1,80,Search
428.320948720951,3529.54910812251,593.529447929289,163.150648493015,243.150648493015,4,9,1,80,Search
428.640948720951,3529.54910812251,588.72944792928,162.681855206727,242.681855206727,4,9,1,80,Search
429.140948720951,3529.54910812251,588.72944792928,162.681855206727,242.681855206727,5,9,1,80,Hover
429.640948720951,3529.54910812251,588.72944792928,162.681855206727,242.681855206727,5,9,1,80,Hover
430.140948720951,3529.54910812251,588.72944792928,162.681855206727,242.681855206727,5,9,1,80,Hover
430.640948720951,3529.54910812251,588.72944792928,162.681855206727,242.681855206727,5,9,1,80,Hover
431.140948720951,3529.54910812251,588.72944792928,162.681855206727,242.681855206727,5,9,1,80,Hover
431.640948720951,3529.54910812251,588.72944792928,162.681855206727,242.681855206727,5,9,1,80,Hover
432.140948720951,3529.54910812251,588.72944792928,162.681855206727,242.681855206727,5,9,1,80,Hover
432.640948720951,3529.54910812251,588.72944792928,162.681855206727,242.681855206727,5,9,1,80,Hover
433.140948720951,3529.54910812251,588.72944792928,162.681855206727,242.681855206727,5,9,1,80,Hover
433.640948720951,3529.54910812251,588.72944792928,162.681855206727,242.681855206727,5,9,1,80,Hover
433.963542892988,3534.38802070306,588.72944792928,163.576036041814,243.576036041814,4,10,1,80,Search
434.286137065024,3539.2269332836,588.72944792928,164.470216876901,244.470216876901,4,10,1,80,Search
434.538182784294,3541.64638957387,588.72944792928,165.226354034712,245.226354034712,4,10,1,80,Search
434.792073048366,3544.06584586415,588.72944792928,165.988024826929,245.988024826929,4,10,1,80,Search
435.045963312592,3546.48530215442,588.72944792928,166.749695619607,246.749695619607,4,10,1,80,Search
435.299853576665,3548.90475844469,588.72944792928,167.511366411824,247.511366411824,4,10,1,80,Search
435.553743840737,3551.32421473496,588.72944792928,168.273037204041,248.273037204041,4,10,1,80,Search
435.807634104809,3553.74367102523,588.72944792928,169.034707996258,249.034707996258,4,10,1,80,Search
436.061524368882,3556.16312731551,588.72944792928,169.796378788476,249.796378788476,4,10,1,80,Search
436.315414632954,3558.58258360578,588.72944792928,170.558049580693,250.558049580693,4,10,1,80,Search
436.569304897027,3561.00203989605,588.72944792928,171.31972037291,251.31972037291,4,10,1,80,Search
436.823195161099,3563.42149618632,588.72944792928,172.081391165127,252.081391165127,4,10,1,80,Search
437.315782031021,3568.26040876687,588.72944792928,173.559151774893,253.559151774893,4,10,1,80,Search
437.640815691873,3573.09932134741,588.72944792928,174.534252757449,254.534252757449,4,10,1,80,Search
437.965849352823,3577.93823392796,588.72944792928,175.509353740299,255.509353740299,4,10,1,80,Search
438.290883013675,3582.7771465085,588.72944792928,176.484454722855,256.484454722855,4,10,1,80,Search
438.615916674527,3587.61605908905,588.72944792928,177.45955570541,257.45955570541,4,10,1,80,Search
438.940950335379,3592.45497166959,588.72944792928,178.434656687965,258.434656687965,4,10,1,80,Search
439.263544507415,3597.29388425013,588.72944792928,179.305391161234,259.305391161234,4,10,1,80,Search
439.586138679451,3602.13279683068,588.72944792928,179.684371587084,259.684371587084,4,10,1,80,Search
439.908732851487,3606.97170941122,588.72944792928,180.063352013049,260.063352013049,4,10,1,80,Search
440.231327023524,3611.81062199177,588.72944792928,180.442332438899,260.442332438899,4,10,1,80,Search
440.55392119556,3616.64953457231,588.72944792928,180.821312864749,260.821312864749,4,10,1,80,Search
440.876515367596,3621.48844715286,588.72944792928,181.200293290599,261.200293290599,4,10,1,80,Search
441.199109539633,3626.3273597334,588.72944792928,181.46529691499,261.46529691499,4,10,1,80,Search
441.521703711669,3631.16627231395,588.72944792928,181.417416960145,261.417416960145,4,10,1,80,Search
441.844297883705,3636.00518489449,588.72944792928,181.369537005284,261.369537005284,4,10,1,80,Search
442.166892055742,3640.84409747504,588.72944792928,181.321657050439,261.321657050439,4,10,1,80,Search
442.489486227778,3645.68301005558,588.72944792928,181.273777095593,261.273777095593,4,10,1,80,Search
442.812080399814,3650.52192263612,588.72944792928,181.225897140748,261.225897140748,4,10,1,80,Search
443.13467457185,3655.36083521667,588.72944792928,181.331237704268,261.331237704268,4,10,1,80,Search
443.457268743887,3660.19974779721,588.72944792928,181.710218130099,261.710218130099,4,10,1,80,Search
443.779862915923,3665.03866037776,588.72944792928,182.089198556044,262.089198556044,4,10,1,80,Search
444.102457087959,3669.8775729583,588.72944792928,182.468178981875,262.468178981875,4,10,1,80,Search
444.425051259996,3674.71648553885,588.72944792928,182.847159407706,262.847159407706,4,10,1,80,Search
444.747645432032,3679.55539811939,588.72944792928,183.226139833537,263.226139833537,4,10,1,80,Search
445.247645432032,3679.55539811939,588.72944792928,183.226139833537,263.226139833537,5,10,1,80,Hover
445.747645432032,3679.55539811939,588.72944792928,183.226139833537,263.226139833537,5,10,1,80,Hover
446.247645432032,3679.55539811939,588.72944792928,183.226139833537,263.226139833537,5,10,1,80,Hover
446.747645432032,3679.55539811939,588.72944792928,183.226139833537,263.226139833537,5,10,1,80,Hover
447.247645432032,3679.55539811939,588.72944792928,183.226139833537,263.226139833537,5,10,1,80,Hover
447.747645432032,3679.55539811939,588.72944792928,183.226139833537,263.226139833537,5,10,1,80,Hover
448.247645432032,3679.55539811939,588.72944792928,183.226139833537,263.226139833537,5,10,1,80,Hover
448.747645432032,3679.55539811939,588.72944792928,183.226139833537,263.226139833537,5,10,1,80,Hover
449.247645432032,3679.55539811939,588.72944792928,183.226139833537,263.226139833537,5,10,1,80,Hover
449.747645432032,3679.55539811939,588.72944792928,183.226139833537,263.226139833537,5,10,1,80,Hover
450.070226077194,3679.55539811939,593.568157606709,184.150476087571,264.150476087571,4,11,1,80,Search
450.392806722356,3679.55539811939,598.406867284137,185.074812341529,265.074812341529,4,11,1,80,Search
450.715387367518,3679.55539811939,603.245576961566,185.999148595563,265.999148595563,4,11,1,80,Search
451.03796801268,3679.55539811939,608.084286638994,186.923484849598,266.923484849598,4,11,1,80,Search
451.360548657842,3679.55539811939,612.922996316423,187.740617243569,267.740617243569,4,11,1,80,Search
451.683129303003,3679.55539811939,617.761705993851,187.882553441927,267.882553441927,4,11,1,80,Search
452.005709948165,3679.55539811939,622.60041567128,188.024489640297,268.024489640297,4,11,1,80,Search
452.328290593327,3679.55539811939,627.439125348709,188.166425838667,268.166425838667,4,11,1,80,Search
452.650871238489,3679.55539811939,632.277835026137,188.308362037036,268.308362037036,4,11,1,80,Search
452.973451883651,3679.55539811939,637.116544703566,188.450298235394,268.450298235394,4,11,1,80,Search
453.296032528813,3679.55539811939,641.955254380994,188.592234433764,268.592234433764,4,11,1,80,Search
453.618613173975,3679.55539811939,646.793964058423,188.288679011295,268.288679011295,4,11,1,80,Search
453.941193819137,3679.55539811939,651.632673735851,187.833782790664,267.833782790664,4,11,1,80,Search
454.263774464299,3679.55539811939,656.47138341328,187.378886570071,267.378886570071,4,11,1,80,Search
454.586355109461,3679.55539811939,661.310093090709,186.92399034944,266.92399034944,4,11,1,80,Search
454.908935754623,3679.55539811939,666.148802768137,186.46909412881,266.46909412881,4,11,1,80,Search
455.231516399784,3679.55539811939,670.987512445566,186.014197908179,266.014197908179,4,11,1,80,Search
455.554097044946,3679.55539811939,675.826222122994,185.984048285455,265.984048285455,4,11,1,80,Search
455.876677690108,3679.55539811939,680.664931800423,186.722816902825,266.722816902825,4,11,1,80,Search
456.19925833527,3679.55539811939,685.503641477851,187.461585520195,267.461585520195,4,11,1,80,Search
456.521838980432,3679.55539811939,690.34235115528,188.200354137565,268.200354137565,4,11,1,80,Search
456.844419625594,3679.55539811939,695.181060832708,188.939122754874,268.939122754874,4,11,1,80,Search
457.167000270756,3679.55539811939,700.019770510137,189.677891372244,269.677891372244,4,11,1,80,Search
457.489580915918,3679.55539811939,704.858480187566,190.416659989614,270.416659989614,4,11,1,80,Search
457.850569409163,3679.55539811939,709.697189864994,191.499625469349,271.499625469349,4,11,1,80,Search
458.215689435109,3679.55539811939,714.535899542423,192.594985547187,272.594985547187,4,11,1,80,Search
458.580809461085,3679.55539811939,719.374609219851,193.690345625115,273.690345625115,4,11,1,80,Search
458.945929487061,3679.55539811939,724.21331889728,194.785705703042,274.785705703042,4,11,1,80,Search
459.311049513037,3679.55539811939,729.052028574708,195.88106578097,275.88106578097,4,11,1,80,Search
459.676169538983,3679.55539811939,733.890738252137,196.976425858809,276.976425858809,4,11,1,80,Search
459.998750184145,3679.55539811939,738.729447929566,197.891943814069,277.891943814069,4,11,1,80,Search
460.498750184145,3679.55539811939,738.729447929566,197.891943814069,277.891943814069,5,11,1,80,Hover
460.998750184145,3679.55539811939,738.729447929566,197.891943814069,277.891943814069,5,11,1,80,Hover
461.498750184145,3679.55539811939,738.729447929566,197.891943814069,277.891943814069,5,11,1,80,Hover
461.998750184145,3679.55539811939,738.729447929566,197.891943814069,277.891943814069,5,11,1,80,Hover
462.498750184145,3679.55539811939,738.729447929566,197.891943814069,277.891943814069,5,11,1,80,Hover
462.998750184145,3679.55539811939,738.729447929566,197.891943814069,277.891943814069,5,11,1,80,Hover
463.498750184145,3679.55539811939,738.729447929566,197.891943814069,277.891943814069,5,11,1,80,Hover
463.998750184145,3679.55539811939,738.729447929566,197.891943814069,277.891943814069,5,11,1,80,Hover
464.498750184145,3679.55539811939,738.729447929566,197.891943814069,277.891943814069,5,11,1,80,Hover
464.998750184145,3679.55539811939,738.729447929566,197.891943814069,277.891943814069,5,11,1,80,Hover
465.339100375996,3674.69032925463,738.729447929566,196.870893238515,276.870893238515,4,12,1,80,Search
465.679450567847,3669.82526038986,738.729447929566,195.849842662961,275.849842662961,4,12,1,80,Search
466.019800759699,3664.9601915251,738.729447929566,194.828792087406,274.828792087406,4,12,1,80,Search
466.36015095155,3660.09512266034,738.729447929566,193.807741511852,273.807741511852,4,12,1,80,Search
466.700501143402,3655.23005379557,738.729447929566,192.786690936298,272.786690936298,4,12,1,80,Search
467.110013789926,3650.36498493081,738.729447929566,191.558152996724,271.558152996724,4,12,1,80,Search
467.55361249557,3645.49991606605,738.729447929566,190.227356879794,270.227356879794,4,12,1,80,Search
467.997211201213,3640.63484720128,738.729447929566,188.896560762863,268.896560762863,4,12,1,80,Search
468.440809906857,3635.76977833652,738.729447929566,187.565764645932,267.565764645932,4,12,1,80,Search
468.884408612501,3630.90470947175,738.729447929566,186.234968529001,266.234968529001,4,12,1,80,Search
469.328007318144,3626.03964060699,738.729447929566,184.90417241207,264.90417241207,4,12,1,80,Search
469.726591112735,3621.17457174223,738.729447929566,183.708421028297,263.708421028297,4,12,1,80,Search
470.113464786423,3616.30950287746,738.729447929566,182.547800007233,262.547800007233,4,12,1,80,Search
470.500338460111,3611.4444340127,738.729447929566,181.387178986169,261.387178986169,4,12,1,80,Search
470.8872121338,3606.57936514794,738.729447929566,180.226557965104,260.226557965104,4,12,1,80,Search
471.274085807488,3601.71429628317,738.729447929566,179.06593694404,259.06593694404,4,12,1,80,Search
471.660959481176,3596.84922741841,738.729447929566,177.905315922975,257.905315922975,4,12,1,80,Search
471.985297405493,3591.98415855365,738.729447929566,177.212980828397,257.212980828397,4,12,1,80,Search
472.309635329811,3587.11908968888,738.729447929566,176.562885094973,256.562885094973,4,12,1,80,Search
472.633973254129,3582.25402082412,738.729447929566,175.912789361746,255.912789361746,4,12,1,80,Search
472.958311178446,3577.38895195935,738.729447929566,175.262693628518,255.262693628518,4,12,1,80,Search
473.282649102764,3572.52388309459,738.729447929566,174.61259789529,254.61259789529,4,12,1,80,Search
473.606987027081,3567.65881422983,738.729447929566,173.952397270075,253.952397270075,4,12,1,80,Search
473.931324951399,3562.79374536506,738.729447929566,173.055614814734,253.055614814734,4,12,1,80,Search
474.255662875716,3557.9286765003,738.729447929566,172.158832359393,252.158832359393,4,12,1,80,Search
474.580000800034,3553.06360763554,738.729447929566,171.262049904051,251.262049904051,4,12,1,80,Search
474.904338724352,3548.19853877077,738.729447929566,170.36526744871,250.36526744871,4,12,1,80,Search
475.228676648669,3543.33346990601,738.729447929566,169.468484993369,249.468484993369,4,12,1,80,Search
475.563286145313,3538.46840104124,738.729447929566,168.464656503439,248.464656503439,4,12,1,80,Search
475.821099176663,3536.03586660886,738.729447929566,167.691217409387,247.691217409387,4,12,1,80,Search
476.078912208169,3533.60333217648,738.729447929566,166.91777831487,246.91777831487,4,12,1,80,Search
476.33672523952,3531.1707977441,738.729447929566,166.144339220818,246.144339220818,4,12,1,80,Search
476.594538271025,3528.73826331172,738.729447929566,165.370900126301,245.370900126301,4,12,1,80,Search
476.852351302376,3526.30572887934,738.729447929566,164.597461032249,244.597461032249,4,12,1,80,Search
477.110164333882,3523.87319444695,738.729447929566,163.824021937732,243.824021937732,4,12,1,80,Search
477.367977365232,3521.44066001457,738.729447929566,163.05058284368,243.05058284368,4,12,1,80,Search
477.625790396738,3519.00812558219,738.729447929566,162.277143749163,242.277143749163,4,12,1,80,Search
477.883603428089,3516.57559114981,738.729447929566,161.503704655111,241.503704655111,4,12,1,80,Search
478.141416459594,3514.14305671743,738.729447929566,160.730265560594,240.730265560594,4,12,1,80,Search
478.634801741404,3509.27798785266,738.729447929566,159.250109715166,239.250109715166,4,12,1,80,Search
479.073299671991,3504.4129189879,738.729447929566,157.934615923405,237.934615923405,4,12,1,80,Search
479.511797602578,3499.54785012314,738.729447929566,156.619122131644,236.619122131644,4,12,1,80,Search
480.011797602578,3499.54785012314,738.729447929566,156.619122131644,236.619122131644,5,12,1,80,Hover
480.511797602578,3499.54785012314,738.729447929566,156.619122131644,236.619122131644,5,12,1,80,Hover
481.011797602578,3499.54785012314,738.729447929566,156.619122131644,236.619122131644,5,12,1,80,Hover
481.511797602578,3499.54785012314,738.729447929566,156.619122131644,236.619122131644,5,12,1,80,Hover
482.011797602578,3499.54785012314,738.729447929566,156.619122131644,236.619122131644,5,12,1,80,Hover
482.511797602578,3499.54785012314,738.729447929566,156.619122131644,236.619122131644,5,12,1,80,Hover
483.011797602578,3499.54785012314,738.729447929566,156.619122131644,236.619122131644,5,12,1,80,Hover
483.511797602578,3499.54785012314,738.729447929566,156.619122131644,236.619122131644,5,12,1,80,Hover
484.011797602578,3499.54785012314,738.729447929566,156.619122131644,236.619122131644,5,12,1,80,Hover
484.511797602578,3499.54785012314,738.729447929566,156.619122131644,236.619122131644,5,12,1,80,Hover
484.865191323012,3499.54785012314,733.864583064691,155.558940970341,235.558940970341,4,13,1,80,Search
485.189515647337,3499.54785012314,728.999718199817,154.798784378563,234.798784378563,4,13,1,80,Search
485.513839971662,3499.54785012314,724.134853334943,154.038627786785,234.038627786785,4,13,1,80,Search
485.838164295987,3499.54785012314,719.269988470069,153.278471195008,233.278471195008,4,13,1,80,Search
486.162488620312,3499.54785012314,714.405123605195,152.51831460323,232.51831460323,4,13,1,80,Search
486.486812944637,3499.54785012314,709.540258740321,151.758158011452,231.758158011452,4,13,1,80,Search
486.811137268962,3499.54785012314,704.675393875447,151.034593368344,231.034593368344,4,13,1,80,Search
487.135461593287,3499.54785012314,699.810529010573,150.781207837755,230.781207837755,4,13,1,80,Search
487.459785917612,3499.54785012314,694.945664145698,150.527822307166,230.527822307166,4,13,1,80,Search
487.784110241937,3499.54785012314,690.080799280824,150.274436776576,230.274436776576,4,13,1,80,Search
488.108434566262,3499.54785012314,685.21593441595,150.021051245987,230.021051245987,4,13,1,80,Search
488.432758890587,3499.54785012314,680.351069551076,149.767665715398,229.767665715398,4,13,1,80,Search
488.757083214912,3499.54785012314,675.486204686202,149.514280184808,229.514280184808,4,13,1,80,Search
489.081407539237,3499.54785012314,670.621339821328,149.898832273463,229.898832273463,4,13,1,80,Search
489.405731863561,3499.54785012314,665.756474956454,150.536456530304,230.536456530304,4,13,1,80,Search
489.730056187886,3499.54785012314,660.89161009158,151.174080787146,231.174080787146,4,13,1,80,Search
490.054380512211,3499.54785012314,656.026745226705,151.811705043988,231.811705043988,4,13,1,80,Search
490.378704836536,3499.54785012314,651.161880361831,152.449329300829,232.449329300829,4,13,1,80,Search
490.703029160861,3499.54785012314,646.297015496957,153.086953557619,233.086953557619,4,13,1,80,Search
491.027353485186,3499.54785012314,641.432150632083,153.812736628384,233.812736628384,4,13,1,80,Search
491.351677809511,3499.54785012314,636.567285767209,154.695425555078,234.695425555078,4,13,1,80,Search
491.676002133836,3499.54785012314,631.702420902335,155.578114481773,235.578114481773,4,13,1,80,Search
492.000326458161,3499.54785012314,626.837556037461,156.460803408467,236.460803408467,4,13,1,80,Search
492.324650782486,3499.54785012314,621.972691172587,157.343492335161,237.343492335161,4,13,1,80,Search
492.648975106811,3499.54785012314,617.107826307712,158.226181261856,238.226181261856,4,13,1,80,Search
492.973299431136,3499.54785012314,612.242961442838,159.10452565612,239.10452565612,4,13,1,80,Search
493.297623755461,3499.54785012314,607.378096577964,158.746759583227,238.746759583227,4,13,1,80,Search
493.621948079786,3499.54785012314,602.51323171309,158.388993510333,238.388993510333,4,13,1,80,Search
493.946272404111,3499.54785012314,597.648366848216,158.03122743744,238.03122743744,4,13,1,80,Search
494.270596728436,3499.54785012314,592.783501983342,157.673461364546,237.673461364546,4,13,1,80,Search
494.594921052761,3499.54785012314,587.918637118468,157.315695291682,237.315695291682,4,13,1,80,Search
494.919245377086,3499.54785012314,583.053772253593,156.957929218788,236.957929218788,4,13,1,80,Search
495.243569701411,3499.54785012314,578.188907388719,156.464061397053,236.464061397053,4,13,1,80,Search
495.567894025735,3499.54785012314,573.324042523845,155.896024168411,235.896024168411,4,13,1,80,Search
495.89221835006,3499.54785012314,568.459177658971,155.327986939769,235.327986939769,4,13,1,80,Search
496.216542674385,3499.54785012314,563.594312794097,154.759949711127,234.759949711127,4,13,1,80,Search
496.54086699871,3499.54785012314,558.729447929223,154.191912482485,234.191912482485,4,13,1,80,Search
497.04086699871,3499.54785012314,558.729447929223,154.191912482485,234.191912482485,5,13,1,80,Hover
497.54086699871,3499.54785012314,558.729447929223,154.191912482485,234.191912482485,5,13,1,80,Hover
498.04086699871,3499.54785012314,558.729447929223,154.191912482485,234.191912482485,5,13,1,80,Hover
498.54086699871,3499.54785012314,558.729447929223,154.191912482485,234.191912482485,5,13,1,80,Hover
499.04086699871,3499.54785012314,558.729447929223,154.191912482485,234.191912482485,5,13,1,80,Hover
499.54086699871,3499.54785012314,558.729447929223,154.191912482485,234.191912482485,5,13,1,80,Hover
500.04086699871,3499.54785012314,558.729447929223,154.191912482485,234.191912482485,5,13,1,80,Hover
500.54086699871,3499.54785012314,558.729447929223,154.191912482485,234.191912482485,5,13,1,80,Hover
501.04086699871,3499.54785012314,558.729447929223,154.191912482485,234.191912482485,5,13,1,80,Hover
501.54086699871,3499.54785012314,558.729447929223,154.191912482485,234.191912482485,5,13,1,80,Hover
501.866462046768,3504.431775844,558.729447929223,154.579513269699,234.579513269699,4,14,1,80,Search
502.192057094825,3509.31570156486,558.729447929223,154.967114056796,234.967114056796,4,14,1,80,Search
502.517652142883,3514.19962728572,558.729447929223,155.813950208636,235.813950208636,4,14,1,80,Search
502.859321521568,3519.08355300659,558.729447929223,156.83895834469,236.83895834469,4,14,1,80,Search
503.20099090015,3523.96747872745,558.729447929223,157.863966480438,237.863966480438,4,14,1,80,Search
503.542660278835,3528.85140444831,558.729447929223,158.888974616492,238.888974616492,4,14,1,80,Search
503.884329657417,3533.73533016917,558.729447929223,159.913982752239,239.913982752239,4,14,1,80,Search
504.225999036102,3538.61925589004,558.729447929223,160.938990888294,240.938990888294,4,14,1,80,Search
504.474780535566,3541.06121875047,558.729447929223,161.685335386685,241.685335386685,4,14,1,80,Search
504.751849783052,3543.5031816109,558.729447929223,162.516543129143,242.516543129143,4,14,1,80,Search
505.028919030372,3545.94514447133,558.729447929223,163.347750871103,243.347750871103,4,14,1,80,Search
505.305988277858,3548.38710733176,558.729447929223,164.17895861356,244.17895861356,4,14,1,80,Search
505.583057525344,3550.82907019219,558.729447929223,165.010166356018,245.010166356018,4,14,1,80,Search
505.86012677283,3553.27103305262,558.729447929223,165.841374098476,245.841374098476,4,14,1,80,Search
506.137196020316,3555.71299591306,558.729447929223,166.672581840933,246.672581840933,4,14,1,80,Search
506.414265267801,3558.15495877349,558.729447929223,167.503789583391,247.503789583391,4,14,1,80,Search
506.691334515121,3560.59692163392,558.729447929223,168.334997325351,248.334997325351,4,14,1,80,Search
506.968403762607,3563.03888449435,558.729447929223,169.166205067808,249.166205067808,4,14,1,80,Search
507.245473010093,3565.48084735478,558.729447929223,169.997412810266,249.997412810266,4,14,1,80,Search
507.518623799666,3567.92281021521,558.729447929223,170.816865178983,250.816865178983,4,14,1,80,Search
507.844218847723,3572.80673593608,558.729447929223,171.592066753138,251.592066753138,4,14,1,80,Search
508.169813895781,3577.69066165694,558.729447929223,172.367268327525,252.367268327525,4,14,1,80,Search
508.495408943838,3582.5745873778,558.729447929223,173.142469901912,253.142469901912,4,14,1,80,Search
508.821003991896,3587.45851309866,558.729447929223,173.917671476067,253.917671476067,4,14,1,80,Search
509.146599039953,3592.34243881953,558.729447929223,174.692873050454,254.692873050454,4,14,1,80,Search
509.472194088011,3597.22636454039,558.729447929223,175.378927275809,255.378927275809,4,14,1,80,Search
509.797789136068,3602.11029026125,558.729447929223,175.595693373607,255.595693373607,4,14,1,80,Search
510.123384184126,3606.99421598211,558.729447929223,175.812459471469,255.812459471469,4,14,1,80,Search
510.448979232183,3611.87814170298,558.729447929223,176.029225569266,256.029225569266,4,14,1,80,Search
510.774574280241,3616.76206742384,558.729447929223,176.245991667128,256.245991667128,4,14,1,80,Search
511.100169328298,3621.6459931447,558.729447929223,176.46275776499,256.46275776499,4,14,1,80,Search
511.425764376356,3626.52991886556,558.729447929223,176.560908093232,256.560908093232,4,14,1,80,Search
511.751359424413,3631.41384458643,558.729447929223,176.390073403889,256.390073403889,4,14,1,80,Search
512.076954472471,3636.29777030729,558.729447929223,176.219238714547,256.219238714547,4,14,1,80,Search
512.402549520528,3641.18169602815,558.729447929223,176.048404025256,256.048404025256,4,14,1,80,Search
512.728144568586,3646.06562174902,558.729447929223,175.877569335913,255.877569335913,4,14,1,80,Search
513.053739616643,3650.94954746988,558.729447929223,175.706734646622,255.706734646622,4,14,1,80,Search
513.379334664701,3655.83347319074,558.729447929223,175.76776373811,255.76776373811,4,14,1,80,Search
513.704929712758,3660.7173989116,558.729447929223,176.109433116795,256.109433116795,4,14,1,80,Search
514.030524760816,3665.60132463247,558.729447929223,176.451102495378,256.451102495378,4,14,1,80,Search
514.356119808873,3670.48525035333,558.729447929223,176.792771874063,256.792771874063,4,14,1,80,Search
514.681714856931,3675.36917607419,558.729447929223,177.134441252747,257.134441252747,4,14,1,80,Search
515.007309904988,3680.25310179505,558.729447929223,177.47611063133,257.47611063133,4,14,1,80,Search
515.332904953046,3685.13702751592,558.729447929223,177.975083662684,257.975083662684,4,14,1,80,Search
515.658500001103,3690.02095323678,558.729447929223,178.579450547579,258.579450547579,4,14,1,80,Search
515.984095049161,3694.90487895764,558.729447929223,179.183817432654,259.183817432654,4,14,1,80,Search
516.309690097218,3699.7888046785,558.729447929223,179.78818431773,259.78818431773,4,14,1,80,Search
516.635285145276,3704.67273039937,558.729447929223,180.392551202624,260.392551202624,4,14,1,80,Search
516.960880193333,3709.55665612023,558.729447929223,180.9969180877,260.9969180877,4,14,1,80,Search
517.460880193333,3709.55665612023,558.729447929223,180.9969180877,260.9969180877,5,14,1,80,Hover
517.960880193333,3709.55665612023,558.729447929223,180.9969180877,260.9969180877,5,14,1,80,Hover
518.460880193333,3709.55665612023,558.729447929223,180.9969180877,260.9969180877,5,14,1,80,Hover
518.960880193333,3709.55665612023,558.729447929223,180.9969180877,260.9969180877,5,14,1,80,Hover
519.460880193333,3709.55665612023,558.729447929223,180.9969180877,260.9969180877,5,14,1,80,Hover
519.960880193333,3709.55665612023,558.729447929223,180.9969180877,260.9969180877,5,14,1,80,Hover
520.460880193333,3709.55665612023,558.729447929223,180.9969180877,260.9969180877,5,14,1,80,Hover
520.960880193333,3709.55665612023,558.729447929223,180.9969180877,260.9969180877,5,14,1,80,Hover
521.460880193333,3709.55665612023,558.729447929223,180.9969180877,260.9969180877,5,14,1,80,Hover
521.960880193333,3709.55665612023,558.729447929223,180.9969180877,260.9969180877,5,14,1,80,Hover
522.3774585538,3709.55665612023,563.613168859456,182.246653169101,262.246653169101,4,15,1,80,Search
522.794036914301,3709.55665612023,568.496889789688,183.496388250603,263.496388250603,4,15,1,80,Search
523.210615274768,3709.55665612023,573.380610719921,184.746123332003,264.746123332003,4,15,1,80,Search
523.627193635235,3709.55665612023,578.264331650154,185.995858413404,265.995858413404,4,15,1,80,Search
523.969112736551,3709.55665612023,583.148052580386,187.021615717353,267.021615717353,4,15,1,80,Search
524.2946941319,3709.55665612023,588.031773510619,187.667108305553,267.667108305553,4,15,1,80,Search
524.620275527249,3709.55665612023,592.915494440851,188.312600893804,268.312600893804,4,15,1,80,Search
524.945856922598,3709.55665612023,597.799215371084,188.958093482004,268.958093482004,4,15,1,80,Search
525.271438317947,3709.55665612023,602.682936301317,189.603586070204,269.603586070204,4,15,1,80,Search
525.597019713295,3709.55665612023,607.566657231549,190.249078658455,270.249078658455,4,15,1,80,Search
525.922601108644,3709.55665612023,612.450378161782,190.863787857185,270.863787857185,4,15,1,80,Search
526.248182503993,3709.55665612023,617.334099092015,190.719602249713,270.719602249713,4,15,1,80,Search
526.573763899342,3709.55665612023,622.217820022247,190.575416642229,270.575416642229,4,15,1,80,Search
526.899345294691,3709.55665612023,627.10154095248,190.431231034757,270.431231034757,4,15,1,80,Search
527.22492669004,3709.55665612023,631.985261882713,190.287045427274,270.287045427274,4,15,1,80,Search
527.550508085389,3709.55665612023,636.868982812945,190.142859819802,270.142859819802,4,15,1,80,Search
527.876089480738,3709.55665612023,641.752703743178,189.99867421233,269.99867421233,4,15,1,80,Search
528.201670876086,3709.55665612023,646.636424673411,189.835038110541,269.835038110541,4,15,1,80,Search
528.527252271435,3709.55665612023,651.520145603643,189.663352439747,269.663352439747,4,15,1,80,Search
528.852833666784,3709.55665612023,656.403866533876,189.491666768954,269.491666768954,4,15,1,80,Search
529.178415062133,3709.55665612023,661.287587464109,189.319981098147,269.319981098147,4,15,1,80,Search
529.503996457482,3709.55665612023,666.171308394341,189.148295427354,269.148295427354,4,15,1,80,Search
529.829577852831,3709.55665612023,671.055029324574,188.976609756546,268.976609756546,4,15,1,80,Search
530.15515924818,3709.55665612023,675.938750254807,189.222746220644,269.222746220644,4,15,1,80,Search
530.480740643529,3709.55665612023,680.822471185039,190.16348503961,270.16348503961,4,15,1,80,Search
530.806322038878,3709.55665612023,685.706192115272,191.104223858652,271.104223858652,4,15,1,80,Search
531.131903434226,3709.55665612023,690.589913045505,192.044962677618,272.044962677618,4,15,1,80,Search
531.457484829575,3709.55665612023,695.473633975737,192.985701496583,272.985701496583,4,15,1,80,Search
531.783066224924,3709.55665612023,700.35735490597,193.926440315625,273.926440315625,4,15,1,80,Search
532.108647620273,3709.55665612023,705.241075836203,194.874414788746,274.874414788746,4,15,1,80,Search
532.477164111617,3709.55665612023,710.124796766435,195.979964262779,275.979964262779,4,15,1,80,Search
532.845680602931,3709.55665612023,715.008517696668,197.085513736722,277.085513736722,4,15,1,80,Search
533.214197094246,3709.55665612023,719.892238626901,198.191063210665,278.191063210665,4,15,1,80,Search
533.58271358559,3709.55665612023,724.775959557133,199.296612684697,279.296612684697,4,15,1,80,Search
533.951230076904,3709.55665612023,729.659680487366,200.40216215864,280.40216215864,4,15,1,80,Search
534.319746568218,3709.55665612023,734.543401417599,201.507711632582,281.507711632583,4,15,1,80,Search
534.684998757546,3709.55665612023,739.427122347831,202.603468200566,282.603468200566,4,15,1,80,Search
535.048931904969,3709.55665612023,744.310843278064,203.695267642834,283.695267642834,4,15,1,80,Search
535.412865052421,3709.55665612023,749.194564208297,204.787067085191,284.787067085191,4,15,1,80,Search
535.776798199844,3709.55665612023,754.078285138529,205.878866527459,285.878866527459,4,15,1,80,Search
536.140731347266,3709.55665612023,758.962006068762,206.970665969727,286.970665969727,4,15,1,80,Search
536.504664494719,3709.55665612023,763.845726998995,208.062465412083,288.062465412083,4,15,1,80,Search
536.830245890067,3709.55665612023,768.729447929227,208.979205578548,288.979205578548,4,15,1,80,Search
537.330245890067,3709.55665612023,768.729447929227,208.979205578548,288.979205578548,5,15,1,80,Hover
537.830245890067,3709.55665612023,768.729447929227,208.979205578548,288.979205578548,5,15,1,80,Hover
538.330245890067,3709.55665612023,768.729447929227,208.979205578548,288.979205578548,5,15,1,80,Hover
538.830245890067,3709.55665612023,768.729447929227,208.979205578548,288.979205578548,5,15,1,80,Hover
539.330245890067,3709.55665612023,768.729447929227,208.979205578548,288.979205578548,5,15,1,80,Hover
539.830245890067,3709.55665612023,768.729447929227,208.979205578548,288.979205578548,5,15,1,80,Hover
540.330245890067,3709.55665612023,768.729447929227,208.979205578548,288.979205578548,5,15,1,80,Hover
540.830245890067,3709.55665612023,768.729447929227,208.979205578548,288.979205578548,5,15,1,80,Hover
541.330245890067,3709.55665612023,768.729447929227,208.979205578548,288.979205578548,5,15,1,80,Hover
541.830245890067,3709.55665612023,768.729447929227,208.979205578548,288.979205578548,5,15,1,80,Hover
542.172911389409,3704.65849154884,768.729447929227,207.951209080524,287.951209080524,4,16,1,80,Search
542.515576888647,3699.76032697746,768.729447929227,206.923212582808,286.923212582808,4,16,1,80,Search
542.858242387988,3694.86216240607,768.729447929227,205.895216084785,285.895216084785,4,16,1,80,Search
543.20090788733,3689.96399783468,768.729447929227,204.867219586762,284.867219586762,4,16,1,80,Search
543.543573386568,3685.0658332633,768.729447929227,203.839223089045,283.839223089045,4,16,1,80,Search
543.887671741482,3680.16766869191,768.729447929227,202.806928024304,282.806928024304,4,16,1,80,Search
544.233769442896,3675.26950412052,768.729447929227,201.768634920061,281.768634920061,4,16,1,80,Search
544.579867144414,3670.37133954914,768.729447929227,200.730341815509,280.730341815509,4,16,1,80,Search
544.925964845932,3665.47317497775,768.729447929227,199.692048710956,279.692048710956,4,16,1,80,Search
545.272062547346,3660.57501040637,768.729447929227,198.653755606713,278.653755606713,4,16,1,80,Search
545.618160248863,3655.67684583498,768.729447929227,197.615462502161,277.615462502161,4,16,1,80,Search
545.962264258407,3650.77868126359,768.729447929227,196.583150473528,276.583150473528,4,16,1,80,Search
546.304929757629,3645.88051669221,768.729447929227,195.555153975865,275.555153975865,4,16,1,80,Search
546.647595256952,3640.98235212082,768.729447929227,194.527157477894,274.527157477894,4,16,1,80,Search
546.990260756173,3636.08418754943,768.729447929227,193.49916098023,273.49916098023,4,16,1,80,Search
547.332926255497,3631.18602297805,768.729447929227,192.47116448226,272.47116448226,4,16,1,80,Search
547.67559175482,3626.28785840666,768.729447929227,191.443167984289,271.443167984289,4,16,1,80,Search
548.002136059579,3621.38969383527,768.729447929227,190.550355055739,270.550355055739,4,16,1,80,Search
548.328680364338,3616.49152926389,768.729447929227,189.703987913969,269.703987913969,4,16,1,80,Search
548.655224669097,3611.5933646925,768.729447929227,188.857620772199,268.857620772199,4,16,1,80,Search
548.981768973857,3606.69520012112,768.729447929227,188.011253630682,268.011253630682,4,16,1,80,Search
549.308313278616,3601.79703554973,768.729447929227,187.164886488912,267.164886488912,4,16,1,80,Search
549.634857583375,3596.89887097834,768.729447929227,186.318519347142,266.318519347142,4,16,1,80,Search
549.961401888134,3592.00070640696,768.729447929227,185.901317274442,265.901317274442,4,16,1,80,Search
550.287946192893,3587.10254183557,768.729447929227,185.527761955372,265.527761955372,4,16,1,80,Search
550.614490497652,3582.20437726418,768.729447929227,185.154206636414,265.154206636414,4,16,1,80,Search
550.941034802411,3577.3062126928,768.729447929227,184.780651317344,264.780651317344,4,16,1,80,Search
551.26757910717,3572.40804812141,768.729447929227,184.407095998275,264.407095998274,4,16,1,80,Search
551.594123411929,3567.50988355002,768.729447929227,183.962655288908,263.962655288908,4,16,1,80,Search
552.05101074436,3562.61171897864,768.729447929227,182.591993291614,262.591993291614,4,16,1,80,Search
552.507898076792,3557.71355440725,768.729447929227,181.22133129432,261.22133129432,4,16,1,80,Search
552.964785409087,3552.81538983587,768.729447929227,179.850669297435,259.850669297435,4,16,1,80,Search
553.421672741518,3547.91722526448,768.729447929227,178.480007300141,258.480007300141,4,16,1,80,Search
553.87856007395,3543.01906069309,768.729447929227,177.109345302846,257.109345302846,4,16,1,80,Search
554.359012550193,3538.12089612171,768.729447929227,175.667987874117,255.667987874117,4,16,1,80,Search
554.637702728574,3535.67181383601,768.729447929227,174.831917338972,254.831917338972,4,16,1,80,Search
554.916392906956,3533.22273155032,768.729447929227,173.995846803828,253.995846803828,4,16,1,80,Search
555.195083085337,3530.77364926463,768.729447929227,173.159776268683,253.159776268683,4,16,1,80,Search
555.473773263553,3528.32456697893,768.729447929227,172.323705734037,252.323705734037,4,16,1,80,Search
555.752463441934,3525.87548469324,768.729447929227,171.487635198893,251.487635198893,4,16,1,80,Search
556.031153620316,3523.42640240755,768.729447929227,170.651564663748,250.651564663748,4,16,1,80,Search
556.309843798697,3520.97732012185,768.729447929227,169.815494128603,249.815494128603,4,16,1,80,Search
556.588533977079,3518.52823783616,768.729447929227,168.979423593458,248.979423593458,4,16,1,80,Search
556.867224155294,3516.07915555047,768.729447929227,168.143353058813,248.143353058813,4,16,1,80,Search
557.145914333675,3513.63007326477,768.729447929227,167.307282523668,247.307282523668,4,16,1,80,Search
557.591038319006,3508.73190869339,768.729447929227,165.971910567677,245.971910567677,4,16,1,80,Search
557.917582623765,3503.833744122,768.729447929227,165.146136639072,245.146136639072,4,16,1,80,Search
558.244126928524,3498.93557955061,768.729447929227,164.320362710714,244.320362710714,4,16,1,80,Search
558.570671233283,3494.03741497923,768.729447929227,163.494588782109,243.494588782109,4,16,1,80,Search
558.897215538042,3489.13925040784,768.729447929227,162.66881485375,242.66881485375,4,16,1,80,Search
559.223759842801,3484.24108583646,768.729447929227,161.843040925145,241.843040925145,4,16,1,80,Search
559.55030414756,3479.34292126507,768.729447929227,160.909538223884,240.909538223884,4,16,1,80,Search
559.889537444588,3474.44475669368,768.729447929227,159.891838332799,239.891838332799,4,16,1,80,Search
560.228770741718,3469.5465921223,768.729447929227,158.874138441411,238.874138441411,4,16,1,80,Search
560.728770741718,3469.5465921223,768.729447929227,158.874138441411,238.874138441411,5,16,1,80,Hover
561.228770741718,3469.5465921223,768.729447929227,158.874138441411,238.874138441411,5,16,1,80,Hover
561.728770741718,3469.5465921223,768.729447929227,158.874138441411,238.874138441411,5,16,1,80,Hover
562.228770741718,3469.5465921223,768.729447929227,158.874138441411,238.874138441411,5,16,1,80,Hover
562.728770741718,3469.5465921223,768.729447929227,158.874138441411,238.874138441411,5,16,1,80,Hover
563.228770741718,3469.5465921223,768.729447929227,158.874138441411,238.874138441411,5,16,1,80,Hover
563.728770741718,3469.5465921223,768.729447929227,158.874138441411,238.874138441411,5,16,1,80,Hover
564.228770741718,3469.5465921223,768.729447929227,158.874138441411,238.874138441411,5,16,1,80,Hover
564.728770741718,3469.5465921223,768.729447929227,158.874138441411,238.874138441411,5,16,1,80,Hover
565.228770741718,3469.5465921223,768.729447929227,158.874138441411,238.874138441411,5,16,1,80,Hover
565.47306106322,3469.5465921223,766.229447929231,158.141267476905,238.141267476905,4,17,1,80,Search
565.766207050833,3469.5465921223,763.729447929234,157.261829514064,237.261829514064,4,17,1,80,Search
566.059353038401,3469.5465921223,761.229447929238,156.382391551363,236.382391551363,4,17,1,80,Search
566.352499026014,3469.5465921223,758.729447929241,155.502953588522,235.502953588522,4,17,1,80,Search
566.645645013582,3469.5465921223,756.229447929245,154.62351562582,234.62351562582,4,17,1,80,Search
566.938791001195,3469.5465921223,753.729447929248,153.744077662979,233.744077662979,4,17,1,80,Search
567.231936988763,3469.5465921223,751.229447929252,152.864639700277,232.864639700277,4,17,1,80,Search
567.525082976376,3469.5465921223,748.729447929255,151.985201737436,231.985201737436,4,17,1,80,Search
567.818228963944,3469.5465921223,746.229447929259,151.105763774734,231.105763774734,4,17,1,80,Search
568.111374951557,3469.5465921223,743.729447929262,150.226325811893,230.226325811893,4,17,1,80,Search
568.404520939124,3469.5465921223,741.229447929265,149.346887849191,229.346887849191,4,17,1,80,Search
568.697666926738,3469.5465921223,738.729447929269,148.46744988635,228.46744988635,4,17,1,80,Search
569.105984892738,3469.5465921223,733.729447929276,147.24249598835,227.24249598835,4,17,1,80,Search
569.439318226071,3469.5465921223,728.729447929283,146.686450048568,226.686450048568,4,17,1,80,Search
569.772651559404,3469.5465921223,723.72944792929,146.130404108786,226.130404108786,4,17,1,80,Search
570.105984892737,3469.5465921223,718.729447929297,145.574358169004,225.574358169004,4,17,1,80,Search
570.43931822607,3469.5465921223,713.729447929304,145.018312229221,225.018312229221,4,17,1,80,Search
570.772651559403,3469.5465921223,708.729447929311,144.462266289483,224.462266289483,4,17,1,80,Search
571.105984892736,3469.5465921223,703.729447929318,144.0085319729,224.0085319729,4,17,1,80,Search
571.439318226069,3469.5465921223,698.729447929325,143.846835961402,223.846835961402,4,17,1,80,Search
571.772651559401,3469.5465921223,693.729447929332,143.685139949904,223.685139949904,4,17,1,80,Search
572.105984892734,3469.5465921223,688.729447929339,143.523443938406,223.523443938406,4,17,1,80,Search
572.439318226067,3469.5465921223,683.729447929345,143.361747926908,223.361747926908,4,17,1,80,Search
572.7726515594,3469.5465921223,678.729447929352,143.20005191541,223.20005191541,4,17,1,80,Search
573.105984892733,3469.5465921223,673.729447929359,143.067931873668,223.067931873668,4,17,1,80,Search
573.439318226066,3469.5465921223,668.729447929366,143.300585790447,223.300585790447,4,17,1,80,Search
573.772651559399,3469.5465921223,663.729447929373,143.533239707226,223.533239707226,4,17,1,80,Search
574.105984892732,3469.5465921223,658.72944792938,143.765893624004,223.765893624004,4,17,1,80,Search
574.439318226065,3469.5465921223,653.729447929387,143.998547540783,223.998547540783,4,17,1,80,Search
574.772651559398,3469.5465921223,648.729447929394,144.231201457562,224.231201457562,4,17,1,80,Search
575.105984892731,3469.5465921223,643.729447929401,144.463855374341,224.463855374341,4,17,1,80,Search
575.439318226064,3469.5465921223,638.729447929408,145.146122151106,225.146122151106,4,17,1,80,Search
575.772651559396,3469.5465921223,633.729447929415,145.883644303316,225.883644303316,4,17,1,80,Search
576.105984892729,3469.5465921223,628.729447929422,146.621166455526,226.621166455526,4,17,1,80,Search
576.439318226062,3469.5465921223,623.729447929429,147.358688607736,227.358688607736,4,17,1,80,Search
576.772651559395,3469.5465921223,618.729447929436,148.096210759946,228.096210759946,4,17,1,80,Search
577.105984892728,3469.5465921223,613.729447929443,148.833732912156,228.833732912156,4,17,1,80,Search
577.439318226061,3469.5465921223,608.72944792945,149.379041699106,229.379041699106,4,17,1,80,Search
577.772651559394,3469.5465921223,603.729447929457,149.84434953267,229.84434953267,4,17,1,80,Search
578.105984892727,3469.5465921223,598.729447929464,150.309657366233,230.309657366233,4,17,1,80,Search
578.43931822606,3469.5465921223,593.729447929471,150.774965199797,230.774965199797,4,17,1,80,Search
578.772651559393,3469.5465921223,588.729447929478,151.240273033361,231.240273033361,4,17,1,80,Search
579.105984892726,3469.5465921223,583.729447929485,151.705580866888,231.705580866888,4,17,1,80,Search
579.439318226059,3469.5465921223,578.729447929492,151.934213789635,231.934213789635,4,17,1,80,Search
579.772651559391,3469.5465921223,573.729447929499,151.945831092105,231.945831092105,4,17,1,80,Search
580.105984892724,3469.5465921223,568.729447929505,151.957448394576,231.957448394576,4,17,1,80,Search
580.439318226057,3469.5465921223,563.729447929513,151.969065697046,231.969065697046,4,17,1,80,Search
580.77265155939,3469.5465921223,558.729447929519,151.980682999517,231.980682999517,4,17,1,80,Search
581.105984892723,3469.5465921223,553.729447929526,151.992300301987,231.992300301987,4,17,1,80,Search
581.439318226056,3469.5465921223,548.729447929533,151.908203472288,231.908203472288,4,17,1,80,Search
581.772651559389,3469.5465921223,543.72944792954,151.635989153636,231.635989153636,4,17,1,80,Search
582.105984892722,3469.5465921223,538.729447929547,151.363774834983,231.363774834983,4,17,1,80,Search
582.439318226055,3469.5465921223,533.729447929554,151.091560516331,231.091560516331,4,17,1,80,Search
582.772651559388,3469.5465921223,528.729447929561,150.819346197679,230.819346197679,4,17,1,80,Search
583.272651559388,3469.5465921223,528.729447929561,150.819346197679,230.819346197679,5,17,1,80,Hover
583.772651559388,3469.5465921223,528.729447929561,150.819346197679,230.819346197679,5,17,1,80,Hover
584.272651559388,3469.5465921223,528.729447929561,150.819346197679,230.819346197679,5,17,1,80,Hover
584.772651559388,3469.5465921223,528.729447929561,150.819346197679,230.819346197679,5,17,1,80,Hover
585.272651559388,3469.5465921223,528.729447929561,150.819346197679,230.819346197679,5,17,1,80,Hover
585.772651559388,3469.5465921223,528.729447929561,150.819346197679,230.819346197679,5,17,1,80,Hover
586.272651559388,3469.5465921223,528.729447929561,150.819346197679,230.819346197679,5,17,1,80,Hover
586.772651559388,3469.5465921223,528.729447929561,150.819346197679,230.819346197679,5,17,1,80,Hover
587.272651559388,3469.5465921223,528.729447929561,150.819346197679,230.819346197679,5,17,1,80,Hover
587.772651559388,3469.5465921223,528.729447929561,150.819346197679,230.819346197679,5,17,1,80,Hover
588.099938010293,3474.45588888588,528.729447929561,150.45805409853,230.45805409853,4,18,1,80,Search
588.427224461199,3479.36518564947,528.729447929561,150.096761999489,230.096761999489,4,18,1,80,Search
588.754510912105,3484.27448241306,528.729447929561,150.048728142499,230.048728142499,4,18,1,80,Search
589.081797363011,3489.18377917665,528.729447929561,150.392172427056,230.392172427056,4,18,1,80,Search
589.409083813917,3494.09307594023,528.729447929561,150.735616711613,230.735616711613,4,18,1,80,Search
589.736370264823,3499.00237270382,528.729447929561,151.079060996067,231.079060996067,4,18,1,80,Search
590.063656715728,3503.91166946741,528.729447929561,151.422505280624,231.422505280624,4,18,1,80,Search
590.390943166634,3508.820966231,528.729447929561,151.76594956518,231.76594956518,4,18,1,80,Search
590.71822961754,3513.73026299458,528.729447929561,152.461245357172,232.461245357172,4,18,1,80,Search
591.045516068446,3518.63955975817,528.729447929561,153.371147510802,233.371147510802,4,18,1,80,Search
591.372802519352,3523.54885652176,528.729447929561,154.281049664703,234.281049664703,4,18,1,80,Search
591.700088970258,3528.45815328535,528.729447929561,155.190951818604,235.190951818604,4,18,1,80,Search
592.027375421163,3533.36745004893,528.729447929561,156.100853972234,236.100853972234,4,18,1,80,Search
592.354661872069,3538.27674681252,528.729447929561,157.010756126135,237.010756126135,4,18,1,80,Search
592.744547639492,3543.18604357611,528.729447929561,158.180413428404,238.180413428404,4,18,1,80,Search
593.156380514102,3548.0953403397,528.729447929561,159.415912052234,239.415912052234,4,18,1,80,Search
593.56821338859,3553.00463710328,528.729447929561,160.651410675697,240.651410675697,4,18,1,80,Search
593.9800462632,3557.91393386687,528.729447929561,161.886909299527,241.886909299527,4,18,1,80,Search
594.39187913781,3562.82323063046,528.729447929561,163.122407923358,243.122407923358,4,18,1,80,Search
594.80371201242,3567.73252739405,528.729447929561,164.357906547188,244.357906547188,4,18,1,80,Search
595.193819424649,3572.64182415763,528.729447929561,165.528228783875,245.528228783875,4,18,1,80,Search
595.583356547297,3577.55112092122,528.729447929561,166.696840151818,246.696840151818,4,18,1,80,Search
595.972893669945,3582.46041768481,528.729447929561,167.865451519761,247.865451519761,4,18,1,80,Search
596.362430792476,3587.3697144484,528.729447929561,169.034062887356,249.034062887356,4,18,1,80,Search
596.751967915124,3592.27901121198,528.729447929561,170.202674255299,250.202674255299,4,18,1,80,Search
597.07925436603,3597.18830797557,528.729447929561,171.166117733719,251.166117733719,4,18,1,80,Search
597.406540816936,3602.09760473916,528.729447929561,170.97654777683,250.97654777683,4,18,1,80,Search
597.733827267841,3607.00690150274,528.729447929561,170.786977819998,250.786977819998,4,18,1,80,Search
598.061113718747,3611.91619826633,528.729447929561,170.597407863109,250.597407863109,4,18,1,80,Search
598.388400169653,3616.82549502992,528.729447929561,170.40783790622,250.40783790622,4,18,1,80,Search
598.715686620559,3621.73479179351,528.729447929561,170.218267949331,250.218267949331,4,18,1,80,Search
599.042973071465,3626.64408855709,528.729447929561,170.074011848072,250.074011848072,4,18,1,80,Search
599.370259522371,3631.55338532068,528.729447929561,170.022720405518,250.022720405518,4,18,1,80,Search
599.697545973276,3636.46268208427,528.729447929561,169.971428962965,249.971428962965,4,18,1,80,Search
600.024832424182,3641.37197884786,528.729447929561,169.920137520427,249.920137520427,4,18,1,80,Search
600.352118875088,3646.28127561144,528.729447929561,169.868846077874,249.868846077874,4,18,1,80,Search
600.679405325994,3651.19057237503,528.729447929561,169.81755463532,249.81755463532,4,18,1,80,Search
601.0066917769,3656.09986913862,528.729447929561,170.026081740956,250.026081740956,4,18,1,80,Search
601.333978227806,3661.00916590221,528.729447929561,170.489956725073,250.489956725073,4,18,1,80,Search
601.661264678711,3665.91846266579,528.729447929561,170.953831709328,250.953831709328,4,18,1,80,Search
601.988551129617,3670.82775942938,528.729447929561,171.417706693583,251.417706693583,4,18,1,80,Search
602.315837580523,3675.73705619297,528.729447929561,171.881581677839,251.881581677839,4,18,1,80,Search
602.643124031429,3680.64635295656,528.729447929561,172.345456661956,252.345456661956,4,18,1,80,Search
602.970410482335,3685.55564972014,528.729447929561,172.926270682478,252.926270682478,4,18,1,80,Search
603.297696933241,3690.46494648373,528.729447929561,173.561867809035,253.561867809035,4,18,1,80,Search
603.624983384146,3695.37424324732,528.729447929561,174.197464935403,254.197464935403,4,18,1,80,Search
603.952269835052,3700.28354001091,528.729447929561,174.83306206196,254.83306206196,4,18,1,80,Search
604.279556285958,3705.19283677449,528.729447929561,175.468659188517,255.468659188517,4,18,1,80,Search
604.606842736864,3710.10213353808,528.729447929561,176.104256315075,256.104256315075,4,18,1,80,Search
604.93412918777,3715.01143030167,528.729447929561,176.93111376263,256.93111376263,4,18,1,80,Search
605.261415638676,3719.92072706526,528.729447929561,177.789724473978,257.789724473978,4,18,1,80,Search
605.588702089581,3724.83002382884,528.729447929561,178.648335185325,258.648335185325,4,18,1,80,Search
605.915988540487,3729.73932059243,528.729447929561,179.506945896673,259.506945896673,4,18,1,80,Search
606.243274991393,3734.64861735602,528.729447929561,180.365556607765,260.365556607765,4,18,1,80,Search
606.570561442299,3739.55791411961,528.729447929561,181.210033647315,261.210033647315,4,18,1,80,Search
607.070561442299,3739.55791411961,528.729447929561,181.210033647315,261.210033647315,5,18,1,80,Hover
607.570561442299,3739.55791411961,528.729447929561,181.210033647315,261.210033647315,5,18,1,80,Hover
608.070561442299,3739.55791411961,528.729447929561,181.210033647315,261.210033647315,5,18,1,80,Hover
608.570561442299,3739.55791411961,528.729447929561,181.210033647315,261.210033647315,5,18,1,80,Hover
609.070561442299,3739.55791411961,528.729447929561,181.210033647315,261.210033647315,5,18,1,80,Hover
609.570561442299,3739.55791411961,528.729447929561,181.210033647315,261.210033647315,5,18,1,80,Hover
610.070561442299,3739.55791411961,528.729447929561,181.210033647315,261.210033647315,5,18,1,80,Hover
610.570561442299,3739.55791411961,528.729447929561,181.210033647315,261.210033647315,5,18,1,80,Hover
611.070561442299,3739.55791411961,528.729447929561,181.210033647315,261.210033647315,5,18,1,80,Hover
611.570561442299,3739.55791411961,528.729447929561,181.210033647315,261.210033647315,5,18,1,80,Hover
611.903894775632,3739.55791411961,533.729447929556,181.858720079581,261.858720079581,4,19,1,80,Search
612.237228108965,3739.55791411961,538.729447929551,182.507406511846,262.507406511846,4,19,1,80,Search
612.570561442298,3739.55791411961,543.729447929546,183.156092944111,263.156092944111,4,19,1,80,Search
612.903894775631,3739.55791411961,548.729447929541,183.804779376376,263.804779376376,4,19,1,80,Search
613.261964383673,3739.55791411961,553.729447929536,184.878988200501,264.878988200501,4,19,1,80,Search
613.692202554532,3739.55791411961,558.72944792953,186.169702713078,266.169702713078,4,19,1,80,Search
614.12244072539,3739.55791411961,563.729447929525,187.460417225654,267.460417225654,4,19,1,80,Search
614.552678896249,3739.55791411961,568.72944792952,188.751131738231,268.751131738231,4,19,1,80,Search
614.982917067108,3739.55791411961,573.729447929515,190.041846250807,270.041846250807,4,19,1,80,Search
615.413155237967,3739.55791411961,578.72944792951,191.332560763384,271.332560763384,4,19,1,80,Search
615.79289191102,3739.55791411961,583.729447929505,192.471770782543,272.471770782543,4,19,1,80,Search
616.126225244353,3739.55791411961,588.7294479295,193.44575162409,273.44575162409,4,19,1,80,Search
616.459558577686,3739.55791411961,593.729447929495,194.419732465636,274.419732465636,4,19,1,80,Search
616.792891911019,3739.55791411961,598.729447929489,195.393713307105,275.393713307105,4,19,1,80,Search
617.126225244352,3739.55791411961,603.729447929484,196.367694148651,276.367694148651,4,19,1,80,Search
617.459558577685,3739.55791411961,608.729447929479,197.341674990198,277.341674990198,4,19,1,80,Search
617.792891911018,3739.55791411961,613.729447929474,197.936328278107,277.936328278107,4,19,1,80,Search
618.126225244351,3739.55791411961,618.729447929469,197.619594607064,277.619594607065,4,19,1,80,Search
618.459558577684,3739.55791411961,623.729447929464,197.302860936022,277.302860936022,4,19,1,80,Search
618.792891911017,3739.55791411961,628.729447929459,196.986127264979,276.986127264979,4,19,1,80,Search
619.126225244351,3739.55791411961,633.729447929453,196.669393593936,276.669393593936,4,19,1,80,Search
619.459558577684,3739.55791411961,638.729447929448,196.352659922894,276.352659922894,4,19,1,80,Search
619.792891911017,3739.55791411961,643.729447929443,196.017292477793,276.017292477793,4,19,1,80,Search
620.12622524435,3739.55791411961,648.729447929438,195.530302057026,275.530302057026,4,19,1,80,Search
620.459558577683,3739.55791411961,653.729447929433,195.043311636259,275.043311636259,4,19,1,80,Search
620.792891911016,3739.55791411961,658.729447929428,194.556321215492,274.556321215492,4,19,1,80,Search
621.126225244349,3739.55791411961,663.729447929423,194.069330794725,274.069330794725,4,19,1,80,Search
621.459558577682,3739.55791411961,668.729447929418,193.582340373958,273.582340373958,4,19,1,80,Search
621.792891911015,3739.55791411961,673.729447929412,193.095349953192,273.095349953192,4,19,1,80,Search
622.126225244348,3739.55791411961,678.729447929407,193.954479842475,273.954479842475,4,19,1,80,Search
622.459558577681,3739.55791411961,683.729447929402,194.922753525191,274.922753525191,4,19,1,80,Search
622.792891911014,3739.55791411961,688.729447929397,195.891027207908,275.891027207908,4,19,1,80,Search
623.126225244347,3739.55791411961,693.729447929392,196.859300890624,276.859300890624,4,19,1,80,Search
623.45955857768,3739.55791411961,698.729447929387,197.827574573341,277.827574573341,4,19,1,80,Search
623.792891911013,3739.55791411961,703.729447929382,198.795848256057,278.795848256057,4,19,1,80,Search
624.275779403044,3739.55791411961,708.729447929377,200.244510732149,280.244510732149,4,19,1,80,Search
624.545272755523,3739.55791411961,711.229447929374,201.052990789586,281.052990789586,4,19,1,80,Search
624.814766108044,3739.55791411961,713.729447929371,201.861470847151,281.861470847151,4,19,1,80,Search
625.084259460523,3739.55791411961,716.229447929369,202.669950904588,282.669950904588,4,19,1,80,Search
625.353752813045,3739.55791411961,718.729447929366,203.478430962153,283.478430962153,4,19,1,80,Search
625.623246165524,3739.55791411961,721.229447929364,204.28691101959,284.28691101959,4,19,1,80,Search
625.892739518045,3739.55791411961,723.729447929361,205.095391077155,285.095391077155,4,19,1,80,Search
626.162232870524,3739.55791411961,726.229447929359,205.903871134592,285.903871134592,4,19,1,80,Search
626.431726223046,3739.55791411961,728.729447929356,206.712351192158,286.712351192158,4,19,1,80,Search
626.701219575525,3739.55791411961,731.229447929353,207.520831249595,287.520831249595,4,19,1,80,Search
626.970712928004,3739.55791411961,733.729447929351,208.329311307032,288.329311307032,4,19,1,80,Search
627.389452238089,3739.55791411961,738.729447929346,209.585529237286,289.585529237286,4,19,1,80,Search
627.722785571422,3739.55791411961,743.729447929341,210.553802920002,290.553802920002,4,19,1,80,Search
628.056118904755,3739.55791411961,748.729447929336,211.522076602719,291.522076602719,4,19,1,80,Search
628.389452238088,3739.55791411961,753.72944792933,212.490350285435,292.490350285435,4,19,1,80,Search
628.722785571421,3739.55791411961,758.729447929325,213.458623968152,293.458623968152,4,19,1,80,Search
629.056118904754,3739.55791411961,763.72944792932,214.426897650868,294.426897650868,4,19,1,80,Search
629.389452238087,3739.55791411961,768.729447929315,215.33578125817,295.33578125817,4,19,1,80,Search
629.72278557142,3739.55791411961,773.72944792931,216.14426131566,296.14426131566,4,19,1,80,Search
630.056118904753,3739.55791411961,778.729447929305,216.952741373151,296.952741373151,4,19,1,80,Search
630.389452238086,3739.55791411961,783.7294479293,217.761221430642,297.761221430642,4,19,1,80,Search
630.722785571419,3739.55791411961,788.729447929295,218.569701488133,298.569701488133,4,19,1,80,Search
631.056118904752,3739.55791411961,793.729447929289,219.378181545623,299.378181545623,4,19,1,80,Search
631.389452238085,3739.55791411961,798.729447929284,219.914202809462,299.914202809462,4,19,1,80,Search
631.889452238085,3739.55791411961,798.729447929284,219.914202809462,299.914202809462,5,19,1,80,Hover
632.389452238085,3739.55791411961,798.729447929284,219.914202809462,299.914202809462,5,19,1,80,Hover
632.889452238085,3739.55791411961,798.729447929284,219.914202809462,299.914202809462,5,19,1,80,Hover
633.389452238085,3739.55791411961,798.729447929284,219.914202809462,299.914202809462,5,19,1,80,Hover
633.889452238085,3739.55791411961,798.729447929284,219.914202809462,299.914202809462,5,19,1,80,Hover
634.389452238085,3739.55791411961,798.729447929284,219.914202809462,299.914202809462,5,19,1,80,Hover
634.889452238085,3739.55791411961,798.729447929284,219.914202809462,299.914202809462,5,19,1,80,Hover
635.389452238085,3739.55791411961,798.729447929284,219.914202809462,299.914202809462,5,19,1,80,Hover
635.889452238085,3739.55791411961,798.729447929284,219.914202809462,299.914202809462,5,19,1,80,Hover
636.389452238085,3739.55791411961,798.729447929284,219.914202809462,299.914202809462,5,19,1,80,Hover
636.751726893882,3734.66960312076,797.685357147677,218.827378842073,298.827378842073,6,20,1,80,Return
637.202992427313,3729.78129212191,796.641266366071,217.473582241778,297.473582241778,6,20,1,80,Return
637.650409011939,3724.89298112306,795.597175584464,216.131332487899,296.131332487899,6,20,1,80,Return
638.093976647544,3720.00467012421,794.553084802857,214.800629581086,294.800629581086,6,20,1,80,Return
638.53369533438,3715.11635912536,793.50899402125,213.481473520578,293.481473520578,6,20,1,80,Return
638.964034525953,3710.22804812651,792.464903239643,212.190455945857,292.190455945857,6,20,1,80,Return
639.351030773681,3705.33973712766,791.420812458036,211.029467202675,291.029467202675,6,20,1,80,Return
639.738027021323,3700.45142612881,790.376721676429,209.86847845975,289.86847845975,6,20,1,80,Return
640.12502326905,3695.56311512996,789.332630894822,208.707489716568,288.707489716568,6,20,1,80,Return
640.512019516675,3690.67480413111,788.288540113215,207.546500973693,287.546500973693,6,20,1,80,Return
640.899015764402,3685.78649313227,787.244449331608,206.385512230512,286.385512230512,6,20,1,80,Return
641.29559142473,3680.89818213342,786.200358550001,205.195785249527,285.195785249527,6,20,1,80,Return
641.715773541315,3676.00987113457,785.156267768395,203.935238899773,283.935238899773,6,20,1,80,Return
642.132106708884,3671.12156013572,784.112176986788,202.686239397067,282.686239397067,6,20,1,80,Return
642.544590927675,3666.23324913687,783.068086205181,201.448786740692,281.448786740692,6,20,1,80,Return
642.953226197437,3661.34493813802,782.023995423574,200.222880931407,280.222880931407,6,20,1,80,Return
643.358012518405,3656.45662713917,780.979904641967,199.008521968502,279.008521968502,6,20,1,80,Return
643.748823519755,3651.56831614032,779.93581386036,197.836088964452,277.836088964452,6,20,1,80,Return
644.124564746464,3646.68000514147,778.891723078753,196.708865284324,276.708865284324,6,20,1,80,Return
644.500305973071,3641.79169414262,777.847632297146,195.581641604504,275.581641604504,6,20,1,80,Return
644.876047199793,3636.90338314377,776.803541515539,194.454417924338,274.454417924338,6,20,1,80,Return
645.2517884264,3632.01507214492,775.759450733932,193.327194244517,273.327194244517,6,20,1,80,Return
645.627529653109,3627.12676114608,774.715359952325,192.199970564389,272.199970564389,6,20,1,80,Return
645.963489005444,3622.23845014723,773.671269170719,191.192092507385,271.192092507385,6,20,1,80,Return
646.296727058371,3617.35013914838,772.627178389112,190.264382481148,270.264382481148,6,20,1,80,Return
646.629965111298,3612.46182814953,771.583087607505,189.325125608445,269.325125608445,6,20,1,80,Return
646.963203164226,3607.57351715068,770.538996825898,188.374321888737,268.374321888737,6,20,1,80,Return
647.296441217153,3602.68520615183,769.494906044291,187.411971322611,267.411971322611,6,20,1,80,Return
647.62967927008,3597.79689515298,768.450815262684,186.438073909522,266.438073909522,6,20,1,80,Return
647.962917323007,3592.90858415413,767.406724481077,185.815334480793,265.815334480793,6,20,1,80,Return
648.296155375934,3588.02027315528,766.36263369947,185.252816818675,265.252816818675,6,20,1,80,Return
648.629393428862,3583.13196215643,765.318542917863,184.569880504244,264.569880504244,6,20,1,80,Return
648.962631481789,3578.24365115758,764.274452136256,183.863850496283,263.863850496283,6,20,1,80,Return
649.295869534716,3573.35534015873,763.23036135465,183.134726794876,263.134726794876,6,20,1,80,Return
649.629107587643,3568.46702915989,762.186270573043,182.382509400065,262.382509400065,6,20,1,80,Return
649.867736712089,3566.02287366046,761.664225182239,181.666622026728,261.666622026728,6,20,1,80,Return
650.140700272863,3563.57871816104,761.142179791436,180.847731344406,260.847731344406,6,20,1,80,Return
650.410777122131,3561.13456266161,760.620134400632,180.037500796601,260.037500796601,6,20,1,80,Return
650.677967259721,3558.69040716219,760.098089009829,179.235930383833,259.235930383833,6,20,1,80,Return
650.942270685589,3556.24625166276,759.576043619025,178.443020106228,258.443020106228,6,20,1,80,Return
651.203687399697,3553.80209616334,759.053998228222,177.658769963902,257.658769963902,6,20,1,80,Return
651.462217402251,3551.35794066391,758.531952837418,176.883179956242,256.883179956242,6,20,1,80,Return
651.717860693087,3548.91378516449,758.009907446615,176.116250083734,256.116250083734,6,20,1,80,Return
651.970617272283,3546.46962966506,757.487862055812,175.357980346146,255.357980346146,6,20,1,80,Return
652.22048713968,3544.02547416564,756.965816665008,174.608370743955,254.608370743955,6,20,1,80,Return
652.715745252824,3539.13716316679,755.921725883401,173.122596404522,253.122596404522,6,20,1,80,Return
653.035147319708,3536.69300766737,755.399680492598,172.164390203872,252.164390203872,6,20,1,80,Return
653.353587149167,3534.24885216794,754.877635101794,171.209070715493,251.209070715493,6,20,1,80,Return
653.671064741598,3531.80469666852,754.355589710991,170.256637938199,250.256637938199,6,20,1,80,Return
653.987580096803,3529.36054116909,753.833544320187,169.307091872585,249.307091872585,6,20,1,80,Return
654.303133214749,3526.91638566967,753.311498929384,168.360432518747,248.360432518747,6,20,1,80,Return
654.617724095339,3524.47223017024,752.78945353858,167.416659876978,247.416659876978,6,20,1,80,Return
654.931352738865,3522.02807467082,752.267408147777,166.4757739464,246.4757739464,6,20,1,80,Return
655.244019145133,3519.58391917139,751.745362756973,165.537774727594,245.537774727594,6,20,1,80,Return
655.555723314207,3517.13976367197,751.22331736617,164.602662220373,244.602662220373,6,20,1,80,Return
655.866465245893,3514.69560817254,750.701271975367,163.670436425316,243.670436425316,6,20,1,80,Return
656.176244940484,3512.25145267312,750.179226584563,162.741097341543,242.741097341543,6,20,1,80,Return
656.456814659806,3509.8072971737,749.65718119376,161.899388183576,241.899388183576,6,20,1,80,Return
656.92257159344,3504.91898617485,748.613090412153,160.502117382674,240.502117382674,6,20,1,80,Return
657.399875373935,3500.030675176,747.568999630546,159.070206041188,239.070206041188,6,20,1,80,Return
657.888726000993,3495.14236417715,746.524908848939,157.603654160016,237.603654160016,6,20,1,80,Return
658.137481382078,3492.69820867772,746.002863458135,156.857388016759,236.857388016759,6,20,1,80,Return
658.38912347488,3490.2540531783,745.480818067332,156.102461738353,236.102461738353,6,20,1,80,Return
658.643652279362,3487.80989767887,744.958772676529,155.338875324909,235.338875324909,6,20,1,80,Return
658.901067795359,3485.36574217945,744.436727285725,154.566628776918,234.566628776918,6,20,1,80,Return
659.161370023197,3482.92158668003,743.914681894922,153.785722093403,233.785722093403,6,20,1,80,Return
659.429091469669,3480.4774311806,743.392636504118,152.982557753988,232.982557753988,6,20,1,80,Return
659.70122830847,3478.03327568118,742.870591113315,152.166147237585,232.166147237585,6,20,1,80,Return
659.975289621637,3475.58912018175,742.348545722511,151.343963298082,231.343963298082,6,20,1,80,Return
660.251275409386,3473.14496468233,741.826500331708,150.516005934834,230.516005934834,6,20,1,80,Return
660.529185671542,3470.7008091829,741.304454940904,149.682275148366,229.682275148366,6,20,1,80,Return
660.809020408197,3468.25665368348,740.782409550101,148.842770938404,228.842770938404,6,20,1,80,Return
661.090779619172,3465.81249818405,740.260364159298,147.997493305478,227.997493305478,6,20,1,80,Return
661.374463304683,3463.36834268463,739.738318768494,147.146442248945,227.146442248945,6,20,1,80,Return
661.660071464694,3460.9241871852,739.216273377691,146.289617768911,226.289617768911,6,20,1,80,Return
661.947604099158,3458.48003168578,738.694227986887,145.427019865519,225.427019865519,6,20,1,80,Return
662.237061207891,3456.03587618635,738.172182596084,144.558648539321,224.558648539321,6,20,1,80,Return
662.52844279126,3453.59172068693,737.65013720528,143.684503789215,223.684503789215,6,20,1,80,Return
662.884024922695,3451.14756518751,737.128091814477,142.617757394909,222.617757394909,6,20,1,80,Return
663.237244442331,3448.70340968808,736.606046423673,141.558098836001,221.558098836001,6,20,1,80,Return
663.585652775885,3446.25925418866,736.08400103287,140.51287383534,220.51287383534,6,20,1,80,Return
663.898708721798,3443.81509868923,735.561955642066,139.573705997599,219.573705997599,6,20,1,80,Return
664.197964319523,3441.37094318981,735.039910251263,138.675939204425,218.675939204425,6,20,1,80,Return
664.494333205581,3438.92678769038,734.517864860459,137.78683254625,217.78683254625,6,20,1,80,Return
664.78781537996,3436.48263219096,733.995819469656,136.906386023114,216.906386023114,6,20,1,80,Return
665.078410842485,3434.03847669153,733.473774078853,136.034599635539,216.034599635539,6,20,1,80,Return
665.366119593507,3431.59432119211,732.951728688049,135.171473382472,215.171473382472,6,20,1,80,Return
665.65094163285,3429.15016569268,732.429683297246,134.317007264443,214.317007264443,6,20,1,80,Return
665.932876960509,3426.70601019326,731.907637906442,133.471201281467,213.471201281467,6,20,1,80,Return
666.266115013436,3421.81769919441,730.863547124835,132.528333548934,212.528333548934,6,20,1,80,Return
666.599353066363,3416.92938819556,729.819456343228,132.019155860617,212.019155860617,6,20,1,80,Return
666.93259111929,3412.04107719671,728.775365561622,131.521525019155,211.521525019155,6,20,1,80,Return
667.265829172218,3407.15276619786,727.731274780015,131.035441024259,211.035441024259,6,20,1,80,Return
667.599067225145,3402.26445519901,726.687183998408,130.560903876221,210.560903876221,6,20,1,80,Return
667.932305278072,3397.37614420016,725.643093216801,130.097913574756,210.097913574756,6,20,1,80,Return
668.099648484045,3394.93198870074,725.121047825997,130.599943192677,210.599943192677,6,20,1,80,Return
668.448653493892,3392.48783320132,724.599002435194,131.646958222218,211.646958222218,6,20,1,80,Return
668.795734029286,3390.04367770189,724.07695704439,132.688199828399,212.688199828399,6,20,1,80,Return
669.140890090227,3387.59952220247,723.554911653587,133.723668011221,213.723668011221,6,20,1,80,Return
669.484121676511,3385.15536670304,723.032866262784,134.753362770073,214.753362770073,6,20,1,80,Return
669.825428788547,3382.71121120362,722.51082087198,135.777284106183,215.777284106183,6,20,1,80,Return
670.164811426131,3380.26705570419,721.988775481177,136.795432018934,216.795432018934,6,20,1,80,Return
670.502269589267,3377.82290020477,721.466730090373,137.807806508343,217.807806508343,6,20,1,80,Return
670.837803277741,3375.37874470534,720.94468469957,138.814407573763,218.814407573763,6,20,1,80,Return
671.171412491967,3372.93458920592,720.422639308766,139.815235216442,219.815235216442,6,20,1,80,Return
671.503097231749,3370.49043370649,719.900593917963,140.810289435786,220.810289435786,6,20,1,80,Return
671.83285749707,3368.04627820707,719.378548527159,141.79957023175,221.79957023175,6,20,1,80,Return
672.229483698416,3366.41684120745,719.030518266624,142.989448835788,222.989448835788,6,20,1,80,Return
672.667166701922,3364.78740420784,718.682488006088,144.302497846307,224.302497846307,6,20,1,80,Return
673.104422044048,3363.15796720822,718.334457745552,145.614263872685,225.614263872685,6,20,1,80,Return
673.541249725576,3361.5285302086,717.986427485017,146.924746917267,226.924746917267,6,20,1,80,Return
673.977649745714,3359.89909320899,717.638397224481,148.233946977682,228.233946977682,6,20,1,80,Return
674.413622105262,3358.26965620937,717.290366963946,149.541864056327,229.541864056327,6,20,1,80,Return
674.849166803432,3356.64021920976,716.94233670341,150.848498150836,230.848498150836,6,20,1,80,Return
675.284283841001,3355.01078221014,716.594306442874,152.153849263544,232.153849263544,6,20,1,80,Return
675.718973217183,3353.38134521052,716.246276182339,153.457917392088,233.457917392088,6,20,1,80,Return
676.153234932773,3351.75190821091,715.898245921803,154.760702538858,234.760702538858,6,20,1,80,Return
676.587068986975,3350.12247121129,715.550215661267,156.062204701466,236.062204701466,6,20,1,80,Return
677.020475380598,3348.49303421167,715.202185400732,157.362423882333,237.362423882333,6,20,1,80,Return
677.453454112822,3346.86359721206,714.854155140196,158.661360079005,238.661360079005,6,20,1,80,Return
677.886005184454,3345.23416021244,714.50612487966,159.959013293902,239.959013293902,6,20,1,80,Return
678.318128594699,3343.60472321282,714.158094619125,161.255383524638,241.255383524638,6,20,1,80,Return
678.749824344365,3341.97528621321,713.810064358589,162.550470773634,242.550470773634,6,20,1,80,Return
679.181092432632,3340.34584921359,713.462034098054,163.844275038435,243.844275038435,6,20,1,80,Return
679.614106837672,3338.71641221397,713.114003837518,165.143318253558,245.143318253558,6,20,1,80,Return
680.05432748525,3337.08697521436,712.765973576982,166.463980196291,246.463980196291,6,20,1,80,Return
680.49668643819,3335.45753821474,712.417943316447,167.791057055111,247.791057055111,6,20,1,80,Return
680.941183695661,3333.82810121513,712.069913055911,169.124548827522,249.124548827522,6,20,1,80,Return
681.387819258485,3332.19866421551,711.721882795375,170.464455515996,250.464455515996,6,20,1,80,Return
681.83659312585,3330.56922721589,711.37385253484,171.810777118089,251.810777118089,6,20,1,80,Return
682.28750529857,3328.93979021628,711.025822274304,173.16351363625,253.16351363625,6,20,1,80,Return
682.740555775832,3327.31035321666,710.677792013768,174.522665068036,254.522665068036,6,20,1,80,Return
683.195744558447,3325.68091621704,710.329761753233,175.888231415881,255.888231415881,6,20,1,80,Return
683.653071645598,3324.05147921743,709.981731492697,177.260212677333,257.260212677333,6,20,1,80,Return
684.112537038108,3322.42204221781,709.633701232162,178.638608854865,258.638608854865,6,20,1,80,Return
684.574140735152,3320.79260521819,709.285670971626,180.023419945996,260.023419945996,6,20,1,80,Return
685.037882737557,3319.16316821858,708.93764071109,181.414645953212,261.414645953212,6,20,1,80,Return
685.503763044494,3317.53373121896,708.589610450555,182.812286874023,262.812286874023,6,20,1,80,Return
685.971781656796,3315.90429421935,708.241580190019,184.216342710926,264.216342710926,6,20,1,80,Return
686.441938573627,3314.27485721973,707.893549929483,185.626813461419,265.626813461419,6,20,1,80,Return
686.914233795816,3312.64542022011,707.545519668948,187.043699127989,267.043699127989,6,20,1,80,Return
687.38866732254,3311.0159832205,707.197489408412,188.46699970816,268.46699970816,6,20,1,80,Return
687.772640284616,3309.38654622088,706.849459147876,189.618918594388,269.618918594388,6,20,1,80,Return
688.121367774556,3307.75710922126,706.501428887341,190.665101064209,270.665101064209,6,20,1,80,Return
688.470522925783,3306.12767222165,706.153398626805,191.712566517888,271.712566517888,6,20,1,80,Return
688.820105737702,3304.49823522203,705.80536836627,192.761314953645,272.761314953645,6,20,1,80,Return
689.170116210916,3302.86879822241,705.457338105734,193.811346373289,273.811346373289,6,20,1,80,Return
689.520554344814,3301.2393612228,705.109307845198,194.862660774981,274.862660774981,6,20,1,80,Return
689.855351021135,3299.60992422318,704.761277584663,195.867050803944,275.867050803944,6,20,1,80,Return
690.351567805538,3297.16576872376,704.239232193859,197.355701157154,277.355701157154,6,20,1,80,Return
690.849709064086,3294.72161322433,703.717186803056,198.850124932798,278.850124932798,6,20,1,80,Return
691.182872389233,3293.09217622472,703.36915654252,199.849614908239,279.849614908239,6,20,1,80,Return
691.516891036062,3291.4627392251,703.021126281984,200.851670848725,280.851670848725,6,20,1,80,Return
691.851765005167,3289.83330222548,702.673096021449,201.85629275604,281.85629275604,6,20,1,80,Return
692.187494295941,3288.20386522587,702.325065760913,202.863480628362,282.863480628362,6,20,1,80,Return
692.524078909004,3286.57442822625,701.977035500378,203.873234467552,283.873234467552,6,20,1,80,Return
692.861518843745,3284.94499122663,701.629005239842,204.885554271775,284.885554271775,6,20,1,80,Return
693.199814100766,3283.31555422702,701.280974979306,205.900440042837,285.900440042837,6,20,1,80,Return
693.541857028091,3281.6861172274,700.932944718771,206.926568824811,286.926568824811,6,20,1,80,Return
693.898095062584,3280.05668022778,700.584914458235,207.995282928292,287.995282928292,6,20,1,80,Return
694.254760757741,3278.42724322817,700.236884197699,209.065280013762,289.065280013761,6,20,1,80,Return
694.611854114221,3276.79780622855,699.888853937164,210.136560083203,290.136560083203,6,20,1,80,Return
694.969375131356,3275.16836922894,699.540823676628,211.209123134608,291.209123134608,6,20,1,80,Return
695.327323809808,3273.53893222932,699.192793416092,212.282969169962,292.282969169962,6,20,1,80,Return
695.685700148921,3271.9094952297,698.844763155557,213.358098187303,293.358098187303,6,20,1,80,Return
696.044504149359,3270.28005823009,698.496732895021,214.434510188615,294.434510188615,6,20,1,80,Return
696.403735810451,3268.65062123047,698.148702634486,215.512205171892,295.512205171892,6,20,1,80,Return
696.76339513286,3267.02118423085,697.80067237395,216.59118313912,296.59118313912,6,20,1,80,Return
697.123482115931,3265.39174723124,697.452642113414,217.671444088333,297.671444088333,6,20,1,80,Return
697.483996760325,3263.76231023162,697.104611852879,218.752988021516,298.752988021516,6,20,1,80,Return
697.844939065375,3262.132873232,696.756581592343,219.835814936664,299.835814936664,6,20,1,80,Return
698.206309031742,3260.50343623239,696.408551331807,220.919924835766,300.919924835766,6,20,1,80,Return
698.56810665877,3258.87399923277,696.060521071272,222.00531771685,302.00531771685,6,20,1,80,Return
698.930331947117,3257.24456223316,695.712490810736,223.091993581889,303.091993581889,6,20,1,80,Return
699.292984896128,3255.61512523354,695.3644605502,224.179952428924,304.179952428924,6,20,1,80,Return
699.822903102116,3253.17096973411,694.842415159397,225.769707046888,305.769707046888,6,20,1,80,Return
700.197658545702,3250.72681423469,694.320369768594,226.893973377647,306.893973377647,6,20,1,80,Return
700.573376226518,3248.28265873527,693.79832437779,228.021126420095,308.021126420095,6,20,1,80,Return
700.950056144329,3245.83850323584,693.276278986987,229.151166173527,309.151166173527,6,20,1,80,Return
701.327698299594,3243.39434773642,692.754233596183,230.284092639322,310.284092639322,6,20,1,80,Return
701.706302692088,3240.95019223699,692.23218820538,231.419905816804,311.419905816804,6,20,1,80,Return
702.085869321806,3238.50603673757,691.710142814576,232.558605705957,312.558605705957,6,20,1,80,Return
702.46639818852,3236.06188123814,691.188097423773,233.700192306101,313.700192306101,6,20,1,80,Return
702.847889292692,3233.61772573872,690.666052032969,234.844665618616,314.844665618616,6,20,1,80,Return
703.230342634088,3231.17357023929,690.144006642166,235.992025642805,315.992025642805,6,20,1,80,Return
703.613758212711,3228.72941473987,689.621961251363,237.142272378673,317.142272378673,6,20,1,80,Return
703.99813602833,3226.28525924044,689.099915860559,238.29540582553,318.29540582553,6,20,1,80,Return
704.40950018976,3223.84110374102,688.577870469756,239.529498309821,319.529498309821,6,20,1,80,Return
704.859151983595,3221.3969482416,688.055825078952,240.878453691326,320.878453691326,6,20,1,80,Return
705.304954828528,3218.95279274217,687.533779688149,242.215862226125,322.215862226125,6,20,1,80,Return
705.746908724286,3216.50863724275,687.011734297345,243.541723913398,323.541723913398,6,20,1,80,Return
706.185013671407,3214.06448174332,686.489688906542,244.85603875476,324.85603875476,6,20,1,80,Return
706.61926966963,3211.6203262439,685.967643515738,246.158806749429,326.158806749429,6,20,1,80,Return
707.049676718941,3209.17617074447,685.445598124935,247.450027897361,327.450027897361,6,20,1,80,Return
707.476234819094,3206.73201524505,684.923552734131,248.729702197821,328.729702197821,6,20,1,80,Return
707.898943970596,3204.28785974562,684.401507343328,249.997829652328,329.997829652328,6,20,1,80,Return
708.317804173192,3201.8437042462,683.879461952524,251.254410260117,331.254410260117,6,20,1,80,Return
708.732815426898,3199.39954874677,683.357416561721,252.499444021235,332.499444021235,6,20,1,80,Return
709.143977731427,3196.95539324735,682.835371170918,253.732930934821,333.732930934821,6,20,1,80,Return
709.593617544991,3194.51123774792,682.313325780114,255.081850375512,335.081850375512,6,20,1,80,Return
710.063820055063,3192.0670822485,681.791280389311,256.492457905728,336.492457905728,6,20,1,80,Return
710.536909276798,3189.62292674908,681.269234998507,257.911725570934,337.911725570934,6,20,1,80,Return
711.012885209916,3187.17877124965,680.747189607704,259.339653370289,339.339653370289,6,20,1,80,Return
711.491747855021,3184.73461575023,680.2251442169,260.776241305603,340.776241305603,6,20,1,80,Return
711.973497211792,3182.2904602508,679.703098826097,262.221489375916,342.221489375916,6,20,1,80,Return
712.458133280242,3179.84630475138,679.181053435293,263.675397581267,343.675397581267,6,20,1,80,Return
712.945656060081,3177.40214925195,678.65900804449,265.137965920782,345.137965920782,6,20,1,80,Return
713.436065551888,3174.95799375253,678.136962653687,266.609194396203,346.609194396203,6,20,1,80,Return
713.929361755374,3172.5138382531,677.614917262883,268.08908300666,348.08908300666,6,20,1,80,Return
714.425544670544,3170.06968275368,677.09287187208,269.577631752172,349.577631752172,6,20,1,80,Return
714.924614297085,3167.62552725425,676.570826481276,271.074840631793,351.074840631793,6,20,1,80,Return
715.233089236784,3165.18137175483,676.048781090473,272.000265450891,352.000265450891,6,20,1,80,Return
715.540939876367,3162.73721625541,675.526735699669,272.923817369641,352.923817369641,6,20,1,80,Return
715.848790515946,3160.29306075598,675.004690308866,273.847369288378,353.847369288378,6,20,1,80,Return
716.156641155525,3157.84890525656,674.482644918062,274.770921207116,354.770921207116,6,20,1,80,Return
716.46560578485,3155.40474975713,673.960599527259,275.697815095091,355.697815095091,6,20,1,80,Return
716.775658283578,3152.96059425771,673.438554136455,276.627972591275,356.627972591275,6,20,1,80,Return
717.082824070627,3150.51643875828,672.916508745652,277.54946995242,357.54946995242,6,20,1,80,Return
717.387103146,3148.07228325886,672.394463354849,278.462307178541,358.462307178541,6,20,1,80,Return
717.688495509507,3145.62812775943,671.872417964045,279.366484269061,359.366484269061,6,20,1,80,Return
717.98700116152,3143.18397226001,671.350372573242,280.262001225098,360.262001225098,6,20,1,80,Return
718.28262010186,3140.73981676058,670.828327182438,281.14885804612,361.14885804612,6,20,1,80,Return
718.5497008663,3138.29566126116,670.306281791635,281.95010033944,361.95010033944,6,20,1,80,Return
718.955517106569,3133.40735026231,669.262191010028,283.167549060247,363.167549060247,6,20,1,80,Return
719.349786500243,3128.51903926346,668.218100228421,284.350357241267,364.350357241267,6,20,1,80,Return
719.732509047089,3123.63072826461,667.174009446814,285.498524881808,365.498524881808,6,20,1,80,Return
720.10368474735,3118.74241726576,666.129918665207,286.612051982591,366.612051982591,6,20,1,80,Return
720.463313600777,3113.85410626691,665.0858278836,287.690938542871,367.690938542871,6,20,1,80,Return
720.796551653705,3108.96579526806,664.041737101993,288.527640223388,368.527640223388,6,20,1,80,Return
721.129789706632,3104.07748426922,662.997646320386,288.871779153789,368.871779153789,6,20,1,80,Return
721.463027759559,3099.18917327037,661.953555538779,289.215918084343,369.215918084343,6,20,1,80,Return
721.796265812486,3094.30086227152,660.909464757173,289.56005701468,369.56005701468,6,20,1,80,Return
722.129503865413,3089.41255127267,659.865373975566,289.904195945235,369.904195945235,6,20,1,80,Return
722.46274191834,3084.52424027382,658.821283193959,290.248334875636,370.248334875636,6,20,1,80,Return
722.795979971268,3079.63592927497,657.777192412352,290.213615716691,370.213615716691,6,20,1,80,Return
723.129218024195,3074.74761827612,656.733101630745,289.755533956044,369.755533956044,6,20,1,80,Return
723.462456077122,3069.85930727727,655.689010849138,289.343639582153,369.343639582153,6,20,1,80,Return
723.795694130049,3064.97099627842,654.644920067531,288.977932595156,368.977932595156,6,20,1,80,Return
724.128932182976,3060.08268527957,653.600829285924,288.658412994972,368.658412994972,6,20,1,80,Return
724.462170235904,3055.19437428072,652.556738504317,288.385080781703,368.385080781703,6,20,1,80,Return
724.795408288831,3050.30606328187,651.51264772271,288.070551864274,368.070551864274,6,20,1,80,Return
725.128646341758,3045.41775228303,650.468556941103,287.671014932431,367.671014932431,6,20,1,80,Return
725.461884394685,3040.52944128418,649.424466159497,287.22529061364,367.22529061364,6,20,1,80,Return
725.795122447612,3035.64113028533,648.38037537789,286.733378908073,366.733378908073,6,20,1,80,Return
726.12836050054,3030.75281928648,647.336284596283,286.195279815579,366.195279815579,6,20,1,80,Return
726.461598553467,3025.86450828763,646.292193814676,285.610993336367,365.610993336367,6,20,1,80,Return
726.794836606394,3020.97619728878,645.248103033069,285.36861575453,365.36861575453,6,20,1,80,Return
727.128074659321,3016.08788628993,644.204012251462,285.204918747038,365.204918747038,6,20,1,80,Return
727.461312712248,3011.19957529108,643.159921469855,284.997197918318,364.997197918318,6,20,1,80,Return
727.794550765175,3006.31126429223,642.115830688248,284.84242132615,364.84242132615,6,20,1,80,Return
728.127788818103,3001.42295329338,641.071739906641,284.641457347064,364.641457347064,6,20,1,80,Return
728.46102687103,2996.53464229453,640.027649125034,284.394305981208,364.394305981208,6,20,1,80,Return
728.794264923957,2991.64633129568,638.983558343427,283.966759341423,363.966759341423,6,20,1,80,Return
729.127502976884,2986.75802029684,637.93946756182,283.490479060376,363.490479060376,6,20,1,80,Return
729.460741029811,2981.86970929799,636.895376780214,282.979558239203,362.979558239203,6,20,1,80,Return
729.793979082739,2976.98139829914,635.851285998607,282.433996877979,362.433996877979,6,20,1,80,Return
730.127217135666,2972.09308730029,634.807195217,281.853794976426,361.853794976426,6,20,1,80,Return
730.460455188593,2967.20477630144,633.763104435393,281.287006730552,361.287006730552,6,20,1,80,Return
730.79369324152,2962.31646530259,632.719013653786,281.434261047173,361.434261047173,6,20,1,80,Return
731.126931294447,2957.42815430374,631.674922872179,281.535327976679,361.535327976679,6,20,1,80,Return
731.460169347375,2952.53984330489,630.630832090572,281.590207519592,361.590207519592,6,20,1,80,Return
731.793407400302,2947.65153230604,629.586741308965,281.598899675538,361.598899675538,6,20,1,80,Return
732.126645453229,2942.76322130719,628.542650527358,281.561404444593,361.561404444593,6,20,1,80,Return
732.459883506156,2937.87491030834,627.498559745751,281.389136659219,361.389136659219,6,20,1,80,Return
732.793121559083,2932.98659930949,626.454468964145,280.889372061171,360.889372061171,6,20,1,80,Return
733.12635961201,2928.09828831065,625.410378182538,280.424248003124,360.424248003124,6,20,1,80,Return
733.459597664938,2923.2099773118,624.366287400931,279.993764485353,359.993764485353,6,20,1,80,Return
733.792835717865,2918.32166631295,623.322196619324,279.597921507723,359.597921507723,6,20,1,80,Return
734.126073770792,2913.4333553141,622.278105837717,279.236719070223,359.236719070223,6,20,1,80,Return
734.459311823719,2908.54504431525,621.23401505611,278.565616369421,358.565616369421,6,20,1,80,Return
734.886002906529,2903.6567333164,620.189924274503,277.285543120991,357.285543120991,6,20,1,80,Return
735.320391887052,2898.76842231755,619.145833492896,275.982376179421,355.982376179421,6,20,1,80,Return
735.762478765525,2893.8801113187,618.101742711289,274.656115544003,354.656115544003,6,20,1,80,Return
736.212263541663,2888.99180031985,617.057651929682,273.306761215588,353.306761215588,6,20,1,80,Return
736.669746215706,2884.103489321,616.013561148075,271.934313193461,351.934313193461,6,20,1,80,Return
737.002984268633,2879.21517832215,614.969470366469,271.124060163447,351.124060163447,6,20,1,80,Return
737.33622232156,2874.32686732331,613.925379584862,270.87739365113,350.87739365113,6,20,1,80,Return
737.669460374487,2869.43855632446,612.881288803255,270.653820832238,350.653820832238,6,20,1,80,Return
738.002698427415,2864.55024532561,611.837198021648,270.529924402293,350.529924402293,6,20,1,80,Return
738.335936480342,2859.66193432676,610.793107240041,270.549767906319,350.549767906319,6,20,1,80,Return
738.669174533269,2854.77362332791,609.749016458434,270.604251950422,350.604251950422,6,20,1,80,Return
739.002412586196,2849.88531232906,608.704925676827,270.982819660361,350.982819660361,6,20,1,80,Return
739.335650639123,2844.99700133021,607.66083489522,271.502432637375,351.502432637375,6,20,1,80,Return
739.66888869205,2840.10869033136,606.616744113613,272.010498767876,352.010498767876,6,20,1,80,Return
740.002126744978,2835.22037933251,605.572653332006,272.507018051412,352.507018051412,6,20,1,80,Return
740.335364797905,2830.33206833366,604.5285625504,272.991990488487,352.991990488487,6,20,1,80,Return
740.668602850832,2825.44375733481,603.484471768793,273.465416078659,353.465416078659,6,20,1,80,Return
741.001840903759,2820.55544633596,602.440380987186,273.920675284644,353.920675284644,6,20,1,80,Return
741.335078956686,2815.66713533711,601.396290205579,274.394404445886,354.394404445886,6,20,1,80,Return
741.668317009614,2810.77882433827,600.352199423972,274.8912273008,354.8912273008,6,20,1,80,Return
742.001555062541,2805.89051333942,599.308108642365,275.411143848942,355.411143848942,6,20,1,80,Return
742.334793115468,2801.00220234057,598.264017860758,275.954154090661,355.954154090661,6,20,1,80,Return
742.668031168395,2796.11389134172,597.219927079151,276.520258025649,356.520258025649,6,20,1,80,Return
743.001269221322,2791.22558034287,596.175836297544,277.036575460434,357.036575460434,6,20,1,80,Return
743.33450727425,2786.33726934402,595.131745515937,277.607824016814,357.607824016814,6,20,1,80,Return
743.667745327177,2781.44895834517,594.08765473433,278.236806806972,358.236806806972,6,20,1,80,Return
744.000983380104,2776.56064734632,593.043563952724,278.923523830486,358.923523830486,6,20,1,80,Return
744.334221433031,2771.67233634747,591.999473171117,279.667975087785,359.667975087785,6,20,1,80,Return
744.667459485958,2766.78402534862,590.95538238951,280.363655434164,360.363655434164,6,20,1,80,Return
745.000697538885,2761.89571434977,589.911291607903,280.306905256864,360.306905256864,6,20,1,80,Return
745.333935591813,2757.00740335092,588.867200826296,280.23860823291,360.23860823291,6,20,1,80,Return
745.66717364474,2752.11909235208,587.823110044689,280.158764362184,360.158764362184,6,20,1,80,Return
746.000411697667,2747.23078135323,586.779019263082,280.067373644787,360.067373644787,6,20,1,80,Return
746.333649750594,2742.34247035438,585.734928481475,279.964436080652,359.964436080652,6,20,1,80,Return
746.666887803521,2737.45415935553,584.690837699868,279.621641925463,359.621641925463,6,20,1,80,Return
747.000125856449,2732.56584835668,583.646746918261,278.651862019894,358.651862019894,6,20,1,80,Return
747.333363909376,2727.67753735783,582.602656136654,277.658988421202,357.658988421202,6,20,1,80,Return
747.672019673515,2722.78922635898,581.558565355048,276.643021128784,356.643021128784,6,20,1,80,Return
748.094154626379,2717.90091536013,580.514474573441,275.376616270193,355.376616270193,6,20,1,80,Return
748.537425979091,2713.01260436128,579.470383791834,274.046802212057,354.046802212057,6,20,1,80,Return
748.925459644032,2708.12429336243,578.426293010227,272.882701217234,352.882701217234,6,20,1,80,Return
749.258697696959,2703.23598236358,577.38220222862,271.967836090766,351.967836090766,6,20,1,80,Return
749.591935749886,2698.34767136474,576.338111447013,271.087611504617,351.087611504617,6,20,1,80,Return
749.925173802813,2693.45936036589,575.294020665406,270.24202745833,350.24202745833,6,20,1,80,Return
750.25841185574,2688.57104936704,574.249929883799,269.431083952452,349.431083952452,6,20,1,80,Return
750.591649908668,2683.68273836819,573.205839102192,268.654780986538,348.654780986538,6,20,1,80,Return
750.924887961595,2678.79442736934,572.161748320585,268.040888391775,348.040888391775,6,20,1,80,Return
751.258126014522,2673.90611637049,571.117657538979,267.564694861293,347.564694861293,6,20,1,80,Return
751.591364067449,2669.01780537164,570.073566757372,267.134688717741,347.134688717741,6,20,1,80,Return
751.924602120376,2664.12949437279,569.029475975765,266.750869960908,346.750869960908,6,20,1,80,Return
752.257840173304,2659.24118337394,567.985385194158,266.413238591045,346.413238591045,6,20,1,80,Return
752.591078226231,2654.35287237509,566.941294412551,266.12179460796,346.12179460796,6,20,1,80,Return
752.924316279158,2649.46456137624,565.897203630944,266.250247592666,346.250247592666,6,20,1,80,Return
753.257554332085,2644.57625037739,564.853112849337,266.524693630371,346.524693630371,6,20,1,80,Return
753.590792385012,2639.68793937855,563.80902206773,266.799139667974,346.799139667974,6,20,1,80,Return
753.924030437939,2634.7996283797,562.764931286123,267.073585705679,347.073585705679,6,20,1,80,Return
754.257268490867,2629.91131738085,561.720840504516,267.348031743256,347.348031743256,6,20,1,80,Return
754.590506543794,2625.023006382,560.676749722909,267.622477780961,347.622477780961,6,20,1,80,Return
754.923744596721,2620.13469538315,559.632658941302,268.197700095127,348.197700095127,6,20,1,80,Return
755.256982649648,2615.2463843843,558.588568159696,268.814122296549,348.814122296549,6,20,1,80,Return
755.590220702575,2610.35807338545,557.544477378089,269.430544497792,349.430544497792,6,20,1,80,Return
755.923458755503,2605.4697623866,556.500386596482,270.046966699239,350.046966699239,6,20,1,80,Return
756.25669680843,2600.58145138775,555.456295814875,270.663388900457,350.663388900457,6,20,1,80,Return
756.589934861357,2595.6931403889,554.412205033268,271.269842713469,351.269842713469,6,20,1,80,Return
756.923172914284,2590.80482939005,553.368114251661,271.56043535454,351.56043535454,6,20,1,80,Return
757.256410967211,2585.9165183912,552.324023470054,271.839481148977,351.839481148977,6,20,1,80,Return
757.589649020138,2581.02820739236,551.279932688447,272.106980096729,352.106980096729,6,20,1,80,Return
757.922887073066,2576.13989639351,550.23584190684,272.345496809558,352.345496809558,6,20,1,80,Return
758.256125125993,2571.25158539466,549.191751125233,272.488606874807,352.488606874807,6,20,1,80,Return
758.58936317892,2566.36327439581,548.147660343627,272.591205506142,352.591205506142,6,20,1,80,Return
758.922601231847,2561.47496339696,547.10356956202,272.559603209987,352.559603209987,6,20,1,80,Return
759.255839284774,2556.58665239811,546.059478780413,272.528000913704,352.528000913704,6,20,1,80,Return
759.589077337702,2551.69834139926,545.015387998806,272.49639861755,352.49639861755,6,20,1,80,Return
759.922315390629,2546.81003040041,543.971297217199,272.464796321344,352.464796321344,6,20,1,80,Return
760.255553443556,2541.92171940156,542.927206435592,272.433194025112,352.433194025112,6,20,1,80,Return
760.588791496483,2537.03340840271,541.883115653985,272.287220670054,352.287220670054,6,20,1,80,Return
760.92202954941,2532.14509740386,540.839024872378,271.913642210183,351.913642210183,6,20,1,80,Return
761.255267602338,2527.25678640501,539.794934090771,271.540063750363,351.540063750363,6,20,1,80,Return
761.588505655265,2522.36847540617,538.750843309164,271.166485290415,351.166485290415,6,20,1,80,Return
761.921743708192,2517.48016440732,537.706752527557,270.792906830594,350.792906830594,6,20,1,80,Return
762.254981761119,2512.59185340847,536.662661745951,270.419328370723,350.419328370723,6,20,1,80,Return
762.588219814046,2507.70354240962,535.618570964344,269.959065757245,349.959065757245,6,20,1,80,Return
762.921457866973,2502.81523141077,534.574480182737,269.424314030372,349.424314030372,6,20,1,80,Return
763.254695919901,2497.92692041192,533.53038940113,268.912655997021,348.912655997021,6,20,1,80,Return
763.587933972828,2493.03860941307,532.486298619523,268.424091656933,348.424091656933,6,20,1,80,Return
763.921172025755,2488.15029841422,531.442207837916,267.958621010426,347.958621010426,6,20,1,80,Return
764.254410078682,2483.26198741537,530.398117056309,267.516244057251,347.516244057251,6,20,1,80,Return
764.587648131609,2478.37367641652,529.354026274702,267.349818053581,347.349818053581,6,20,1,80,Return
764.920886184537,2473.48536541767,528.309935493095,267.340675267197,347.340675267197,6,20,1,80,Return
765.254124237464,2468.59705441882,527.265844711488,267.343079327487,347.343079327487,6,20,1,80,Return
765.587362290391,2463.70874341998,526.221753929882,267.357030234483,347.357030234483,6,20,1,80,Return
765.920600343318,2458.82043242113,525.177663148275,267.382527988195,347.382527988195,6,20,1,80,Return
766.253838396245,2453.93212142228,524.133572366668,267.41957258866,347.41957258866,6,20,1,80,Return
766.587076449173,2449.04381042343,523.089481585061,267.333193033371,347.333193033371,6,20,1,80,Return
766.9203145021,2444.15549942458,522.045390803454,267.222343245407,347.222343245407,6,20,1,80,Return
767.253552555027,2439.26718842573,521.001300021847,267.123040304159,347.123040304159,6,20,1,80,Return
767.586790607954,2434.37887742688,519.95720924024,267.035284209619,347.035284209619,6,20,1,80,Return
767.920028660881,2429.49056642803,518.913118458633,267.04609806116,347.04609806116,6,20,1,80,Return
768.253266713808,2424.60225542918,517.869027677026,267.155996424831,347.155996424831,6,20,1,80,Return
768.586504766736,2419.71394443033,516.824936895419,267.433665560661,347.433665560661,6,20,1,80,Return
768.919742819663,2414.82563343148,515.780846113812,267.731910249884,347.731910249884,6,20,1,80,Return
769.25298087259,2409.93732243263,514.736755332205,268.041701785721,348.041701785721,6,20,1,80,Return
769.586218925517,2405.04901143379,513.692664550598,268.363040168328,348.363040168328,6,20,1,80,Return
769.919456978444,2400.16070043494,512.648573768992,268.695925397635,348.695925397635,6,20,1,80,Return
770.252695031372,2395.27238943609,511.604482987385,269.107433800174,349.107433800174,6,20,1,80,Return
770.606404219738,2390.38407843724,510.560392205778,270.168561365274,350.168561365274,6,20,1,80,Return
770.952415510404,2385.49576743839,509.516301424171,271.206595237271,351.206595237271,6,20,1,80,Return
771.290728903155,2380.60745643954,508.472210642564,272.221535415526,352.221535415526,6,20,1,80,Return
771.623966956082,2375.71914544069,507.428119860957,273.213381900629,353.213381900629,6,20,1,80,Return
771.95720500901,2370.83083444184,506.38402907935,274.182134692073,354.182134692073,6,20,1,80,Return
772.290443061937,2365.94252344299,505.339938297743,275.124260978272,355.124260978272,6,20,1,80,Return
772.623681114864,2361.05421244414,504.295847516136,276.046731513288,356.046731513288,6,20,1,80,Return
772.956919167791,2356.16590144529,503.251756734529,276.969202048586,356.969202048586,6,20,1,80,Return
773.290157220718,2351.27759044645,502.207665952923,277.891672583603,357.891672583603,6,20,1,80,Return
773.623395273646,2346.3892794476,501.163575171316,278.814143118875,358.814143118875,6,20,1,80,Return
773.956633326573,2341.50096844875,500.119484389709,279.736613653892,359.736613653892,6,20,1,80,Return
774.30202022623,2336.6126574499,499.075393608102,280.772774352863,360.772774352863,6,20,1,80,Return
774.699856737466,2331.72434645105,498.031302826495,281.966283886571,361.966283886571,6,20,1,80,Return
775.089995351007,2326.8360354522,496.987212044888,283.136699727194,363.136699727194,6,20,1,80,Return
775.472436066632,2321.94772445335,495.943121263281,284.28402187407,364.28402187407,6,20,1,80,Return
775.847178884555,2317.0594134545,494.899030481674,285.408250327839,365.408250327839,6,20,1,80,Return
776.214223804561,2312.17110245565,493.854939700067,286.509385087858,366.509385087858,6,20,1,80,Return
776.591942334598,2307.2827914568,492.81084891846,287.642540677968,367.642540677968,6,20,1,80,Return
776.986078045087,2302.39448045795,491.766758136853,288.824947809436,368.824947809436,6,20,1,80,Return
777.384062704598,2297.5061694591,490.722667355247,290.018901787968,370.018901787968,6,20,1,80,Return
777.785896313015,2292.61785846025,489.67857657364,291.22440261322,371.22440261322,6,20,1,80,Return
778.191578870216,2287.72954746141,488.634485792033,292.441450284822,372.441450284822,6,20,1,80,Return
778.653969670384,2282.84123646256,487.590395010426,293.828622685328,373.828622685328,6,20,1,80,Return
778.911022882114,2280.39708096313,487.068349619622,294.599782320517,374.599782320517,6,20,1,80,Return
779.20332780809,2277.95292546371,486.546304228819,295.476697098445,375.476697098445,6,20,1,80,Return
779.496594971266,2275.50876996428,486.024258838015,296.356498587973,376.356498587973,6,20,1,80,Return
779.790824371695,2273.06461446486,485.502213447212,297.239186789259,377.239186789259,6,20,1,80,Return
780.086016009194,2270.62045896543,484.980168056409,298.124761701757,378.124761701757,6,20,1,80,Return
780.382169884048,2268.17630346601,484.458122665605,299.013223326318,379.013223326318,6,20,1,80,Return
780.679285996155,2265.73214796658,483.936077274802,299.904571662639,379.904571662639,6,20,1,80,Return
780.977364345488,2263.28799246716,483.414031883998,300.79880671064,380.79880671064,6,20,1,80,Return
781.276404931863,2260.84383696774,482.891986493195,301.695928469765,381.695928469765,6,20,1,80,Return
781.576407755649,2258.39968146831,482.369941102391,302.595936941122,382.595936941122,6,20,1,80,Return
781.877372816661,2255.95552596889,481.847895711588,303.498832124159,383.498832124159,6,20,1,80,Return
782.17930011487,2253.51137046946,481.325850320784,304.404614018785,384.404614018785,6,20,1,80,Return
782.553065342634,2248.62305947061,480.281759539178,305.525909702078,385.525909702078,6,20,1,80,Return
782.886303395561,2243.73474847176,479.237668757571,306.504160365702,386.504160365702,6,20,1,80,Return
783.219541448489,2238.84643747291,478.193577975964,307.459317335592,387.459317335592,6,20,1,80,Return
783.552779501416,2233.95812647407,477.149487194357,308.39138061228,388.39138061228,6,20,1,80,Return
783.886017554343,2229.06981547522,476.10539641275,309.300350195396,389.300350195396,6,20,1,80,Return
784.21925560727,2224.18150447637,475.061305631143,310.185696606023,390.185696606023,6,20,1,80,Return
784.552493660197,2219.29319347752,474.017214849536,310.857481612496,390.857481612496,6,20,1,80,Return
784.885731713125,2214.40488247867,472.973124067929,311.552360312615,391.552360312615,6,20,1,80,Return
785.218969766052,2209.51657147982,471.929033286322,312.270332705934,392.270332705934,6,20,1,80,Return
785.552207818979,2204.62826048097,470.884942504715,313.011398792832,393.011398792832,6,20,1,80,Return
785.885445871906,2199.73994948212,469.840851723108,313.775558573077,393.775558573077,6,20,1,80,Return
786.218683924833,2194.85163848327,468.796760941502,314.608163261654,394.608163261654,6,20,1,80,Return
786.582449208176,2189.96332748442,467.752670159895,315.699459111681,395.699459111681,6,20,1,80,Return
786.946214491633,2185.07501648557,466.708579378288,316.790754962053,396.790754962053,6,20,1,80,Return
787.309979774975,2180.18670548672,465.664488596681,317.88205081208,397.88205081208,6,20,1,80,Return
787.673745058403,2175.29839448788,464.620397815074,318.973346662362,398.973346662362,6,20,1,80,Return
788.037510341775,2170.41008348903,463.576307033467,320.064642512479,400.064642512479,6,20,1,80,Return
788.370748394702,2165.52177249018,462.53221625186,321.034866525274,401.034866525274,6,20,1,80,Return
788.703986447629,2160.63346149133,461.488125470253,321.745257645026,401.745257645026,6,20,1,80,Return
789.037224500556,2155.74515049248,460.444034688646,322.478742458342,402.478742458342,6,20,1,80,Return
789.370462553484,2150.85683949363,459.399943907039,323.235320965042,403.235320965042,6,20,1,80,Return
789.703700606411,2145.96852849478,458.355853125432,324.014993165212,404.014993165212,6,20,1,80,Return
790.036938659338,2141.08021749593,457.311762343826,324.820793628493,404.820793628493,6,20,1,80,Return
790.370176712265,2136.19190649708,456.267671562219,325.245590719653,405.245590719653,6,20,1,80,Return
790.703414765192,2131.30359549823,455.223580780612,325.207500123061,405.207500123061,6,20,1,80,Return
791.03665281812,2126.41528449938,454.179489999005,325.169409526366,405.169409526366,6,20,1,80,Return
791.369890871047,2121.52697350053,453.135399217398,325.131318929889,405.131318929889,6,20,1,80,Return
791.703128923974,2116.63866250169,452.091308435791,325.093228333194,405.093228333194,6,20,1,80,Return
792.036366976901,2111.75035150284,451.047217654184,325.055137736602,405.055137736602,6,20,1,80,Return
792.369605029828,2106.86204050399,450.003126872577,324.443724003398,404.443724003398,6,20,1,80,Return
792.702843082755,2101.97372950514,448.95903609097,323.482840418352,403.482840418352,6,20,1,80,Return
793.036081135683,2097.08541850629,447.914945309363,322.545050526346,402.545050526346,6,20,1,80,Return
793.36931918861,2092.19710750744,446.870854527756,321.630354328271,401.630354328271,6,20,1,80,Return
793.702557241537,2087.30879650859,445.82676374615,320.738751823117,400.738751823117,6,20,1,80,Return
794.035795294464,2082.42048550974,444.782672964543,319.870243011755,399.870243011755,6,20,1,80,Return
794.447665555467,2077.53217451089,443.738582182936,318.634632228747,398.634632228747,6,20,1,80,Return
794.892760778804,2072.64386351204,442.694491401329,317.299346558734,397.299346558734,6,20,1,80,Return
795.330158104506,2067.75555251319,441.650400619722,315.98715458163,395.98715458163,6,20,1,80,Return
795.759857532177,2062.86724151434,440.606309838115,314.698056298616,394.698056298616,6,20,1,80,Return
796.18185906226,2057.9789305155,439.562219056508,313.432051708366,393.432051708366,6,20,1,80,Return
796.596162694368,2053.09061951665,438.518128274901,312.189140812042,392.189140812042,6,20,1,80,Return
796.964404011269,2048.2023085178,437.474037493294,311.084416861341,391.084416861341,6,20,1,80,Return
797.339660714791,2043.31399751895,436.429946711687,309.958646750775,389.958646750775,6,20,1,80,Return
797.726464265231,2038.4256865201,435.38585593008,308.798236099453,388.798236099453,6,20,1,80,Return
798.124814662227,2033.53737552125,434.341765148474,307.603184908466,387.603184908466,6,20,1,80,Return
798.534711906046,2028.6490645224,433.297674366867,306.373493177008,386.373493177008,6,20,1,80,Return
798.945485811698,2023.76075352355,432.25358358526,305.141171460052,385.141171460052,6,20,1,80,Return
799.278723864625,2018.8724425247,431.209492803653,304.379636222289,384.379636222289,6,20,1,80,Return
799.611961917552,2013.98413152585,430.165402022046,303.652741525128,383.652741525128,6,20,1,80,Return
799.94519997048,2009.095820527,429.121311240439,302.960487367641,382.960487367641,6,20,1,80,Return
800.278438023407,2004.20750952815,428.077220458832,302.302873750292,382.302873750292,6,20,1,80,Return
800.611676076334,1999.31919852931,427.033129677225,301.679900673551,381.679900673551,6,20,1,80,Return
800.944914129261,1994.43088753046,425.989038895618,301.323589787647,381.323589787647,6,20,1,80,Return
801.278152182188,1989.54257653161,424.944948114011,301.692368326028,381.692368326028,6,20,1,80,Return
801.611390235116,1984.65426553276,423.900857332405,302.095787404705,382.095787404705,6,20,1,80,Return
801.944628288043,1979.76595453391,422.856766550798,302.533847023352,382.533847023352,6,20,1,80,Return
802.27786634097,1974.87764353506,421.812675769191,303.006547182099,383.006547182099,6,20,1,80,Return
802.611104393897,1969.98933253621,420.768584987584,303.513887881232,383.513887881232,6,20,1,80,Return
802.944342446824,1965.10102153736,419.724494205977,304.090222802237,384.090222802237,6,20,1,80,Return
803.277580499751,1960.21271053851,418.68040342437,304.744606845249,384.744606845249,6,20,1,80,Return
803.610818552679,1955.32439953966,417.636312642763,305.410537734985,385.410537734985,6,20,1,80,Return
803.944056605606,1950.43608854081,416.592221861156,306.088015471656,386.088015471656,6,20,1,80,Return
804.277294658533,1945.54777754196,415.548131079549,306.77704005482,386.77704005482,6,20,1,80,Return
804.61053271146,1940.65946654312,414.504040297942,307.477611484676,387.477611484676,6,20,1,80,Return
804.943770764387,1935.77115554427,413.459949516335,307.872915198287,387.872915198287,6,20,1,80,Return
805.277008817315,1930.88284454542,412.415858734729,307.9947569206,387.9947569206,6,20,1,80,Return
805.610246870242,1925.99453354657,411.371767953122,308.139692336177,388.139692336177,6,20,1,80,Return
805.943484923169,1921.10622254772,410.327677171515,308.307721445588,388.307721445588,6,20,1,80,Return
806.276722976096,1916.21791154887,409.283586389908,308.498844248016,388.498844248016,6,20,1,80,Return
806.609961029023,1911.32960055002,408.239495608301,308.713060744013,388.713060744013,6,20,1,80,Return
806.943199081951,1906.44128955117,407.195404826694,308.672764581687,388.672764581687,6,20,1,80,Return
807.276437134878,1901.55297855232,406.151314045087,308.451630023557,388.451630023557,6,20,1,80,Return
807.609675187805,1896.66466755347,405.10722326348,308.172761231601,388.172761231601,6,20,1,80,Return
807.942913240732,1891.77635655462,404.063132481873,307.836158206601,387.836158206601,6,20,1,80,Return
808.276151293659,1886.88804555578,403.019041700266,307.441820947516,387.441820947516,6,20,1,80,Return
808.609389346586,1881.99973455693,401.974950918659,306.989749455176,386.989749455176,6,20,1,80,Return
808.942627399514,1877.11142355808,400.930860137052,307.628606046904,387.628606046904,6,20,1,80,Return
809.275865452441,1872.22311255923,399.886769355446,308.51082321855,388.51082321855,6,20,1,80,Return
809.609103505368,1867.33480156038,398.842678573839,309.393040390299,389.393040390299,6,20,1,80,Return
809.942341558295,1862.44649056153,397.798587792232,310.275257561945,390.275257561945,6,20,1,80,Return
810.275579611222,1857.55817956268,396.754497010625,311.157474733898,391.157474733898,6,20,1,80,Return
810.60881766415,1852.66986856383,395.710406229018,312.000361835111,392.000361835111,6,20,1,80,Return
811.069604489713,1847.78155756498,394.666315447411,310.618001358419,390.618001358419,6,20,1,80,Return
811.542907373361,1842.89324656613,393.622224665804,309.198092707475,389.198092707475,6,20,1,80,Return
812.012361308272,1838.00493556728,392.578133884197,307.789730902745,387.789730902745,6,20,1,80,Return
812.477966294126,1833.11662456843,391.53404310259,306.39291594518,386.39291594518,6,20,1,80,Return
812.939722331212,1828.22831356959,390.489952320983,305.007647833922,385.007647833922,6,20,1,80,Return
813.423283477989,1823.34000257074,389.445861539376,303.556964393593,383.556964393593,6,20,1,80,Return
813.751861935769,1820.89584707131,388.923816148573,302.571229020253,382.571229020253,6,20,1,80,Return
814.077553681889,1818.45169157189,388.40177075777,301.594153781892,381.594153781892,6,20,1,80,Return
814.400358716312,1816.00753607246,387.879725366966,300.625738678624,380.625738678624,6,20,1,80,Return
814.720277038847,1813.56338057304,387.357679976163,299.665983711016,379.665983711016,6,20,1,80,Return
815.037308649935,1811.11922507361,386.835634585359,298.714888877753,378.714888877753,6,20,1,80,Return
815.351453549322,1808.67506957419,386.313589194556,297.772454179592,377.772454179592,6,20,1,80,Return
815.66271173703,1806.23091407476,385.791543803752,296.838679616469,376.838679616469,6,20,1,80,Return
815.97108321288,1803.78675857534,385.269498412949,295.913565188918,375.913565188918,6,20,1,80,Return
816.276567977231,1801.34260307591,384.747453022145,294.997110895864,374.997110895864,6,20,1,80,Return
816.579166029903,1798.89844757649,384.225407631342,294.089316737848,374.089316737848,6,20,1,80,Return
816.878877370925,1796.45429207707,383.703362240539,293.190182714782,373.190182714782,6,20,1,80,Return
817.09739455862,1794.01013657764,383.181316849735,292.534631151699,372.534631151699,6,20,1,80,Return
817.430632611547,1789.12182557879,382.137226068128,291.590709933383,371.590709933383,6,20,1,80,Return
817.763870664474,1784.23351457994,381.093135286521,290.623695022076,370.623695022076,6,20,1,80,Return
818.097108717402,1779.34520358109,380.049044504914,289.633586416907,369.633586416907,6,20,1,80,Return
818.434842816813,1774.45689258224,379.004953723307,288.620384118674,368.620384118674,6,20,1,80,Return
818.780274814152,1769.5685815834,377.960862941701,287.584088126656,367.584088126656,6,20,1,80,Return
819.118480029094,1764.68027058455,376.916772160094,286.569472481829,366.569472481829,6,20,1,80,Return
819.451718082021,1759.7919595857,375.872681378487,285.599679204367,365.599679204367,6,20,1,80,Return
819.784956134949,1754.90364858685,374.82859059688,284.618339080534,364.618339080534,6,20,1,80,Return
820.118194187876,1750.015337588,373.784499815273,283.625452109705,363.625452109705,6,20,1,80,Return
820.453005460294,1745.12702658915,372.740409033666,282.62101829245,362.62101829245,6,20,1,80,Return
820.791665681731,1740.2387155903,371.696318252059,281.605037628138,361.605037628138,6,20,1,80,Return
821.124903734658,1735.35040459145,370.652227470452,280.838170498943,360.838170498943,6,20,1,80,Return
821.458141787586,1730.4620935926,369.608136688845,280.266496460298,360.266496460298,6,20,1,80,Return
821.791379840513,1725.57378259375,368.564045907238,279.706369268367,359.706369268367,6,20,1,80,Return
822.12461789344,1720.6854715949,367.519955125631,279.157788923415,359.157788923415,6,20,1,80,Return
822.457855946367,1715.79716059605,366.475864344025,278.620755424909,358.620755424909,6,20,1,80,Return
822.791093999294,1710.90884959721,365.431773562418,278.095268773321,358.095268773321,6,20,1,80,Return
823.124332052221,1706.02053859836,364.387682780811,277.567337633561,357.567337633561,6,20,1,80,Return
823.457570105149,1701.13222759951,363.343591999204,277.0439136664,357.0439136664,6,20,1,80,Return
823.790808158076,1696.24391660066,362.299501217597,276.543583392462,356.543583392462,6,20,1,80,Return
824.124046211003,1691.35560560181,361.25541043599,276.066346812212,356.066346812212,6,20,1,80,Return
824.45728426393,1686.46729460296,360.211319654383,275.612203925129,355.612203925129,6,20,1,80,Return
824.790522316857,1681.57898360411,359.167228872776,275.181154731658,355.181154731658,6,20,1,80,Return
825.123760369785,1676.69067260526,358.123138091169,274.338922119076,354.338922119076,6,20,1,80,Return
825.456998422712,1671.80236160641,357.079047309562,273.419083863738,353.419083863738,6,20,1,80,Return
825.790236475639,1666.91405060756,356.034956527956,272.476151914572,352.476151914572,6,20,1,80,Return
826.123474528566,1662.02573960871,354.990865746349,271.51012627232,351.51012627232,6,20,1,80,Return
826.456712581493,1657.13742860986,353.946774964742,270.521006936362,350.521006936362,6,20,1,80,Return
826.798135818483,1652.24911761102,352.902684183135,269.496737225391,349.496737225391,6,20,1,80,Return
827.257230114008,1647.36080661217,351.858593401528,268.119454338818,348.119454338818,6,20,1,80,Return
827.724022307175,1642.47249561332,350.814502619921,266.719077759317,346.719077759317,6,20,1,80,Return
828.198512398316,1637.58418461447,349.770411838314,265.295607485892,345.295607485892,6,20,1,80,Return
828.680700387112,1632.69587361562,348.726321056707,263.849043519504,343.849043519504,6,20,1,80,Return
829.17058627386,1627.80756261677,347.6822302751,262.379385859261,342.379385859261,6,20,1,80,Return
829.418415928766,1625.36340711735,347.160184884297,261.635896894542,341.635896894542,6,20,1,80,Return
829.713229220599,1622.91925161792,346.638139493493,260.751457019045,340.751457019045,6,20,1,80,Return
830.083471632694,1620.4750961185,346.11609410269,259.64072978276,339.64072978276,6,20,1,80,Return
830.452751807572,1618.03094061907,345.594048711886,258.532889258126,338.532889258126,6,20,1,80,Return
830.821069744987,1615.58678511965,345.072003321083,257.427935445882,337.427935445882,6,20,1,80,Return
831.188425445403,1613.14262962022,344.54995793028,256.325868344633,336.325868344633,6,20,1,80,Return
831.554818908603,1610.6984741208,344.027912539476,255.226687955032,335.226687955032,6,20,1,80,Return
831.920250134567,1608.25431862137,343.505867148673,254.130394277141,334.130394277141,6,20,1,80,Return
832.284719123077,1605.81016312195,342.983821757869,253.03698731161,333.03698731161,6,20,1,80,Return
832.6482258746,1603.36600762252,342.461776367066,251.946467057042,331.946467057042,6,20,1,80,Return
833.010770388885,1600.9218521231,341.939730976262,250.858833514187,330.858833514187,6,20,1,80,Return
833.372352665943,1598.47769662367,341.417685585459,249.774086683012,329.774086683012,6,20,1,80,Return
833.732972705562,1596.03354112425,340.895640194655,248.692226564154,328.692226564154,6,20,1,80,Return
834.095917581029,1593.58938562483,340.373594803852,247.603391937754,327.603391937754,6,20,1,80,Return
834.462695481961,1591.1452301254,339.851549413048,246.503058234958,326.503058234958,6,20,1,80,Return
834.832360094582,1588.70107462598,339.329504022245,245.394064397095,325.394064397095,6,20,1,80,Return
835.204911418641,1586.25691912655,338.807458631442,244.276410424919,324.276410424919,6,20,1,80,Return
835.580349454609,1583.81276362713,338.285413240638,243.150096317015,323.150096317015,6,20,1,80,Return
835.958674202263,1581.3686081277,337.763367849835,242.015122074054,322.015122074054,6,20,1,80,Return
836.339885661588,1578.92445262828,337.241322459031,240.871487696078,320.871487696078,6,20,1,80,Return
836.723983832597,1576.48029712885,336.719277068228,239.719193183051,319.719193183051,6,20,1,80,Return
837.110968715044,1574.03614162943,336.197231677424,238.558238535708,318.558238535708,6,20,1,80,Return
837.500840309406,1571.59198613,335.675186286621,237.388623752625,317.388623752625,6,20,1,80,Return
837.893598615447,1569.14783063058,335.153140895817,236.2103488345,316.2103488345,6,20,1,80,Return
838.289243633166,1566.70367513116,334.631095505014,235.023413781344,315.023413781344,6,20,1,80,Return
838.54848966864,1564.25951963173,334.10905011421,234.245675674923,314.245675674923,6,20,1,80,Return
838.991457406148,1559.37120863288,333.064959332604,232.916772462398,312.916772462398,6,20,1,80,Return
839.419194485035,1554.48289763403,332.020868550997,231.633561225737,311.633561225737,6,20,1,80,Return
839.843082615138,1549.59458663518,330.97677776939,230.361896835426,310.361896835426,6,20,1,80,Return
840.263121796218,1544.70627563633,329.932686987783,229.101779292187,309.101779292187,6,20,1,80,Return
840.679312028545,1539.81796463748,328.888596206176,227.853208595205,307.853208595205,6,20,1,80,Return
841.012550081473,1534.92965363864,327.844505424569,227.384380879551,307.384380879551,6,20,1,80,Return
841.3457881344,1530.04134263979,326.800414642962,227.355820448957,307.355820448957,6,20,1,80,Return
841.679026187327,1525.15303164094,325.756323861355,227.338806865164,307.338806865164,6,20,1,80,Return
842.012264240254,1520.26472064209,324.712233079748,227.333340128105,307.333340128105,6,20,1,80,Return
842.345502293181,1515.37640964324,323.668142298141,227.339420237735,307.339420237735,6,20,1,80,Return
842.678740346109,1510.48809864439,322.624051516534,227.357047193993,307.357047193993,6,20,1,80,Return
843.011978399036,1505.59978764554,321.579960734928,227.765952459323,307.765952459323,6,20,1,80,Return
843.345216451963,1500.71147664669,320.535869953321,228.25419169726,308.25419169726,6,20,1,80,Return
843.67845450489,1495.82316564784,319.491779171714,228.719337241717,308.719337241717,6,20,1,80,Return
844.011692557817,1490.93485464899,318.447688390107,229.161389092905,309.161389092905,6,20,1,80,Return
844.344930610745,1486.04654365014,317.4035976085,229.580347250518,309.580347250518,6,20,1,80,Return
844.678168663672,1481.15823265129,316.359506826893,229.976211714757,309.976211714757,6,20,1,80,Return
845.011406716599,1476.26992165245,315.315416045286,230.187383198671,310.187383198671,6,20,1,80,Return
845.344644769526,1471.3816106536,314.271325263679,230.36607219429,310.36607219429,6,20,1,80,Return
845.677882822453,1466.49329965475,313.227234482072,230.521667496416,310.521667496416,6,20,1,80,Return
846.01112087538,1461.6049886559,312.183143700465,230.654169105103,310.654169105103,6,20,1,80,Return
846.344358928308,1456.71667765705,311.139052918858,230.763577020456,310.763577020456,6,20,1,80,Return
846.677596981235,1451.8283666582,310.094962137252,230.782291765499,310.782291765499,6,20,1,80,Return
847.010835034162,1446.94005565935,309.050871355645,230.1213384754,310.1213384754,6,20,1,80,Return
847.344073087089,1442.0517446605,308.006780574038,229.391104104826,309.391104104826,6,20,1,80,Return
847.677311140016,1437.16343366165,306.962689792431,228.591588653926,308.591588653926,6,20,1,80,Return
848.010549192944,1432.2751226628,305.918599010824,227.722792123029,307.722792123029,6,20,1,80,Return
848.343787245871,1427.38681166395,304.874508229217,226.784714511586,306.784714511586,6,20,1,80,Return
848.721678796266,1422.4985006651,303.83041744761,225.6510398604,305.6510398604,6,20,1,80,Return
848.983715697192,1420.05434516568,303.308372056807,224.864929157622,304.864929157622,6,20,1,80,Return
849.255595053075,1417.61018966626,302.786326666003,224.049291089974,304.049291089974,6,20,1,80,Return
849.534701959563,1415.16603416683,302.2642812752,223.211970370509,303.211970370509,6,20,1,80,Return
849.816695577885,1412.72187866741,301.742235884396,222.365989515545,302.365989515545,6,20,1,80,Return
850.101575907867,1410.27772316798,301.220190493593,221.511348525599,301.511348525599,6,20,1,80,Return
850.389342949546,1407.83356766856,300.698145102789,220.648047400561,300.648047400561,6,20,1,80,Return
850.679996702746,1405.38941216913,300.176099711986,219.77608614096,299.77608614096,6,20,1,80,Return
850.973537167761,1402.94525666971,299.654054321183,218.895464745915,298.895464745915,6,20,1,80,Return
851.269964344476,1400.50110117028,299.132008930379,218.006183215769,298.006183215769,6,20,1,80,Return
851.569278232871,1398.05694567086,298.609963539576,217.108241550585,297.108241550585,6,20,1,80,Return
851.871478832758,1395.61279017143,298.087918148772,216.201639750924,296.201639750924,6,20,1,80,Return
852.112203891123,1393.16863467201,297.565872757969,215.479464575831,295.479464575831,6,20,1,80,Return
852.572830696726,1388.28032367316,296.521781976362,214.097584159019,294.097584159019,6,20,1,80,Return
853.048853297828,1383.39201267431,295.477691194755,212.669516355714,292.669516355714,6,20,1,80,Return
853.540271694699,1378.50370167546,294.433600413148,211.195261165102,291.195261165102,6,20,1,80,Return
853.791754316333,1376.05954617604,293.911555022344,210.440813300199,290.440813300199,6,20,1,80,Return
854.04708588703,1373.61539067661,293.389509631541,209.674818588109,289.674818588109,6,20,1,80,Return
854.306266406633,1371.17123517719,292.867464240738,208.897277029301,288.897277029301,6,20,1,80,Return
854.569295875099,1368.72707967776,292.345418849934,208.108188623901,288.108188623901,6,20,1,80,Return
854.972416463381,1363.83876867892,291.301328068327,206.898826859056,286.898826859056,6,20,1,80,Return
855.305654516308,1358.95045768007,290.25723728672,206.024936710012,286.024936710012,6,20,1,80,Return
855.638892569235,1354.06214668122,289.213146505113,205.174140254552,285.174140254552,6,20,1,80,Return
855.972130622163,1349.17383568237,288.169055723507,204.346437492243,284.346437492243,6,20,1,80,Return
856.30536867509,1344.28552468352,287.1249649419,203.541828423628,283.541828423628,6,20,1,80,Return
856.638606728017,1339.39721368467,286.080874160293,202.760313048282,282.760313048282,6,20,1,80,Return
856.971844780944,1334.50890268582,285.036783378686,202.122145026352,282.122145026352,6,20,1,80,Return
857.305082833871,1329.62059168697,283.992692597079,201.557805119696,281.557805119696,6,20,1,80,Return
857.638320886799,1324.73228068812,282.948601815472,201.016558906554,281.016558906554,6,20,1,80,Return
857.971558939726,1319.84396968927,281.904511033865,200.498406386662,280.498406386662,6,20,1,80,Return
858.304796992653,1314.95565869042,280.860420252258,200.003347560366,280.003347560366,6,20,1,80,Return
858.63803504558,1310.06734769157,279.816329470651,199.531382427414,279.531382427414,6,20,1,80,Return
858.972078760702,1305.17903669273,278.772238689044,198.529251282048,278.529251282048,6,20,1,80,Return
859.333288904165,1300.29072569388,277.728147907437,197.445620851658,277.445620851658,6,20,1,80,Return
859.690650098637,1295.40241469503,276.684057125831,196.373537268243,276.373537268243,6,20,1,80,Return
860.044162344293,1290.51410369618,275.639966344224,195.313000531276,275.313000531276,6,20,1,80,Return
860.393825640979,1285.62579269733,274.595875562617,194.264010641215,274.264010641215,6,20,1,80,Return
860.740336223258,1280.73748169848,273.55178478101,193.22447889438,273.22447889438,6,20,1,80,Return
861.194163204099,1275.84917069963,272.507693999403,191.862997951857,271.862997951857,6,20,1,80,Return
861.664921320173,1270.96085970078,271.463603217796,190.450723603634,270.450723603634,6,20,1,80,Return
862.14267865805,1266.07254870193,270.419512436189,189.017451590005,269.017451590005,6,20,1,80,Return
862.620435996045,1261.18423770308,269.375421654582,187.584179576017,267.584179576017,6,20,1,80,Return
863.098193333952,1256.29592670423,268.331330872975,186.150907562298,266.150907562298,6,20,1,80,Return
863.482395292293,1251.40761570538,267.287240091368,184.998301687274,264.998301687274,6,20,1,80,Return
863.81563334522,1246.51930470653,266.243149309761,185.312356394658,265.312356394658,6,20,1,80,Return
864.148871398147,1241.63099370769,265.199058528155,185.580223715253,265.580223715253,6,20,1,80,Return
864.482109451075,1236.74268270884,264.154967746548,185.801903648943,265.801903648943,6,20,1,80,Return
864.815347504002,1231.85437170999,263.110876964941,185.97739619594,265.97739619594,6,20,1,80,Return
865.148585556929,1226.96606071114,262.066786183334,186.106701355811,266.106701355811,6,20,1,80,Return
865.481823609856,1222.07774971229,261.022695401727,186.371800518316,266.371800518316,6,20,1,80,Return
865.815061662783,1217.18943871344,259.97860462012,187.026313316117,267.026313316117,6,20,1,80,Return
866.148299715711,1212.30112771459,258.934513838513,187.680826114083,267.680826114083,6,20,1,80,Return
866.481537768638,1207.41281671574,257.890423056906,188.335338911884,268.335338911884,6,20,1,80,Return
866.814775821565,1202.52450571689,256.846332275299,188.989851709991,268.989851709991,6,20,1,80,Return
867.148013874492,1197.63619471804,255.802241493692,189.644364507792,269.644364507792,6,20,1,80,Return
867.481251927419,1192.74788371919,254.758150712085,189.598383019151,269.598383019151,6,20,1,80,Return
867.814489980346,1187.85957272035,253.714059930479,188.751850157402,268.751850157402,6,20,1,80,Return
868.147728033274,1182.9712617215,252.669969148872,187.928410988931,267.928410988931,6,20,1,80,Return
868.480966086201,1178.08295072265,251.625878367265,187.128065513896,267.128065513896,6,20,1,80,Return
868.814204139128,1173.1946397238,250.581787585658,186.350813732276,266.350813732276,6,20,1,80,Return
869.147442192055,1168.30632872495,249.537696804051,185.596655644211,265.596655644211,6,20,1,80,Return
869.321751917709,1165.86217322552,249.015651413247,185.07372646725,265.07372646725,6,20,1,80,Return
869.672639455529,1163.4180177261,248.493606022444,184.021063853788,264.021063853789,6,20,1,80,Return
870.025451467763,1160.97386222668,247.971560631641,182.962627817089,262.962627817089,6,20,1,80,Return
870.380187954307,1158.52970672725,247.449515240837,181.898418357454,261.898418357454,6,20,1,80,Return
870.736848915485,1156.08555122783,246.927469850034,180.828435473921,260.828435473921,6,20,1,80,Return
871.095434351074,1153.6413957284,246.40542445923,179.752679167155,259.752679167155,6,20,1,80,Return
871.455944261157,1151.19724022898,245.883379068427,178.671149436906,258.671149436906,6,20,1,80,Return
871.818378645692,1148.75308472955,245.361333677623,177.583846283299,257.583846283299,6,20,1,80,Return
872.182737504453,1146.30892923013,244.83928828682,176.490769707016,256.490769707016,6,20,1,80,Return
872.549020837894,1143.8647737307,244.317242896016,175.391919706695,255.391919706695,6,20,1,80,Return
872.917228645787,1141.42061823128,243.795197505213,174.287296283015,254.287296283015,6,20,1,80,Return
873.287360928087,1138.97646273185,243.273152114409,173.176899436116,253.176899436116,6,20,1,80,Return
873.617947748193,1136.53230723243,242.751106723606,172.185138975796,252.185138975796,6,20,1,80,Return
873.909933774393,1134.088151733,242.229061332803,171.309180897197,251.309180897197,6,20,1,80,Return
874.199033088869,1131.64399623358,241.707015941999,170.441882953768,250.441882953768,6,20,1,80,Return
874.485182745755,1129.19984073416,241.184970551196,169.583433983109,249.583433983109,6,20,1,80,Return
874.765068070781,1126.75568523473,240.662925160392,168.743778008031,248.743778008031,6,20,1,80,Return
875.043028921452,1124.31152973531,240.140879769589,167.909895456018,247.909895456018,6,20,1,80,Return
875.31906529771,1121.86737423588,239.618834378785,167.081786327246,247.081786327246,6,20,1,80,Return
875.593177199515,1119.42321873646,239.096788987982,166.259450621832,246.259450621832,6,20,1,80,Return
875.865364626696,1116.97906323703,238.574743597178,165.442888340286,245.442888340286,6,20,1,80,Return
876.135627579597,1114.53490773761,238.052698206375,164.632099481585,244.632099481585,6,20,1,80,Return
876.403966058044,1112.09075223818,237.530652815572,163.827084046243,243.827084046243,6,20,1,80,Return
876.670380062004,1109.64659673876,237.008607424768,163.027842034362,243.027842034362,6,20,1,80,Return
876.989560901846,1107.20244123933,236.486562033965,162.070299514836,242.070299514836,6,20,1,80,Return
877.319561122289,1104.75828573991,235.964516643161,161.080298853508,241.080298853508,6,20,1,80,Return
877.649561342698,1102.31413024049,235.442471252358,160.090298192282,240.090298192282,6,20,1,80,Return
877.97956156314,1099.86997474106,234.920425861554,159.100297530954,239.100297530954,6,20,1,80,Return
878.309561783378,1097.42581924164,234.398380470751,158.11029687024,238.11029687024,6,20,1,80,Return
878.639562003821,1094.98166374221,233.876335079947,157.120296208912,237.120296208912,6,20,1,80,Return
878.969562224264,1092.53750824279,233.354289689144,156.130295547584,236.130295547584,6,20,1,80,Return
879.299562444672,1090.09335274336,232.83224429834,155.140294886358,235.140294886358,6,20,1,80,Return
879.629562664944,1087.64919724394,232.310198907537,154.150294225541,234.150294225541,6,20,1,80,Return
879.959562885387,1085.20504174451,231.788153516733,153.160293564213,233.160293564213,6,20,1,80,Return
880.289563105796,1082.76088624509,231.26610812593,152.170292902987,232.170292902987,6,20,1,80,Return
880.623441297985,1080.31673074566,230.744062735127,151.16865832642,231.16865832642,6,20,1,80,Return
880.981939531898,1077.87257524624,230.222017344323,150.09316362468,230.09316362468,6,20,1,80,Return
881.340437765965,1075.42841974681,229.69997195352,149.017668922479,229.017668922479,6,20,1,80,Return
881.698936000066,1072.98426424739,229.177926562716,147.942174220175,227.942174220175,6,20,1,80,Return
882.057434234167,1070.54010874797,228.655881171913,146.866679517872,226.866679517872,6,20,1,80,Return
882.415932468047,1068.09595324854,228.133835781109,145.791184816234,225.791184816234,6,20,1,80,Return
882.774430702148,1065.65179774912,227.611790390306,144.715690113931,224.715690113931,6,20,1,80,Return
883.132928936249,1063.20764224969,227.089744999502,143.640195411628,223.640195411628,6,20,1,80,Return
883.491427170316,1060.76348675027,226.567699608699,142.564700709427,222.564700709427,6,20,1,80,Return
883.849925404229,1058.31933125084,226.045654217896,141.489206007686,221.489206007686,6,20,1,80,Return
884.20842363833,1055.87517575142,225.523608827092,140.413711305383,220.413711305383,6,20,1,80,Return
884.566921872397,1053.43102025199,225.001563436289,139.338216603182,219.338216603182,6,20,1,80,Return
884.88210453509,1050.98686475257,224.479518045485,138.392668615103,218.392668615103,6,20,1,80,Return
885.14270671871,1048.54270925314,223.957472654682,137.610862064244,217.610862064244,6,20,1,80,Return
885.40427113965,1046.09855375372,223.435427263878,136.826168801424,216.826168801424,6,20,1,80,Return
885.66679779785,1043.6543982543,222.913381873075,136.038588826822,216.038588826822,6,20,1,80,Return
885.930286693278,1041.21024275487,222.391336482271,135.248122140541,215.248122140541,6,20,1,80,Return
886.194737825765,1038.76608725545,221.869291091468,134.454768743078,214.454768743078,6,20,1,80,Return
886.460151195644,1036.32193175602,221.347245700664,133.65852863344,213.65852863344,6,20,1,80,Return
886.72652680275,1033.8777762566,220.825200309861,132.859401812122,212.859401812122,6,20,1,80,Return
886.993864647045,1031.43362075717,220.303154919058,132.057388279237,212.057388279237,6,20,1,80,Return
887.262164728472,1028.98946525775,219.781109528254,131.252488034956,211.252488034956,6,20,1,80,Return
887.531427047257,1026.54530975832,219.259064137451,130.444701078602,210.444701078602,6,20,1,80,Return
887.872075869183,1021.65699875947,218.214973355844,129.422754612824,209.422754612824,6,20,1,80,Return
888.20531392211,1016.76868776062,217.170882574237,129.424835881917,209.424835881917,6,20,1,80,Return
888.538551975038,1011.88037676178,216.12679179263,129.438463997702,209.438463997702,6,20,1,80,Return
888.871790027965,1006.99206576293,215.082701011023,129.463638960217,209.463638960217,6,20,1,80,Return
889.205028080892,1002.10375476408,214.038610229416,129.500360769538,209.500360769538,6,20,1,80,Return
889.538266133819,997.215443765228,212.994519447809,129.548629425474,209.548629425474,6,20,1,80,Return
889.871504186746,992.327132766379,211.950428666202,129.970978650287,209.970978650287,6,20,1,80,Return
890.204742239673,987.43882176753,210.906337884595,130.726786637141,210.726786637141,6,20,1,80,Return
890.537980292601,982.55051076868,209.862247102988,131.403260609106,211.403260609106,6,20,1,80,Return
890.871218345528,977.662199769831,208.818156321382,131.956478217775,211.956478217775,6,20,1,80,Return
891.204456398455,972.773888770983,207.774065539775,132.509695826931,212.509695826931,6,20,1,80,Return
891.537694451382,967.885577772133,206.729974758168,133.062913435779,213.062913435779,6,20,1,80,Return
891.870932504309,962.997266773284,205.685883976561,133.005183484572,213.005183484572,6,20,1,80,Return
892.204170557236,958.108955774435,204.641793194954,132.633415270289,212.633415270289,6,20,1,80,Return
892.537408610164,953.220644775586,203.597702413347,132.238553362617,212.238553362617,6,20,1,80,Return
892.870646663091,948.332333776737,202.55361163174,131.820597761299,211.820597761299,6,20,1,80,Return
893.203884716018,943.444022777887,201.509520850133,131.379548466775,211.379548466775,6,20,1,80,Return
893.537122768945,938.555711779039,200.465430068526,130.915405478808,210.915405478808,6,20,1,80,Return
893.778466723664,936.111556279614,199.943384677723,130.191373614653,210.191373614653,6,20,1,80,Return
894.104362818055,933.667400780189,199.421339286919,129.213685331478,209.213685331478,6,20,1,80,Return
894.428334437928,931.223245280765,198.899293896116,128.24177047186,208.24177047186,6,20,1,80,Return
894.750381583274,928.77908978134,198.377248505312,127.275629035821,207.275629035821,6,20,1,80,Return
895.070504254309,926.334934281916,197.855203114509,126.315261022718,206.315261022718,6,20,1,80,Return
895.388702450826,923.890778782491,197.333157723706,125.360666433165,205.360666433165,6,20,1,80,Return
895.704976172956,921.446623283066,196.811112332902,124.411845266777,204.411845266777,6,20,1,80,Return
896.019325420494,919.002467783641,196.289066942099,123.468797524161,203.468797524161,6,20,1,80,Return
896.331750193657,916.558312284217,195.767021551295,122.531523204673,202.531523204673,6,20,1,80,Return
896.642250492429,914.114156784792,195.244976160492,121.600022308356,201.600022308356,6,20,1,80,Return
896.950826316749,911.670001285368,194.722930769688,120.674294835397,200.674294835397,6,20,1,80,Return
897.25747766642,909.225845785943,194.200885378885,119.754340786383,199.754340786383,6,20,1,80,Return
897.728649335445,904.337534787094,193.156794597278,118.340825779308,198.340825779308,6,20,1,80,Return
898.192844212597,899.449223788245,192.112703815671,116.948241147853,196.948241147853,6,20,1,80,Return
898.653190140878,894.560912789396,191.068613034064,115.567203363009,195.567203363009,6,20,1,80,Return
899.109687120164,889.672601790547,190.024522252457,114.19771242515,194.19771242515,6,20,1,80,Return
899.562335150694,884.784290791697,188.98043147085,112.839768333561,192.839768333561,6,20,1,80,Return
900.029997740825,879.895979792849,187.936340689243,111.436780563169,191.436780563169,6,20,1,80,Return
900.324566913555,877.451824293424,187.41429529844,110.553073044978,190.553073044978,6,20,1,80,Return
900.616249374553,875.007668794,186.892249907636,109.678025661985,189.678025661985,6,20,1,80,Return
900.905045123925,872.563513294575,186.370204516833,108.811638413867,188.811638413867,6,20,1,80,Return
901.190954161488,870.11935779515,185.84815912603,107.953911301178,187.953911301178,6,20,1,80,Return
901.473976487453,867.675202295726,185.326113735226,107.104844323283,187.104844323283,6,20,1,80,Return
901.75411210179,865.231046796301,184.804068344423,106.264437480274,186.264437480274,6,20,1,80,Return
902.031361004447,862.786891296876,184.282022953619,105.432690772303,185.432690772303,6,20,1,80,Return
902.305723195378,860.342735797451,183.759977562816,104.60960419951,184.60960419951,6,20,1,80,Return
902.577198674551,857.898580298027,183.237932172012,103.79517776199,183.79517776199,6,20,1,80,Return
902.845787442172,855.454424798602,182.715886781209,102.989411459127,182.989411459127,6,20,1,80,Return
903.11148949807,853.010269299178,182.193841390405,102.192305291433,182.192305291433,6,20,1,80,Return
903.403946451725,850.566113799753,181.671795999602,101.314934430469,181.314934430469,6,20,1,80,Return
903.718092823393,848.121958300329,181.149750608798,100.372495315465,180.372495315465,6,20,1,80,Return
904.031276957947,845.677802800904,180.627705217995,99.432942911802,179.432942911802,6,20,1,80,Return
904.343498855317,843.23364730148,180.105659827192,98.4962772196915,178.496277219691,6,20,1,80,Return
904.654758515461,840.789491802055,179.583614436388,97.5624982392602,177.56249823926,6,20,1,80,Return
904.949872764631,838.345336302631,179.061569045585,96.6771554917487,176.677155491749,6,20,1,80,Return
905.228637250364,835.901180803206,178.539523654781,95.8408620345513,175.840862034551,6,20,1,80,Return
905.502590549964,833.457025303781,178.017478263978,95.0190021357502,175.01900213575,6,20,1,80,Return
905.771732663418,831.012869804357,177.495432873174,94.2115757953879,174.211575795388,6,20,1,80,Return
906.03606359061,828.568714304932,176.973387482371,93.4185830138144,173.418583013814,6,20,1,80,Return
906.295583331817,826.124558805508,176.451342091567,92.6400237901921,172.640023790192,6,20,1,80,Return
906.794387886021,821.236247806658,175.40725130996,91.1436101275792,171.143610127579,6,20,1,80,Return
907.282888767775,816.34793680781,174.363160528354,89.6781074823195,169.67810748232,6,20,1,80,Return
907.775238598571,811.45962580896,173.319069746747,88.2010579899316,168.201057989932,6,20,1,80,Return
908.271437378142,806.571314810111,172.27497896514,86.7124616512188,166.712461651219,6,20,1,80,Return
908.520980123825,804.127159310686,171.752933574336,85.9638334141682,165.963833414168,6,20,1,80,Return
908.771485106746,801.683003811262,171.230888183533,85.2123184654052,165.212318465405,6,20,1,80,Return
909.022952326752,799.238848311837,170.708842792729,84.4579168053866,164.457916805387,6,20,1,80,Return
909.275381784113,796.794692812412,170.186797401926,83.7006284333034,163.700628433303,6,20,1,80,Return
909.543210181071,794.350537312988,169.664752011122,82.8971432424315,162.897143242432,6,20,1,80,Return
909.88305815384,791.906381813563,169.142706620319,81.8775993241231,161.877599324123,6,20,1,80,Return
910.223868363629,789.462226314139,168.620661229516,80.8551686947566,160.855168694757,6,20,1,80,Return
910.565640810851,787.018070814715,168.098615838712,79.8298513530914,159.829851353091,6,20,1,80,Return
910.908375495299,784.57391531529,167.576570447909,78.8016472997468,158.801647299747,6,20,1,80,Return
911.252072416959,782.129759815865,167.054525057105,77.7705565347668,157.770556534767,6,20,1,80,Return
911.596731575665,779.685604316441,166.532479666302,76.7365790586485,156.736579058648,6,20,1,80,Return
911.942352971792,777.241448817016,166.010434275498,75.6997148702677,155.699714870268,6,20,1,80,Return
912.28893660513,774.797293317592,165.488388884695,74.6599639702548,154.659963970255,6,20,1,80,Return
912.636482475709,772.353137818167,164.966343493891,73.6173263585163,153.617326358516,6,20,1,80,Return
912.984990583319,769.908982318742,164.444298103088,72.5718020356858,152.571802035686,6,20,1,80,Return
913.334460928335,767.464826819318,163.922252712284,71.52339100064,151.52339100064,6,20,1,80,Return
913.667698981262,762.576515820469,162.878161930678,70.6505554512001,150.6505554512,6,20,1,80,Return
914.000937034189,757.68820482162,161.834071149071,70.2983659032772,150.298365903277,6,20,1,80,Return
914.334175087116,752.799893822771,160.789980367464,70.038551128966,150.038551128966,6,20,1,80,Return
914.667413140043,747.911582823921,159.745889585857,69.8711111284173,149.871111128417,6,20,1,80,Return
915.000651192971,743.023271825072,158.70179880425,69.7960459015112,149.796045901511,6,20,1,80,Return
915.333889245898,738.134960826223,157.657708022643,69.8133554483258,149.813355448326,6,20,1,80,Return
915.667127298825,733.246649827373,156.613617241036,70.4587774142679,150.458777414268,6,20,1,80,Return
916.000365351752,728.358338828524,155.569526459429,71.2425450842229,151.242545084223,6,20,1,80,Return
916.333603404679,723.470027829675,154.525435677822,72.0955938346279,152.095593834628,6,20,1,80,Return
916.666841457607,718.581716830826,153.481344896215,73.0179236651029,153.017923665103,6,20,1,80,Return
917.000079510534,713.693405831977,152.437254114609,74.0095345761639,154.009534576164,6,20,1,80,Return
917.361298918937,708.805094833128,151.393163333002,75.0931928013739,155.093192801374,6,20,1,80,Return
917.641128231008,706.360939333703,150.871117942198,75.9326807375873,155.932680737587,6,20,1,80,Return
917.922882017488,703.916783834279,150.349072551395,76.777942097027,156.777942097027,6,20,1,80,Return
918.206560278464,701.472628334854,149.827027160591,77.6289768799557,157.628976879956,6,20,1,80,Return
918.492163013758,699.02847283543,149.304981769788,78.4857850858369,158.485785085837,6,20,1,80,Return
918.779690223593,696.584317336005,148.782936378984,79.3483667153425,159.348366715342,6,20,1,80,Return
919.066426190698,694.140161836581,148.260890988181,80.2085746166555,160.208574616656,6,20,1,80,Return
919.348616366676,691.696006337156,147.738845597377,81.0551451445913,161.055145144591,6,20,1,80,Return
919.631768779703,689.251850837732,147.216800206574,81.9046023836713,161.904602383671,6,20,1,80,Return
919.915883430134,686.807695338307,146.694754815771,82.756946334964,162.756946334964,6,20,1,80,Return
920.200960317791,684.363539838882,146.172709424967,83.6121769979362,163.612176997936,6,20,1,80,Return
920.486999442633,681.919384339458,145.650664034164,84.4702943724605,164.470294372461,6,20,1,80,Return
920.7740008046,679.475228840033,145.12861864336,85.3312984583621,165.331298458362,6,20,1,80,Return
921.061964403924,677.031073340608,144.606573252557,86.195189256335,166.195189256335,6,20,1,80,Return
921.350890240431,674.586917841184,144.084527861753,87.0619667658567,167.061966765857,6,20,1,80,Return
921.640778314208,672.142762341759,143.56248247095,87.931630987187,167.931630987187,6,20,1,80,Return
921.931628625072,669.698606842334,143.040437080146,88.8041819197785,168.804181919778,6,20,1,80,Return
922.223441173257,667.25445134291,142.518391689343,89.6796195643327,169.679619564333,6,20,1,80,Return
922.516215958712,664.810295843486,141.996346298539,90.5579439206989,170.557943920699,6,20,1,80,Return
922.809952981394,662.366140344061,141.474300907736,91.4391549887444,171.439154988744,6,20,1,80,Return
923.104652241116,659.921984844636,140.952255516932,92.3232527679105,172.323252767911,6,20,1,80,Return
923.40031373825,657.477829345212,140.430210126129,93.2102372593126,173.210237259313,6,20,1,80,Return
923.69693747261,655.033673845787,139.908164735326,94.100108462394,174.100108462394,6,20,1,80,Return
923.994523444151,652.589518346363,139.386119344522,94.9928663770143,174.992866377014,6,20,1,80,Return
924.240525619521,650.145362846938,138.864073953719,95.7308729031267,175.730872903127,6,20,1,80,Return
924.689730346897,645.257051848089,137.819983172112,97.0784870852535,177.078487085253,6,20,1,80,Return
925.146632972033,640.36874084924,136.775892390505,98.4491949606623,178.449194960662,6,20,1,80,Return
925.611233495026,635.48042985039,135.731801608898,99.842996529641,179.842996529641,6,20,1,80,Return
926.083531915727,630.592118851542,134.687710827291,101.259891791744,181.259891791744,6,20,1,80,Return
926.563528234391,625.703807852693,133.643620045684,102.699880747734,182.699880747734,6,20,1,80,Return
926.936536866059,620.815496853843,132.599529264077,103.81890664274,183.81890664274,6,20,1,80,Return
927.269774918986,615.927185854994,131.55543848247,104.557224560427,184.557224560427,6,20,1,80,Return
927.603012971914,611.038874856145,130.511347700863,105.249355091175,185.249355091175,6,20,1,80,Return
927.936251024841,606.150563857295,129.467256919257,105.895298235298,185.895298235298,6,20,1,80,Return
928.269489077768,601.262252858447,128.42316613765,106.495053992352,186.495053992352,6,20,1,80,Return
928.602727130695,596.373941859597,127.379075356043,107.048622362631,187.048622362631,6,20,1,80,Return
928.935965183622,591.485630860748,126.334984574436,106.546309599954,186.546309599954,6,20,1,80,Return
929.290638212894,586.597319861899,125.290893792829,105.48229051214,185.48229051214,6,20,1,80,Return
929.645311242029,581.70900886305,124.246803011222,104.418271424735,184.418271424735,6,20,1,80,Return
929.999984271262,576.820697864201,123.202712229615,103.354252337036,183.354252337036,6,20,1,80,Return
930.354657300533,571.932386865352,122.158621448008,102.290233249222,182.290233249222,6,20,1,80,Return
930.709330329668,567.044075866503,121.114530666401,101.226214161817,181.226214161817,6,20,1,80,Return
931.185285497963,562.155764867653,120.070439884794,99.7983486569306,179.798348656931,6,20,1,80,Return
931.443650918834,559.711609368229,119.548394493991,99.0232523943184,179.023252394318,6,20,1,80,Return
931.705865288756,557.267453868804,119.026349103187,98.2366092845513,178.236609284551,6,20,1,80,Return
931.971928607584,554.823298369379,118.504303712384,97.4384193280672,177.438419328067,6,20,1,80,Return
932.241840875348,552.379142869955,117.982258321581,96.6286825247753,176.628682524775,6,20,1,80,Return
932.517448428542,549.93498737053,117.460212930777,95.8018598651948,175.801859865195,6,20,1,80,Return
932.815806341597,547.490831871105,116.938167539974,94.9067861260285,174.906786126029,6,20,1,80,Return
933.116088729116,545.046676371681,116.41612214917,94.0059389634714,174.005938963471,6,20,1,80,Return
933.418295591077,542.602520872256,115.894076758367,93.0993183775904,173.09931837759,6,20,1,80,Return
933.7224269273,540.158365372832,115.372031367563,92.1869243689207,172.186924368921,6,20,1,80,Return
934.028482738174,537.714209873408,114.84998597676,91.2687569362986,171.268756936299,6,20,1,80,Return
934.356804807434,535.270054373983,114.327940585956,90.283790728519,170.283790728519,6,20,1,80,Return
934.687525950154,532.825898874558,113.805895195153,89.2916273003574,169.291627300357,6,20,1,80,Return
935.018247092679,530.381743375134,113.28384980435,88.2994638727842,168.299463872784,6,20,1,80,Return
935.348968235399,527.937587875709,112.761804413546,87.3073004446226,167.307300444623,6,20,1,80,Return
935.679689378129,525.493432376285,112.239759022743,86.3151370164354,166.315137016435,6,20,1,80,Return
936.010410520849,523.04927687686,111.717713631939,85.3229735882739,165.322973588274,6,20,1,80,Return
936.341131663365,520.605121377435,111.195668241136,84.3308101607262,164.330810160726,6,20,1,80,Return
936.671852806094,518.160965878011,110.673622850332,83.338646732539,163.338646732539,6,20,1,80,Return
937.002573948815,515.716810378586,110.151577459529,82.3464833043775,162.346483304377,6,20,1,80,Return
937.333295091535,513.272654879161,109.629532068725,81.3543198762159,161.354319876216,6,20,1,80,Return
937.66401623406,510.828499379737,109.107486677922,80.3621564486427,160.362156448643,6,20,1,80,Return
937.978271938361,508.384343880313,108.585441287118,79.4193893357377,159.419389335738,6,20,1,80,Return
938.470047971484,503.496032881464,107.541350505512,77.9440612363695,157.944061236369,6,20,1,80,Return
938.950277157729,498.607721882614,106.497259723905,76.5033736776354,156.503373677635,6,20,1,80,Return
939.418959497426,493.719410883765,105.453168942298,75.097326658544,155.097326658544,6,20,1,80,Return
939.876094990262,488.831099884916,104.409078160691,73.7259201800371,153.725920180037,6,20,1,80,Return
940.321683636516,483.942788886066,103.364987379084,72.3891542412751,152.389154241275,6,20,1,80,Return
940.776663620632,479.054477887218,102.320896597477,71.0242142889267,151.024214288927,6,20,1,80,Return
941.034442692007,476.610322387793,101.798851206674,70.2508770748005,150.2508770748,6,20,1,80,Return
941.294146237855,474.166166888368,101.27680581587,69.4717664372573,149.471766437257,6,20,1,80,Return
941.555774257963,471.722011388944,100.754760425067,68.6868823769321,148.686882376932,6,20,1,80,Return
941.819326752696,469.277855889519,100.232715034263,67.8962248927344,147.896224892734,6,20,1,80,Return
942.084803721899,466.833700390095,99.7106696434597,67.0997939851262,147.099793985126,6,20,1,80,Return
942.352205165536,464.38954489067,99.1886242526563,66.2975896542137,146.297589654214,6,20,1,80,Return
942.621531083452,461.945389391245,98.6665788618528,65.4896119004654,145.489611900465,6,20,1,80,Return
942.89278147601,459.501233891821,98.1445334710493,64.6758607227923,144.675860722792,6,20,1,80,Return
943.165956343005,457.057078392396,97.6224880802458,63.8563361218082,143.856336121808,6,20,1,80,Return
943.441055684452,454.612922892972,97.1004426894424,63.0310380974657,143.031038097466,6,20,1,80,Return
943.718079500189,452.168767393547,96.5783972986389,62.1999666502555,142.199966650256,6,20,1,80,Return
944.011141242185,449.724611894122,96.0563519078355,61.3207814242667,141.320781424267,6,20,1,80,Return
944.30773686076,447.280456394698,95.5343065170321,60.4309945685436,140.430994568544,6,20,1,80,Return
944.604332479347,444.836300895274,95.0122611262286,59.5412077127821,139.541207712782,6,20,1,80,Return
944.900928097734,442.392145395849,94.4902157354252,58.6514208576217,138.651420857622,6,20,1,80,Return
945.197523716308,439.947989896424,93.9681703446217,57.7616340018986,137.761634001899,6,20,1,80,Return
945.494119334895,437.503834397,93.4461249538182,56.8718471461371,136.871847146137,6,20,1,80,Return
945.79071495347,435.059678897575,92.9240795630147,55.9820602904139,135.982060290414,6,20,1,80,Return
946.087310571857,432.61552339815,92.4020341722113,55.0922734352536,135.092273435254,6,20,1,80,Return
946.383906190444,430.171367898726,91.8799887814079,54.2024865794921,134.202486579492,6,20,1,80,Return
946.680501809018,427.727212399301,91.3579433906045,53.3126997237689,133.312699723769,6,20,1,80,Return
946.977097427605,425.283056899877,90.8358979998011,52.4229128680074,132.422912868007,6,20,1,80,Return
947.450164151728,420.394745901027,89.7918072181941,51.0037126956387,131.003712695639,6,20,1,80,Return
947.821215167926,415.506434902179,88.7477164365872,49.8905596470463,129.890559647046,6,20,1,80,Return
948.184568286194,410.618123903329,87.7036256549802,48.8005002922409,128.800500292241,6,20,1,80,Return
948.540223506758,405.72981290448,86.6595348733733,47.7335346305493,127.733534630549,6,20,1,80,Return
948.883574003917,400.841501905631,85.6154440917663,46.7034831390732,126.703483139073,6,20,1,80,Return
949.226271089907,395.953190906782,84.5713533101596,45.6753918811032,125.675391881103,6,20,1,80,Return
949.559509142834,391.064879907932,83.5272625285527,45.4700756146838,125.470075614684,6,20,1,80,Return
949.892747195761,386.176568909084,82.4831717469457,45.585400559764,125.585400559764,6,20,1,80,Return
950.225985248688,381.288257910235,81.4390809653388,45.6776318114361,125.677631811436,6,20,1,80,Return
950.559223301615,376.399946911385,80.3949901837318,45.7467693697172,125.746769369717,6,20,1,80,Return
950.892461354543,371.511635912536,79.3508994021249,45.792813234545,125.792813234545,6,20,1,80,Return
951.22569940747,366.623324913687,78.3068086205182,45.8157634059271,125.815763405927,6,20,1,80,Return
951.558937460397,361.735013914838,77.2627178389112,45.7572740683351,125.757274068335,6,20,1,80,Return
951.892175513324,356.846702915988,76.2186270573043,45.6875811754856,125.687581175486,6,20,1,80,Return
952.225413566251,351.95839191714,75.1745362756973,45.6178882826872,125.617888282687,6,20,1,80,Return
952.558651619178,347.07008091829,74.1304454940904,45.5481953898761,125.548195389876,6,20,1,80,Return
952.891889672106,342.181769919441,73.0863547124836,45.4785024970777,125.478502497078,6,20,1,80,Return
953.225127725033,337.293458920592,72.0422639308766,45.4080612876031,125.408061287603,6,20,1,80,Return
953.55836577796,332.405147921742,70.9981731492697,45.2506503582806,125.250650358281,6,20,1,80,Return
953.891603830887,327.516836922893,69.9540823676627,45.0585988887716,125.058598888772,6,20,1,80,Return
954.224841883814,322.628525924045,68.9099915860559,44.831906879179,124.831906879179,6,20,1,80,Return
954.558079936741,317.740214925195,67.865900804449,44.5705743293643,124.570574329364,6,20,1,80,Return
954.891317989669,312.851903926346,66.8218100228421,44.2746012395137,124.274601239514,6,20,1,80,Return
955.224556042596,307.963592927497,65.7777192412352,43.8607350755704,123.86073507557,6,20,1,80,Return
955.557794095523,303.075281928648,64.7336284596283,42.9825166600547,122.982516660055,6,20,1,80,Return
955.89103214845,298.186970929798,63.6895376780213,42.0696577041303,122.06965770413,6,20,1,80,Return
956.224270201377,293.29865993095,62.6454468964145,41.122158208348,121.122158208348,6,20,1,80,Return
956.557508254305,288.410348932101,61.6013561148075,40.1400181721609,120.140018172161,6,20,1,80,Return
956.896435113091,283.522037933251,60.5572653332007,39.1232375958022,119.123237595802,6,20,1,80,Return
957.24016388394,278.633726934402,59.5131745515938,38.0920512832544,118.092051283254,6,20,1,80,Return
957.573401936867,273.745415935553,58.4690837699868,37.1083743359633,117.108374335963,6,20,1,80,Return
957.906639989794,268.857104936703,57.4249929883799,36.1477910823308,116.147791082331,6,20,1,80,Return
958.239878042722,263.968793937854,56.3809022067729,35.210301521891,115.210301521891,6,20,1,80,Return
958.573116095649,259.080482939005,55.3368114251662,34.3063573158264,114.306357315826,6,20,1,80,Return
958.906354148576,254.192171940156,54.2927206435593,33.4488202052326,113.448820205233,6,20,1,80,Return
959.239592201503,249.303860941307,53.2486298619523,32.8594082285326,112.859408228533,6,20,1,80,Return
959.57283025443,244.415549942458,52.2045390803454,32.5828180931046,112.582818093105,6,20,1,80,Return
959.906068307358,239.527238943609,51.1604482987384,32.3408684978961,112.340868497896,6,20,1,80,Return
960.239306360285,234.638927944759,50.1163575171315,32.1335594427647,112.133559442765,6,20,1,80,Return
960.572544413212,229.750616945911,49.0722667355247,31.9608909278263,111.960890927826,6,20,1,80,Return
960.905782466139,224.862305947061,48.0281759539178,31.8228629529526,111.822862952953,6,20,1,80,Return
961.239020519066,219.973994948212,46.9840851723109,31.7954012828222,111.795401282822,6,20,1,80,Return
961.572258571994,215.085683949363,45.9399943907039,31.8403311100519,111.840331110052,6,20,1,80,Return
961.905496624921,210.197372950513,44.895903609097,31.9083546307224,111.908354630722,6,20,1,80,Return
962.238734677848,205.309061951664,43.8518128274902,31.9994718448532,111.999471844853,6,20,1,80,Return
962.571972730775,200.420750952816,42.8077220458832,32.113682752368,112.113682752368,6,20,1,80,Return
962.905210783702,195.532439953966,41.7636312642763,32.250987353296,112.250987353296,6,20,1,80,Return
963.238448836629,190.644128955117,40.7195404826693,31.6270238626124,111.627023862612,6,20,1,80,Return
963.571686889557,185.755817956268,39.6754497010625,30.7699206864963,110.769920686496,6,20,1,80,Return
963.904924942484,180.867506957419,38.6313589194556,29.9128175106872,109.912817510687,6,20,1,80,Return
964.238162995411,175.97919595857,37.5872681378487,29.0557143346351,109.055714334635,6,20,1,80,Return
964.571401048338,171.09088495972,36.5431773562418,28.198611158826,108.198611158826,6,20,1,80,Return
964.904639101265,166.202573960872,35.4990865746348,27.3415079827099,107.34150798271,6,20,1,80,Return
965.314759869616,161.314262962022,34.4549957930279,26.1111456776587,106.111145677659,6,20,1,80,Return
965.743019218688,156.425951963173,33.4109050114211,24.826367630442,104.826367630442,6,20,1,80,Return
966.178976465424,151.537640964324,32.3668142298141,23.5184958902342,103.518495890234,6,20,1,80,Return
966.622631610097,146.649329965474,31.3227234482073,22.1875304562151,102.187530456215,6,20,1,80,Return
967.073984652449,141.761018966625,30.2786326666004,20.8334713291605,100.833471329161,6,20,1,80,Return
967.521299747245,136.872707967776,29.2345418849934,19.4915260447705,99.4915260447706,6,20,1,80,Return
967.854537800172,131.984396968927,28.1904511033865,18.5855682596586,98.5855682596586,6,20,1,80,Return
968.1877758531,127.096085970078,27.1463603217795,17.6680636275684,97.6680636275684,6,20,1,80,Return
968.521013906027,122.207774971229,26.1022695401728,16.7390121490342,96.7390121490342,6,20,1,80,Return
968.854251958954,117.31946397238,25.0581787585659,15.7984138234845,95.7984138234845,6,20,1,80,Return
969.200214328687,112.431152973531,24.0140879769589,14.7605267142858,94.7605267142858,6,20,1,80,Return
969.535820638607,107.542841974682,22.969997195352,13.7537077845239,93.7537077845239,6,20,1,80,Return
969.869058691535,102.654530975833,21.925906413745,12.8818428130714,92.8818428130714,6,20,1,80,Return
970.202296744462,97.7662199769834,20.8818156321381,12.0215246880709,92.0215246880709,6,20,1,80,Return
970.535534797389,92.8779089781342,19.8377248505313,11.1727534100409,91.1727534100409,6,20,1,80,Return
970.868772850316,87.9895979792846,18.7936340689243,10.3355289784742,90.3355289784742,6,20,1,80,Return
971.202010903243,83.1012869804354,17.7495432873175,9.50985139386316,89.5098513938632,6,20,1,80,Return
971.535248956171,78.2129759815862,16.7054525057105,8.72906887390775,88.7290688739077,6,20,1,80,Return
971.868487009098,73.3246649827374,15.6613617241036,8.03119801833769,88.0311980183377,6,20,1,80,Return
972.201725062025,68.4363539838882,14.6172709424966,7.36796770270726,87.3679677027073,6,20,1,80,Return
972.534963114952,63.548042985039,13.5731801608898,6.73937792740817,86.7393779274082,6,20,1,80,Return
972.868201167879,58.6597319861899,12.5290893792829,6.1454286920435,86.1454286920435,6,20,1,80,Return
973.201439220806,53.7714209873407,11.4849985976759,5.58611999704409,85.5861199970441,6,20,1,80,Return
973.534677273734,48.8831099884915,10.4409078160691,5.43550074464765,85.4355007446477,6,20,1,80,Return
973.867915326661,43.9947989896427,9.39681703446206,5.61991148036452,85.6199114803645,6,20,1,80,Return
974.201153379588,39.1064879907935,8.35272625285529,5.79277536939616,85.7927753693962,6,20,1,80,Return
974.534391432515,34.2181769919443,7.30863547124841,5.9540924117234,85.9540924117234,6,20,1,80,Return
974.867629485442,29.3298659930947,6.26454468964141,6.10386260732911,86.1038626073291,6,20,1,80,Return
975.20086753837,24.4415549942455,5.22045390803453,6.24208595620322,86.2420859562032,6,20,1,80,Return
975.534105591297,19.5532439953963,4.17636312642765,6.75578843885812,86.7557884388581,6,20,1,80,Return
975.867343644224,14.6649329965476,3.13227234482065,7.43148186916579,87.4314818691658,6,20,1,80,Return
976.200581697151,9.77662199769838,2.08818156321388,8.08408160623575,88.0840816062357,6,20,1,80,Return
976.533819750078,4.88831099884919,1.04409078160688,8.71358764971233,88.7135876497123,6,20,1,80,Return
976.867057803006,0,0,9.31999999993042,89.3199999999304,6,20,1,80,Return
977.367057803006,0,0,9.31999999993042,89.3199999999304,5,20,1,80,Hover
977.867057803006,0,0,9.31999999993042,89.3199999999304,5,20,1,80,Hover
978.367057803006,0,0,9.31999999993042,89.3199999999304,5,20,1,80,Hover
978.867057803006,0,0,9.31999999993042,89.3199999999304,5,20,1,80,Hover
979.367057803006,0,0,9.31999999993042,89.3199999999304,5,20,1,80,Hover
979.867057803006,0,0,9.31999999993042,89.3199999999304,5,20,1,80,Hover
980.367057803006,0,0,9.31999999993042,89.3199999999304,5,20,1,80,Hover
980.867057803006,0,0,9.31999999993042,89.3199999999304,5,20,1,80,Hover
981.367057803006,0,0,9.31999999993042,89.3199999999304,5,20,1,80,Hover
981.867057803006,0,0,9.31999999993042,89.3199999999304,5,20,1,80,Hover
982.360884963499,0,0,9.31999999993042,87.8385185184489,7,20,0,78.5185185185185,Landing
982.854712123993,0,0,9.31999999993042,86.3570370369675,7,20,0,77.037037037037,Landing
983.348539284487,0,0,9.31999999993042,84.875555555486,7,20,0,75.5555555555555,Landing
983.842366444981,0,0,9.31999999993042,83.3940740740045,7,20,0,74.0740740740741,Landing
984.336193605475,0,0,9.31999999993042,81.912592592523,7,20,0,72.5925925925926,Landing
984.830020765968,0,0,9.31999999993042,80.4311111110415,7,20,0,71.1111111111111,Landing
985.323847926462,0,0,9.31999999993042,78.9496296295601,7,20,0,69.6296296296296,Landing
985.817675086956,0,0,9.31999999993042,77.4681481480786,7,20,0,68.1481481481482,Landing
986.31150224745,0,0,9.31999999993042,75.9866666665971,7,20,0,66.6666666666667,Landing
986.805329407944,0,0,9.31999999993042,74.5051851851156,7,20,0,65.1851851851852,Landing
987.299156568438,0,0,9.31999999993042,73.0237037036341,7,20,0,63.7037037037037,Landing
987.792983728932,0,0,9.31999999993042,71.5422222221526,7,20,0,62.2222222222222,Landing
988.286810889425,0,0,9.31999999993042,70.0607407406712,7,20,0,60.7407407407407,Landing
988.780638049919,0,0,9.31999999993042,68.5792592591897,7,20,0,59.2592592592593,Landing
989.274465210413,0,0,9.31999999993042,67.0977777777082,7,20,0,57.7777777777778,Landing
989.768292370907,0,0,9.31999999993042,65.6162962962267,7,20,0,56.2962962962963,Landing
990.262119531401,0,0,9.31999999993042,64.1348148147452,7,20,0,54.8148148148148,Landing
990.755946691894,0,0,9.31999999993042,62.6533333332638,7,20,0,53.3333333333333,Landing
991.249773852388,0,0,9.31999999993042,61.1718518517823,7,20,0,51.8518518518518,Landing
991.743601012882,0,0,9.31999999993042,59.6903703703008,7,20,0,50.3703703703704,Landing
992.237428173376,0,0,9.31999999993042,58.2088888888193,7,20,0,48.8888888888889,Landing
992.73125533387,0,0,9.31999999993042,56.7274074073378,7,20,0,47.4074074074074,Landing
993.225082494364,0,0,9.31999999993042,55.2459259258563,7,20,0,45.9259259259259,Landing
993.718909654857,0,0,9.31999999993042,53.7644444443749,7,20,0,44.4444444444444,Landing
994.212736815351,0,0,9.31999999993042,52.2829629628934,7,20,0,42.962962962963,Landing
994.706563975845,0,0,9.31999999993042,50.8014814814119,7,20,0,41.4814814814815,Landing
995.200391136339,0,0,9.31999999993042,49.3199999999304,7,20,0,40,Landing
995.694218296833,0,0,9.31999999993042,47.8385185184489,7,20,0,38.5185185185185,Landing
996.188045457327,0,0,9.31999999993042,46.3570370369674,7,20,0,37.037037037037,Landing
996.68187261782,0,0,9.31999999993042,44.875555555486,7,20,0,35.5555555555556,Landing
997.175699778314,0,0,9.31999999993042,43.3940740740045,7,20,0,34.0740740740741,Landing
997.669526938808,0,0,9.31999999993042,41.912592592523,7,20,0,32.5925925925926,Landing
998.163354099302,0,0,9.31999999993042,40.4311111110415,7,20,0,31.1111111111111,Landing
998.657181259796,0,0,9.31999999993042,38.94962962956,7,20,0,29.6296296296296,Landing
999.151008420289,0,0,9.31999999993042,37.4681481480786,7,20,0,28.1481481481481,Landing
999.644835580783,0,0,9.31999999993042,35.9866666665971,7,20,0,26.6666666666667,Landing
1000.13866274128,0,0,9.31999999993042,34.5051851851156,7,20,0,25.1851851851852,Landing
1000.63248990177,0,0,9.31999999993042,33.0237037036341,7,20,0,23.7037037037037,Landing
1001.12631706226,0,0,9.31999999993042,31.5422222221526,7,20,0,22.2222222222222,Landing
1001.62014422276,0,0,9.31999999993042,30.0607407406712,7,20,0,20.7407407407407,Landing
1002.11397138325,0,0,9.31999999993042,28.5792592591897,7,20,0,19.2592592592592,Landing
1002.60779854375,0,0,9.31999999993042,27.0977777777082,7,20,0,17.7777777777778,Landing
1003.10162570424,0,0,9.31999999993042,25.6162962962267,7,20,0,16.2962962962963,Landing
1003.59545286473,0,0,9.31999999993042,24.1348148147452,7,20,0,14.8148148148148,Landing
1004.08928002523,0,0,9.31999999993042,22.6533333332637,7,20,0,13.3333333333333,Landing
1004.58310718572,0,0,9.31999999993042,21.1718518517823,7,20,0,11.8518518518518,Landing
1005.07693434622,0,0,9.31999999993042,19.6903703703008,7,20,0,10.3703703703704,Landing
1005.57076150671,0,0,9.31999999993042,18.2088888888193,7,20,0,8.88888888888888,Landing
1006.0645886672,0,0,9.31999999993042,16.7274074073378,7,20,0,7.4074074074074,Landing
1006.5584158277,0,0,9.31999999993042,15.2459259258563,7,20,0,5.92592592592592,Landing
1007.05224298819,0,0,9.31999999993042,13.7644444443749,7,20,0,4.44444444444444,Landing
1007.54607014868,0,0,9.31999999993042,12.2829629628934,7,20,0,2.96296296296295,Landing
1008.03989730918,0,0,9.31999999993042,10.8014814814119,7,20,0,1.48148148148147,Landing
1008.53372446967,0,0,9.31999999993042,9.31999999993042,7,20,0,-7.105427357601e-15,Landing
